barcode,source,condition,cell_type_raw,cell_type,lineage,grpo_endo,split
ACTTACTCATGTAGTC-5891STDY8062351,atlas,He22,Pericyte,Pericyte,Myofibro & SMC,True,train
ATTCTACAGAGGGATA-5891STDY8062351,atlas,He22,Pericyte,Pericyte,Myofibro & SMC,True,test
CACATTTGTTACGTCA-5891STDY8062351,atlas,He22,Pericyte,Pericyte,Myofibro & SMC,True,train
CAGCAGCTCTTTCCTC-5891STDY8062351,atlas,He22,Pericyte,Pericyte,Myofibro & SMC,True,test
CAGCTGGCAATCGGTT-5891STDY8062351,atlas,He22,Pericyte,Pericyte,Myofibro & SMC,True,train
CGTCACTCAGATAATG-5891STDY8062351,atlas,He22,Pericyte,Pericyte,Myofibro & SMC,True,train
CGTCCATTCTCTGCTG-5891STDY8062351,atlas,He22,Pericyte,Pericyte,Myofibro & SMC,True,train
CTCTGGTTCATGTAGC-5891STDY8062351,atlas,He22,Pericyte,Pericyte,Myofibro & SMC,True,test
GACGTGCAGTGGTCCC-5891STDY8062351,atlas,He22,Pericyte,Pericyte,Myofibro & SMC,True,test
GAGGTGAGTATAGTAG-5891STDY8062351,atlas,He22,Pericyte,Pericyte,Myofibro & SMC,True,train
GATGAAAAGCCCAACC-5891STDY8062351,atlas,He22,Pericyte,Pericyte,Myofibro & SMC,True,test
GGGTTGCAGAATGTGT-5891STDY8062351,atlas,He22,Pericyte,Pericyte,Myofibro & SMC,True,train
GTCGGGTGTAAGAGAG-5891STDY8062351,atlas,He22,Pericyte,Pericyte,Myofibro & SMC,True,train
TACAGTGAGCCACGCT-5891STDY8062351,atlas,He22,Pericyte,Pericyte,Myofibro & SMC,True,train
TGCTGCTTCTGAAAGA-5891STDY8062351,atlas,He22,Pericyte,Pericyte,Myofibro & SMC,True,train
AACACGTTCCTAGGGC-WSSS_F_LNG8713178,atlas,He22,Pericyte,Pericyte,Myofibro & SMC,True,train
AACTCAGCATGATCCA-WSSS_F_LNG8713178,atlas,He22,Pericyte,Pericyte,Myofibro & SMC,True,train
AACTCCCTCTCAACTT-WSSS_F_LNG8713178,atlas,He22,Pericyte,Pericyte,Myofibro & SMC,True,test
AAGACCTTCGATCCCT-WSSS_F_LNG8713178,atlas,He22,Pericyte,Pericyte,Myofibro & SMC,True,train
AAGGCAGAGAAACGCC-WSSS_F_LNG8713178,atlas,He22,Pericyte,Pericyte,Myofibro & SMC,True,test
AAGGCAGCAGACGCCT-WSSS_F_LNG8713178,atlas,He22,Pericyte,Pericyte,Myofibro & SMC,True,train
AAGGCAGTCTAACCGA-WSSS_F_LNG8713178,atlas,He22,Pericyte,Pericyte,Myofibro & SMC,True,train
ACACCCTTCACTTATC-WSSS_F_LNG8713178,atlas,He22,Pericyte,Pericyte,Myofibro & SMC,True,train
ACACCGGGTGAGCGAT-WSSS_F_LNG8713178,atlas,He22,Pericyte,Pericyte,Myofibro & SMC,True,test
ACGAGCCGTGTGACCC-WSSS_F_LNG8713178,atlas,He22,Pericyte,Pericyte,Myofibro & SMC,True,train
ACGAGGACAGACTCGC-WSSS_F_LNG8713178,atlas,He22,Pericyte,Pericyte,Myofibro & SMC,True,train
ACGGCCAGTGTGAAAT-WSSS_F_LNG8713178,atlas,He22,Pericyte,Pericyte,Myofibro & SMC,True,test
ACTATCTCAACTTGAC-WSSS_F_LNG8713178,atlas,He22,Pericyte,Pericyte,Myofibro & SMC,True,train
ACTGAACTCATCACCC-WSSS_F_LNG8713178,atlas,He22,Pericyte,Pericyte,Myofibro & SMC,True,train
ACTTTCATCACTGGGC-WSSS_F_LNG8713178,atlas,He22,Pericyte,Pericyte,Myofibro & SMC,True,test
AGCTCCTCACCACCAG-WSSS_F_LNG8713178,atlas,He22,Pericyte,Pericyte,Myofibro & SMC,True,train
AGCTCCTTCTCGTATT-WSSS_F_LNG8713178,atlas,He22,Pericyte,Pericyte,Myofibro & SMC,True,test
AGGTCCGAGCACGCCT-WSSS_F_LNG8713178,atlas,He22,Pericyte,Pericyte,Myofibro & SMC,True,train
ATCCACCCAGGTGCCT-WSSS_F_LNG8713178,atlas,He22,Pericyte,Pericyte,Myofibro & SMC,True,train
ATGCGATGTTTGTTTC-WSSS_F_LNG8713178,atlas,He22,Pericyte,Pericyte,Myofibro & SMC,True,test
ATTATCCTCACATACG-WSSS_F_LNG8713178,atlas,He22,Pericyte,Pericyte,Myofibro & SMC,True,train
CAACTAGTCCGTAGTA-WSSS_F_LNG8713178,atlas,He22,Pericyte,Pericyte,Myofibro & SMC,True,train
CAAGGCCGTGACCAAG-WSSS_F_LNG8713178,atlas,He22,Pericyte,Pericyte,Myofibro & SMC,True,test
CACAAACTCACAATGC-WSSS_F_LNG8713178,atlas,He22,Pericyte,Pericyte,Myofibro & SMC,True,train
CACAGTAGTTGGGACA-WSSS_F_LNG8713178,atlas,He22,Pericyte,Pericyte,Myofibro & SMC,True,train
CATGACAGTACCGCTG-WSSS_F_LNG8713178,atlas,He22,Pericyte,Pericyte,Myofibro & SMC,True,train
CATTATCGTCTGATCA-WSSS_F_LNG8713178,atlas,He22,Pericyte,Pericyte,Myofibro & SMC,True,train
CCAATCCGTAGCGCTC-WSSS_F_LNG8713178,atlas,He22,Pericyte,Pericyte,Myofibro & SMC,True,train
CCACTACCACCGAATT-WSSS_F_LNG8713178,atlas,He22,Pericyte,Pericyte,Myofibro & SMC,True,train
CCGTGGAGTTATCCGA-WSSS_F_LNG8713178,atlas,He22,Pericyte,Pericyte,Myofibro & SMC,True,test
CGATCGGAGAGGTAGA-WSSS_F_LNG8713178,atlas,He22,Pericyte,Pericyte,Myofibro & SMC,True,train
CGCGGTACATGTTCCC-WSSS_F_LNG8713178,atlas,He22,Pericyte,Pericyte,Myofibro & SMC,True,train
CGGAGTCCAAGTTAAG-WSSS_F_LNG8713178,atlas,He22,Pericyte,Pericyte,Myofibro & SMC,True,train
CGGGTCACACACCGCA-WSSS_F_LNG8713178,atlas,He22,Pericyte,Pericyte,Myofibro & SMC,True,train
CGTGTAAAGAGACTAT-WSSS_F_LNG8713178,atlas,He22,Pericyte,Pericyte,Myofibro & SMC,True,train
CGTTGGGAGTAACCCT-WSSS_F_LNG8713178,atlas,He22,Pericyte,Pericyte,Myofibro & SMC,True,train
CTAACTTTCAGTTGAC-WSSS_F_LNG8713178,atlas,He22,Pericyte,Pericyte,Myofibro & SMC,True,train
CTACCCATCGGGAGTA-WSSS_F_LNG8713178,atlas,He22,Pericyte,Pericyte,Myofibro & SMC,True,train
CTACGTCTCAGGCGAA-WSSS_F_LNG8713178,atlas,He22,Pericyte,Pericyte,Myofibro & SMC,True,test
CTAGCCTAGACAAAGG-WSSS_F_LNG8713178,atlas,He22,Pericyte,Pericyte,Myofibro & SMC,True,train
CTAGTGATCCACTGGG-WSSS_F_LNG8713178,atlas,He22,Pericyte,Pericyte,Myofibro & SMC,True,test
CTCACACGTACCGGCT-WSSS_F_LNG8713178,atlas,He22,Pericyte,Pericyte,Myofibro & SMC,True,train
CTCGAAAGTCAGGACA-WSSS_F_LNG8713178,atlas,He22,Pericyte,Pericyte,Myofibro & SMC,True,train
CTCGTACCAGACGCAA-WSSS_F_LNG8713178,atlas,He22,Pericyte,Pericyte,Myofibro & SMC,True,train
CTCGTCAAGGTCATCT-WSSS_F_LNG8713178,atlas,He22,Pericyte,Pericyte,Myofibro & SMC,True,train
CTGATAGAGTTAACGA-WSSS_F_LNG8713178,atlas,He22,Pericyte,Pericyte,Myofibro & SMC,True,train
CTGCGGATCCGTTGCT-WSSS_F_LNG8713178,atlas,He22,Pericyte,Pericyte,Myofibro & SMC,True,train
CTTACCGTCCGTCATC-WSSS_F_LNG8713178,atlas,He22,Pericyte,Pericyte,Myofibro & SMC,True,train
CTTGGCTCACAGTCGC-WSSS_F_LNG8713178,atlas,He22,Pericyte,Pericyte,Myofibro & SMC,True,train
GAAACTCTCACCCTCA-WSSS_F_LNG8713178,atlas,He22,Pericyte,Pericyte,Myofibro & SMC,True,train
GACCTGGGTCAACATC-WSSS_F_LNG8713178,atlas,He22,Pericyte,Pericyte,Myofibro & SMC,True,test
GACTACAAGGATCGCA-WSSS_F_LNG8713178,atlas,He22,Pericyte,Pericyte,Myofibro & SMC,True,train
GAGCAGACAGTATAAG-WSSS_F_LNG8713178,atlas,He22,Pericyte,Pericyte,Myofibro & SMC,True,train
GAGTCCGTCATTATCC-WSSS_F_LNG8713178,atlas,He22,Pericyte,Pericyte,Myofibro & SMC,True,test
GATCAGTTCTGTTGAG-WSSS_F_LNG8713178,atlas,He22,Pericyte,Pericyte,Myofibro & SMC,True,test
GATCGCGTCCCACTTG-WSSS_F_LNG8713178,atlas,He22,Pericyte,Pericyte,Myofibro & SMC,True,train
GATGAAAAGTTTAGGA-WSSS_F_LNG8713178,atlas,He22,Pericyte,Pericyte,Myofibro & SMC,True,train
GCGCCAACAAGCGCTC-WSSS_F_LNG8713178,atlas,He22,Pericyte,Pericyte,Myofibro & SMC,True,train
GCTTGAACAGCTCGCA-WSSS_F_LNG8713178,atlas,He22,Pericyte,Pericyte,Myofibro & SMC,True,train
GGAATAACATACGCCG-WSSS_F_LNG8713178,atlas,He22,Pericyte,Pericyte,Myofibro & SMC,True,train
GGCTCGATCACCATAG-WSSS_F_LNG8713178,atlas,He22,Pericyte,Pericyte,Myofibro & SMC,True,train
GGGATGATCCGCAGTG-WSSS_F_LNG8713178,atlas,He22,Pericyte,Pericyte,Myofibro & SMC,True,test
GGTATTGAGCGCCTTG-WSSS_F_LNG8713178,atlas,He22,Pericyte,Pericyte,Myofibro & SMC,True,train
GGTGTTACAAGTAATG-WSSS_F_LNG8713178,atlas,He22,Pericyte,Pericyte,Myofibro & SMC,True,train
GTAGTCAGTTGGGACA-WSSS_F_LNG8713178,atlas,He22,Pericyte,Pericyte,Myofibro & SMC,True,train
GTCAAGTGTTGTGGCC-WSSS_F_LNG8713178,atlas,He22,Pericyte,Pericyte,Myofibro & SMC,True,train
GTCGGGTTCCTACAGA-WSSS_F_LNG8713178,atlas,He22,Pericyte,Pericyte,Myofibro & SMC,True,train
GTGTGCGAGTACTTGC-WSSS_F_LNG8713178,atlas,He22,Pericyte,Pericyte,Myofibro & SMC,True,train
GTGTGCGCAATTCCTT-WSSS_F_LNG8713178,atlas,He22,Pericyte,Pericyte,Myofibro & SMC,True,train
GTTCTCGCACTTAAGC-WSSS_F_LNG8713178,atlas,He22,Pericyte,Pericyte,Myofibro & SMC,True,train
TAAGAGAGTAATTGGA-WSSS_F_LNG8713178,atlas,He22,Pericyte,Pericyte,Myofibro & SMC,True,train
TACTTACGTTGAGGTG-WSSS_F_LNG8713178,atlas,He22,Pericyte,Pericyte,Myofibro & SMC,True,train
TAGTGGTCAGCTCCGA-WSSS_F_LNG8713178,atlas,He22,Pericyte,Pericyte,Myofibro & SMC,True,test
TCAACGACATTTGCTT-WSSS_F_LNG8713178,atlas,He22,Pericyte,Pericyte,Myofibro & SMC,True,train
TCAATCTCAGGACGTA-WSSS_F_LNG8713178,atlas,He22,Pericyte,Pericyte,Myofibro & SMC,True,train
TCACGAAGTCTGCGGT-WSSS_F_LNG8713178,atlas,He22,Pericyte,Pericyte,Myofibro & SMC,True,train
TCAGATGAGGTACTCT-WSSS_F_LNG8713178,atlas,He22,Pericyte,Pericyte,Myofibro & SMC,True,train
TCGAGGCAGTGGAGAA-WSSS_F_LNG8713178,atlas,He22,Pericyte,Pericyte,Myofibro & SMC,True,train
TCGGTAATCAGCTCTC-WSSS_F_LNG8713178,atlas,He22,Pericyte,Pericyte,Myofibro & SMC,True,train
TGAGCCGGTACCGCTG-WSSS_F_LNG8713178,atlas,He22,Pericyte,Pericyte,Myofibro & SMC,True,test
TGCGGGTTCGAATGGG-WSSS_F_LNG8713178,atlas,He22,Pericyte,Pericyte,Myofibro & SMC,True,train
TGTTCCGCACGGCTAC-WSSS_F_LNG8713178,atlas,He22,Pericyte,Pericyte,Myofibro & SMC,True,train
TTCTCCTCAAGCGTAG-WSSS_F_LNG8713178,atlas,He22,Pericyte,Pericyte,Myofibro & SMC,True,train
TTCTTAGCATGGGACA-WSSS_F_LNG8713178,atlas,He22,Pericyte,Pericyte,Myofibro & SMC,True,train
TTTCCTCTCAAACCAC-WSSS_F_LNG8713178,atlas,He22,Pericyte,Pericyte,Myofibro & SMC,True,train
TTTGGTTAGTGACATA-WSSS_F_LNG8713178,atlas,He22,Pericyte,Pericyte,Myofibro & SMC,True,test
AAACGGGAGCCCTAAT-WSSS_F_LNG8713179,atlas,He22,Pericyte,Pericyte,Myofibro & SMC,True,test
AAACGGGTCCGTAGTA-WSSS_F_LNG8713179,atlas,He22,Pericyte,Pericyte,Myofibro & SMC,True,train
AACCATGGTGAGGCTA-WSSS_F_LNG8713179,atlas,He22,Pericyte,Pericyte,Myofibro & SMC,True,train
AAGACCTTCCCATTTA-WSSS_F_LNG8713179,atlas,He22,Pericyte,Pericyte,Myofibro & SMC,True,train
ACACTGAGTCCTCTTG-WSSS_F_LNG8713179,atlas,He22,Pericyte,Pericyte,Myofibro & SMC,True,train
ACATGGTTCATGGTCA-WSSS_F_LNG8713179,atlas,He22,Pericyte,Pericyte,Myofibro & SMC,True,train
ACGGCCACACATGACT-WSSS_F_LNG8713179,atlas,He22,Pericyte,Pericyte,Myofibro & SMC,True,train
ACTGAACAGTACCGGA-WSSS_F_LNG8713179,atlas,He22,Pericyte,Pericyte,Myofibro & SMC,True,train
ACTGTCCCAGCCTTTC-WSSS_F_LNG8713179,atlas,He22,Pericyte,Pericyte,Myofibro & SMC,True,train
ACTTACTAGGGTGTTG-WSSS_F_LNG8713179,atlas,He22,Pericyte,Pericyte,Myofibro & SMC,True,train
AGCCTAACAGACACTT-WSSS_F_LNG8713179,atlas,He22,Pericyte,Pericyte,Myofibro & SMC,True,train
AGCGGTCAGAGGGATA-WSSS_F_LNG8713179,atlas,He22,Pericyte,Pericyte,Myofibro & SMC,True,train
AGTTGGTTCCATGAAC-WSSS_F_LNG8713179,atlas,He22,Pericyte,Pericyte,Myofibro & SMC,True,test
ATCCACCGTCAAAGAT-WSSS_F_LNG8713179,atlas,He22,Pericyte,Pericyte,Myofibro & SMC,True,train
CAACTAGAGGCCCGTT-WSSS_F_LNG8713179,atlas,He22,Pericyte,Pericyte,Myofibro & SMC,True,train
CACATAGAGACAGACC-WSSS_F_LNG8713179,atlas,He22,Pericyte,Pericyte,Myofibro & SMC,True,test
CACCAGGTCGCAAACT-WSSS_F_LNG8713179,atlas,He22,Pericyte,Pericyte,Myofibro & SMC,True,train
CAGCATAAGTCGCCGT-WSSS_F_LNG8713179,atlas,He22,Pericyte,Pericyte,Myofibro & SMC,True,train
CAGCTGGCATATGAGA-WSSS_F_LNG8713179,atlas,He22,Pericyte,Pericyte,Myofibro & SMC,True,test
CATTATCAGAGGGCTT-WSSS_F_LNG8713179,atlas,He22,Pericyte,Pericyte,Myofibro & SMC,True,train
CCACTACGTGAAAGAG-WSSS_F_LNG8713179,atlas,He22,Pericyte,Pericyte,Myofibro & SMC,True,train
CCACTACGTGTTAAGA-WSSS_F_LNG8713179,atlas,He22,Pericyte,Pericyte,Myofibro & SMC,True,train
CCATGTCCATTCTTAC-WSSS_F_LNG8713179,atlas,He22,Pericyte,Pericyte,Myofibro & SMC,True,train
CCATTCGCAATCAGAA-WSSS_F_LNG8713179,atlas,He22,Pericyte,Pericyte,Myofibro & SMC,True,train
CCCAATCGTGCCTTGG-WSSS_F_LNG8713179,atlas,He22,Pericyte,Pericyte,Myofibro & SMC,True,train
CCCAGTTGTTTAAGCC-WSSS_F_LNG8713179,atlas,He22,Pericyte,Pericyte,Myofibro & SMC,True,train
CCGGGATCAGCTTCGG-WSSS_F_LNG8713179,atlas,He22,Pericyte,Pericyte,Myofibro & SMC,True,train
CCGTACTTCTAACTCT-WSSS_F_LNG8713179,atlas,He22,Pericyte,Pericyte,Myofibro & SMC,True,train
CCTATTACATGACGGA-WSSS_F_LNG8713179,atlas,He22,Pericyte,Pericyte,Myofibro & SMC,True,valid
CCTCTGACATGCGCAC-WSSS_F_LNG8713179,atlas,He22,Pericyte,Pericyte,Myofibro & SMC,True,train
CCTTTCTCAGGGCATA-WSSS_F_LNG8713179,atlas,He22,Pericyte,Pericyte,Myofibro & SMC,True,train
CGCCAAGGTCTGGAGA-WSSS_F_LNG8713179,atlas,He22,Pericyte,Pericyte,Myofibro & SMC,True,test
CGCCAAGTCCCTCAGT-WSSS_F_LNG8713179,atlas,He22,Pericyte,Pericyte,Myofibro & SMC,True,train
CGCGGTAAGCGTCTAT-WSSS_F_LNG8713179,atlas,He22,Pericyte,Pericyte,Myofibro & SMC,True,train
CGCTATCCAATCTGCA-WSSS_F_LNG8713179,atlas,He22,Pericyte,Pericyte,Myofibro & SMC,True,train
CGCTTCAAGTTGTCGT-WSSS_F_LNG8713179,atlas,He22,Pericyte,Pericyte,Myofibro & SMC,True,train
CGGACACCATACGCCG-WSSS_F_LNG8713179,atlas,He22,Pericyte,Pericyte,Myofibro & SMC,True,train
CGGACACGTGGACGAT-WSSS_F_LNG8713179,atlas,He22,Pericyte,Pericyte,Myofibro & SMC,True,train
CGGACACTCGGCTACG-WSSS_F_LNG8713179,atlas,He22,Pericyte,Pericyte,Myofibro & SMC,True,train
CGGACGTAGCTGCCCA-WSSS_F_LNG8713179,atlas,He22,Pericyte,Pericyte,Myofibro & SMC,True,train
CGGCTAGGTGGTGTAG-WSSS_F_LNG8713179,atlas,He22,Pericyte,Pericyte,Myofibro & SMC,True,train
CGTGAGCTCAACACAC-WSSS_F_LNG8713179,atlas,He22,Pericyte,Pericyte,Myofibro & SMC,True,train
CGTGTAATCTCGTATT-WSSS_F_LNG8713179,atlas,He22,Pericyte,Pericyte,Myofibro & SMC,True,train
CGTGTCTAGCGTGTCC-WSSS_F_LNG8713179,atlas,He22,Pericyte,Pericyte,Myofibro & SMC,True,train
CTAAGACCAGAAGCAC-WSSS_F_LNG8713179,atlas,He22,Pericyte,Pericyte,Myofibro & SMC,True,train
CTGATCCGTTCCGGCA-WSSS_F_LNG8713179,atlas,He22,Pericyte,Pericyte,Myofibro & SMC,True,test
CTGTTTAAGGGAAACA-WSSS_F_LNG8713179,atlas,He22,Pericyte,Pericyte,Myofibro & SMC,True,train
CTTTGCGGTTGCGCAC-WSSS_F_LNG8713179,atlas,He22,Pericyte,Pericyte,Myofibro & SMC,True,train
GAACATCCACATTTCT-WSSS_F_LNG8713179,atlas,He22,Pericyte,Pericyte,Myofibro & SMC,True,train
GAATAAGCACACTGCG-WSSS_F_LNG8713179,atlas,He22,Pericyte,Pericyte,Myofibro & SMC,True,train
GCCTCTATCTCTAAGG-WSSS_F_LNG8713179,atlas,He22,Pericyte,Pericyte,Myofibro & SMC,True,test
GCGACCAGTAGCACGA-WSSS_F_LNG8713179,atlas,He22,Pericyte,Pericyte,Myofibro & SMC,True,train
GCGCCAAAGACCTAGG-WSSS_F_LNG8713179,atlas,He22,Pericyte,Pericyte,Myofibro & SMC,True,train
GCGCGATTCCACGTGG-WSSS_F_LNG8713179,atlas,He22,Pericyte,Pericyte,Myofibro & SMC,True,train
GCTGCAGTCTTGGGTA-WSSS_F_LNG8713179,atlas,He22,Pericyte,Pericyte,Myofibro & SMC,True,train
GGACAGACAATAGAGT-WSSS_F_LNG8713179,atlas,He22,Pericyte,Pericyte,Myofibro & SMC,True,test
GGGACCTAGATGTGGC-WSSS_F_LNG8713179,atlas,He22,Pericyte,Pericyte,Myofibro & SMC,True,test
GGGTCTGTCTAACTTC-WSSS_F_LNG8713179,atlas,He22,Pericyte,Pericyte,Myofibro & SMC,True,train
GGTGAAGCAGCTGTTA-WSSS_F_LNG8713179,atlas,He22,Pericyte,Pericyte,Myofibro & SMC,True,train
GTCGGGTCACCGTTGG-WSSS_F_LNG8713179,atlas,He22,Pericyte,Pericyte,Myofibro & SMC,True,train
GTCTCGTGTTGAGGTG-WSSS_F_LNG8713179,atlas,He22,Pericyte,Pericyte,Myofibro & SMC,True,train
GTGCTTCCAGCCAGAA-WSSS_F_LNG8713179,atlas,He22,Pericyte,Pericyte,Myofibro & SMC,True,train
GTGTTAGAGTTTAGGA-WSSS_F_LNG8713179,atlas,He22,Pericyte,Pericyte,Myofibro & SMC,True,train
GTTTCTATCGACGGAA-WSSS_F_LNG8713179,atlas,He22,Pericyte,Pericyte,Myofibro & SMC,True,train
TACACGACACATTCGA-WSSS_F_LNG8713179,atlas,He22,Pericyte,Pericyte,Myofibro & SMC,True,train
TACCTATTCTGCGTAA-WSSS_F_LNG8713179,atlas,He22,Pericyte,Pericyte,Myofibro & SMC,True,train
TACTTGTGTAGCACGA-WSSS_F_LNG8713179,atlas,He22,Pericyte,Pericyte,Myofibro & SMC,True,test
TAGAGCTAGTCCATAC-WSSS_F_LNG8713179,atlas,He22,Pericyte,Pericyte,Myofibro & SMC,True,train
TAGGCATCACGTTGGC-WSSS_F_LNG8713179,atlas,He22,Pericyte,Pericyte,Myofibro & SMC,True,train
TAGTTGGAGATCTGAA-WSSS_F_LNG8713179,atlas,He22,Pericyte,Pericyte,Myofibro & SMC,True,train
TATGCCCAGGGTTCCC-WSSS_F_LNG8713179,atlas,He22,Pericyte,Pericyte,Myofibro & SMC,True,train
TCAGCAATCGCAAACT-WSSS_F_LNG8713179,atlas,He22,Pericyte,Pericyte,Myofibro & SMC,True,train
TCTTTCCCACAAGTAA-WSSS_F_LNG8713179,atlas,He22,Pericyte,Pericyte,Myofibro & SMC,True,train
TGACGGCAGAATGTTG-WSSS_F_LNG8713179,atlas,He22,Pericyte,Pericyte,Myofibro & SMC,True,train
TGACGGCAGATATACG-WSSS_F_LNG8713179,atlas,He22,Pericyte,Pericyte,Myofibro & SMC,True,train
TGGCCAGCATGAAGTA-WSSS_F_LNG8713179,atlas,He22,Pericyte,Pericyte,Myofibro & SMC,True,train
TGGTTCCTCGCTTAGA-WSSS_F_LNG8713179,atlas,He22,Pericyte,Pericyte,Myofibro & SMC,True,train
TGTGTTTTCACGATGT-WSSS_F_LNG8713179,atlas,He22,Pericyte,Pericyte,Myofibro & SMC,True,train
TGTTCCGTCTTGCCGT-WSSS_F_LNG8713179,atlas,He22,Pericyte,Pericyte,Myofibro & SMC,True,train
TTATGCTTCACCGTAA-WSSS_F_LNG8713179,atlas,He22,Pericyte,Pericyte,Myofibro & SMC,True,train
TTTACTGTCGTTTATC-WSSS_F_LNG8713179,atlas,He22,Pericyte,Pericyte,Myofibro & SMC,True,train
AACGTTGCAAAGCAAT-WSSS_F_LNG8713180,atlas,He22,Pericyte,Pericyte,Myofibro & SMC,True,train
AACTCAGGTCTGGAGA-WSSS_F_LNG8713180,atlas,He22,Pericyte,Pericyte,Myofibro & SMC,True,train
AACTCCCAGCTCTCGG-WSSS_F_LNG8713180,atlas,He22,Pericyte,Pericyte,Myofibro & SMC,True,test
AAGACCTTCACGAAGG-WSSS_F_LNG8713180,atlas,He22,Pericyte,Pericyte,Myofibro & SMC,True,train
AAGCCGCAGCGTCAAG-WSSS_F_LNG8713180,atlas,He22,Pericyte,Pericyte,Myofibro & SMC,True,train
AATCCAGAGCAGCCTC-WSSS_F_LNG8713180,atlas,He22,Pericyte,Pericyte,Myofibro & SMC,True,test
AATCGGTTCGGAAACG-WSSS_F_LNG8713180,atlas,He22,Pericyte,Pericyte,Myofibro & SMC,True,train
ACAGCCGGTAAGCACG-WSSS_F_LNG8713180,atlas,He22,Pericyte,Pericyte,Myofibro & SMC,True,test
ACAGCTATCTCGCTTG-WSSS_F_LNG8713180,atlas,He22,Pericyte,Pericyte,Myofibro & SMC,True,train
ACCAGTAAGCACCGTC-WSSS_F_LNG8713180,atlas,He22,Pericyte,Pericyte,Myofibro & SMC,True,test
ACGATACCAGTTCATG-WSSS_F_LNG8713180,atlas,He22,Pericyte,Pericyte,Myofibro & SMC,True,train
ACGCCAGCACGCATCG-WSSS_F_LNG8713180,atlas,He22,Pericyte,Pericyte,Myofibro & SMC,True,train
ACGGCCACAACTTGAC-WSSS_F_LNG8713180,atlas,He22,Pericyte,Pericyte,Myofibro & SMC,True,train
ACGGCCATCAACGGCC-WSSS_F_LNG8713180,atlas,He22,Pericyte,Pericyte,Myofibro & SMC,True,train
ACGGGTCCACGCATCG-WSSS_F_LNG8713180,atlas,He22,Pericyte,Pericyte,Myofibro & SMC,True,test
ACGTCAAGTTCCAACA-WSSS_F_LNG8713180,atlas,He22,Pericyte,Pericyte,Myofibro & SMC,True,train
ACTATCTGTTGGACCC-WSSS_F_LNG8713180,atlas,He22,Pericyte,Pericyte,Myofibro & SMC,True,train
ACTGAACCAGTCGATT-WSSS_F_LNG8713180,atlas,He22,Pericyte,Pericyte,Myofibro & SMC,True,train
ACTGAGTGTTTACTCT-WSSS_F_LNG8713180,atlas,He22,Pericyte,Pericyte,Myofibro & SMC,True,train
ACTGCTCTCCTAGTGA-WSSS_F_LNG8713180,atlas,He22,Pericyte,Pericyte,Myofibro & SMC,True,train
AGCGTATAGAGGGATA-WSSS_F_LNG8713180,atlas,He22,Pericyte,Pericyte,Myofibro & SMC,True,train
AGGCCACTCCGAAGAG-WSSS_F_LNG8713180,atlas,He22,Pericyte,Pericyte,Myofibro & SMC,True,train
AGTGGGACAGCCAATT-WSSS_F_LNG8713180,atlas,He22,Pericyte,Pericyte,Myofibro & SMC,True,train
AGTGGGACAGTTCATG-WSSS_F_LNG8713180,atlas,He22,Pericyte,Pericyte,Myofibro & SMC,True,train
AGTGTCAAGGAGTCTG-WSSS_F_LNG8713180,atlas,He22,Pericyte,Pericyte,Myofibro & SMC,True,train
ATCACGAGTACTTAGC-WSSS_F_LNG8713180,atlas,He22,Pericyte,Pericyte,Myofibro & SMC,True,test
ATCCACCTCACCATAG-WSSS_F_LNG8713180,atlas,He22,Pericyte,Pericyte,Myofibro & SMC,True,train
ATGCGATAGACTAAGT-WSSS_F_LNG8713180,atlas,He22,Pericyte,Pericyte,Myofibro & SMC,True,train
ATTATCCTCTATCCTA-WSSS_F_LNG8713180,atlas,He22,Pericyte,Pericyte,Myofibro & SMC,True,train
ATTTCTGGTTCCACGG-WSSS_F_LNG8713180,atlas,He22,Pericyte,Pericyte,Myofibro & SMC,True,train
CAACCTCTCACGACTA-WSSS_F_LNG8713180,atlas,He22,Pericyte,Pericyte,Myofibro & SMC,True,train
CAAGAAAAGCGGATCA-WSSS_F_LNG8713180,atlas,He22,Pericyte,Pericyte,Myofibro & SMC,True,train
CAAGATCGTTCGTTGA-WSSS_F_LNG8713180,atlas,He22,Pericyte,Pericyte,Myofibro & SMC,True,train
CACAAACCATCATCCC-WSSS_F_LNG8713180,atlas,He22,Pericyte,Pericyte,Myofibro & SMC,True,train
CACAGGCCATTGGCGC-WSSS_F_LNG8713180,atlas,He22,Pericyte,Pericyte,Myofibro & SMC,True,train
CACAGGCGTAGAGTGC-WSSS_F_LNG8713180,atlas,He22,Pericyte,Pericyte,Myofibro & SMC,True,train
CACCAGGCAAGCCATT-WSSS_F_LNG8713180,atlas,He22,Pericyte,Pericyte,Myofibro & SMC,True,train
CAGATCAAGCTGGAAC-WSSS_F_LNG8713180,atlas,He22,Pericyte,Pericyte,Myofibro & SMC,True,train
CAGCAGCTCTCCAACC-WSSS_F_LNG8713180,atlas,He22,Pericyte,Pericyte,Myofibro & SMC,True,test
CAGCTAAAGGGTATCG-WSSS_F_LNG8713180,atlas,He22,Pericyte,Pericyte,Myofibro & SMC,True,train
CAGGTGCAGATCTGAA-WSSS_F_LNG8713180,atlas,He22,Pericyte,Pericyte,Myofibro & SMC,True,train
CAGGTGCCAATTGCTG-WSSS_F_LNG8713180,atlas,He22,Pericyte,Pericyte,Myofibro & SMC,True,train
CAGTAACCAGGTCCAC-WSSS_F_LNG8713180,atlas,He22,Pericyte,Pericyte,Myofibro & SMC,True,train
CATATGGGTCCCGACA-WSSS_F_LNG8713180,atlas,He22,Pericyte,Pericyte,Myofibro & SMC,True,train
CATATGGTCGGAATCT-WSSS_F_LNG8713180,atlas,He22,Pericyte,Pericyte,Myofibro & SMC,True,train
CATATTCGTCCTCCAT-WSSS_F_LNG8713180,atlas,He22,Pericyte,Pericyte,Myofibro & SMC,True,train
CATATTCTCGTCACGG-WSSS_F_LNG8713180,atlas,He22,Pericyte,Pericyte,Myofibro & SMC,True,train
CATCGAACATTCCTCG-WSSS_F_LNG8713180,atlas,He22,Pericyte,Pericyte,Myofibro & SMC,True,train
CATGACACAAGAAAGG-WSSS_F_LNG8713180,atlas,He22,Pericyte,Pericyte,Myofibro & SMC,True,train
CATGACACACTAGTAC-WSSS_F_LNG8713180,atlas,He22,Pericyte,Pericyte,Myofibro & SMC,True,train
CATGCCTGTCAGATAA-WSSS_F_LNG8713180,atlas,He22,Pericyte,Pericyte,Myofibro & SMC,True,train
CATGCCTGTTTGACTG-WSSS_F_LNG8713180,atlas,He22,Pericyte,Pericyte,Myofibro & SMC,True,train
CATTATCTCCCATTAT-WSSS_F_LNG8713180,atlas,He22,Pericyte,Pericyte,Myofibro & SMC,True,test
CATTCGCCACTTACGA-WSSS_F_LNG8713180,atlas,He22,Pericyte,Pericyte,Myofibro & SMC,True,train
CCATTCGGTAGAAAGG-WSSS_F_LNG8713180,atlas,He22,Pericyte,Pericyte,Myofibro & SMC,True,train
CCCTCCTAGAAGCCCA-WSSS_F_LNG8713180,atlas,He22,Pericyte,Pericyte,Myofibro & SMC,True,test
CCGTACTAGAGACTTA-WSSS_F_LNG8713180,atlas,He22,Pericyte,Pericyte,Myofibro & SMC,True,train
CCGTACTAGGTAGCCA-WSSS_F_LNG8713180,atlas,He22,Pericyte,Pericyte,Myofibro & SMC,True,train
CCTAAAGTCAAGAAGT-WSSS_F_LNG8713180,atlas,He22,Pericyte,Pericyte,Myofibro & SMC,True,test
CCTACCACAGATGAGC-WSSS_F_LNG8713180,atlas,He22,Pericyte,Pericyte,Myofibro & SMC,True,train
CCTCTGACAACAACCT-WSSS_F_LNG8713180,atlas,He22,Pericyte,Pericyte,Myofibro & SMC,True,train
CCTTCCCAGAGTGACC-WSSS_F_LNG8713180,atlas,He22,Pericyte,Pericyte,Myofibro & SMC,True,train
CGATGGCAGATGTTAG-WSSS_F_LNG8713180,atlas,He22,Pericyte,Pericyte,Myofibro & SMC,True,train
CGATTGAGTGCTCTTC-WSSS_F_LNG8713180,atlas,He22,Pericyte,Pericyte,Myofibro & SMC,True,train
CGGACGTGTTGATTCG-WSSS_F_LNG8713180,atlas,He22,Pericyte,Pericyte,Myofibro & SMC,True,train
CGGACGTTCGGCGCTA-WSSS_F_LNG8713180,atlas,He22,Pericyte,Pericyte,Myofibro & SMC,True,train
CGGACTGCAGACGCCT-WSSS_F_LNG8713180,atlas,He22,Pericyte,Pericyte,Myofibro & SMC,True,train
CGGCTAGTCATGTGGT-WSSS_F_LNG8713180,atlas,He22,Pericyte,Pericyte,Myofibro & SMC,True,test
CGGGTCAAGGTAAACT-WSSS_F_LNG8713180,atlas,He22,Pericyte,Pericyte,Myofibro & SMC,True,train
CGGGTCATCTACTTAC-WSSS_F_LNG8713180,atlas,He22,Pericyte,Pericyte,Myofibro & SMC,True,train
CGTAGCGAGTGACTCT-WSSS_F_LNG8713180,atlas,He22,Pericyte,Pericyte,Myofibro & SMC,True,train
CGTCACTGTTTAGGAA-WSSS_F_LNG8713180,atlas,He22,Pericyte,Pericyte,Myofibro & SMC,True,train
CGTCACTTCTGTCTAT-WSSS_F_LNG8713180,atlas,He22,Pericyte,Pericyte,Myofibro & SMC,True,train
CTAAGACAGCCGTCGT-WSSS_F_LNG8713180,atlas,He22,Pericyte,Pericyte,Myofibro & SMC,True,train
CTACATTTCGGAATCT-WSSS_F_LNG8713180,atlas,He22,Pericyte,Pericyte,Myofibro & SMC,True,train
CTCGTCAAGTGCGATG-WSSS_F_LNG8713180,atlas,He22,Pericyte,Pericyte,Myofibro & SMC,True,train
CTGCCTAGTTGTCTTT-WSSS_F_LNG8713180,atlas,He22,Pericyte,Pericyte,Myofibro & SMC,True,train
CTGCGGAGTGCAGTAG-WSSS_F_LNG8713180,atlas,He22,Pericyte,Pericyte,Myofibro & SMC,True,train
CTGCTGTTCAAACAAG-WSSS_F_LNG8713180,atlas,He22,Pericyte,Pericyte,Myofibro & SMC,True,train
CTGCTGTTCAGGTAAA-WSSS_F_LNG8713180,atlas,He22,Pericyte,Pericyte,Myofibro & SMC,True,train
CTGGTCTCACAACTGT-WSSS_F_LNG8713180,atlas,He22,Pericyte,Pericyte,Myofibro & SMC,True,train
CTGTGCTTCACCTCGT-WSSS_F_LNG8713180,atlas,He22,Pericyte,Pericyte,Myofibro & SMC,True,train
CTGTGCTTCATCATTC-WSSS_F_LNG8713180,atlas,He22,Pericyte,Pericyte,Myofibro & SMC,True,train
CTGTTTAAGCTACCGC-WSSS_F_LNG8713180,atlas,He22,Pericyte,Pericyte,Myofibro & SMC,True,train
CTTGGCTTCCGTACAA-WSSS_F_LNG8713180,atlas,He22,Pericyte,Pericyte,Myofibro & SMC,True,train
CTTTGCGGTGACCAAG-WSSS_F_LNG8713180,atlas,He22,Pericyte,Pericyte,Myofibro & SMC,True,train
GAAATGAGTTCATGGT-WSSS_F_LNG8713180,atlas,He22,Pericyte,Pericyte,Myofibro & SMC,True,train
GAACCTACATAACCTG-WSSS_F_LNG8713180,atlas,He22,Pericyte,Pericyte,Myofibro & SMC,True,train
GAATGAAAGGCTATCT-WSSS_F_LNG8713180,atlas,He22,Pericyte,Pericyte,Myofibro & SMC,True,train
GACACGCCATGGGACA-WSSS_F_LNG8713180,atlas,He22,Pericyte,Pericyte,Myofibro & SMC,True,train
GACACGCTCTCGCTTG-WSSS_F_LNG8713180,atlas,He22,Pericyte,Pericyte,Myofibro & SMC,True,train
GACGGCTTCTGATTCT-WSSS_F_LNG8713180,atlas,He22,Pericyte,Pericyte,Myofibro & SMC,True,train
GAGCAGACACACAGAG-WSSS_F_LNG8713180,atlas,He22,Pericyte,Pericyte,Myofibro & SMC,True,train
GAGTCCGGTCACTGGC-WSSS_F_LNG8713180,atlas,He22,Pericyte,Pericyte,Myofibro & SMC,True,train
GAGTCCGGTTCTGGTA-WSSS_F_LNG8713180,atlas,He22,Pericyte,Pericyte,Myofibro & SMC,True,train
GATCAGTAGCGCTCCA-WSSS_F_LNG8713180,atlas,He22,Pericyte,Pericyte,Myofibro & SMC,True,train
GATCAGTAGGTTCCTA-WSSS_F_LNG8713180,atlas,He22,Pericyte,Pericyte,Myofibro & SMC,True,test
GCACATACACCGAATT-WSSS_F_LNG8713180,atlas,He22,Pericyte,Pericyte,Myofibro & SMC,True,train
GCACTCTGTACCGTTA-WSSS_F_LNG8713180,atlas,He22,Pericyte,Pericyte,Myofibro & SMC,True,test
GCATACACAATGGACG-WSSS_F_LNG8713180,atlas,He22,Pericyte,Pericyte,Myofibro & SMC,True,train
GCCAAATAGAATGTGT-WSSS_F_LNG8713180,atlas,He22,Pericyte,Pericyte,Myofibro & SMC,True,train
GCGACCATCGGTTCGG-WSSS_F_LNG8713180,atlas,He22,Pericyte,Pericyte,Myofibro & SMC,True,train
GCGCAGTAGCGTGAAC-WSSS_F_LNG8713180,atlas,He22,Pericyte,Pericyte,Myofibro & SMC,True,train
GCTGGGTTCCGCAAGC-WSSS_F_LNG8713180,atlas,He22,Pericyte,Pericyte,Myofibro & SMC,True,train
GCTTCCAAGGCATGTG-WSSS_F_LNG8713180,atlas,He22,Pericyte,Pericyte,Myofibro & SMC,True,train
GGAACTTCATCGATTG-WSSS_F_LNG8713180,atlas,He22,Pericyte,Pericyte,Myofibro & SMC,True,train
GGACGTCCAATGTTGC-WSSS_F_LNG8713180,atlas,He22,Pericyte,Pericyte,Myofibro & SMC,True,train
GGATGTTAGGCTAGCA-WSSS_F_LNG8713180,atlas,He22,Pericyte,Pericyte,Myofibro & SMC,True,train
GGCAATTGTTGCGTTA-WSSS_F_LNG8713180,atlas,He22,Pericyte,Pericyte,Myofibro & SMC,True,train
GGCCGATAGCGCTTAT-WSSS_F_LNG8713180,atlas,He22,Pericyte,Pericyte,Myofibro & SMC,True,test
GGGAATGAGGAACTGC-WSSS_F_LNG8713180,atlas,He22,Pericyte,Pericyte,Myofibro & SMC,True,train
GGGAGATGTATCACCA-WSSS_F_LNG8713180,atlas,He22,Pericyte,Pericyte,Myofibro & SMC,True,train
GGTATTGAGGCCCTCA-WSSS_F_LNG8713180,atlas,He22,Pericyte,Pericyte,Myofibro & SMC,True,train
GTAACTGCATTACGAC-WSSS_F_LNG8713180,atlas,He22,Pericyte,Pericyte,Myofibro & SMC,True,train
GTACGTACAGTATCTG-WSSS_F_LNG8713180,atlas,He22,Pericyte,Pericyte,Myofibro & SMC,True,train
GTACGTAGTCCAGTAT-WSSS_F_LNG8713180,atlas,He22,Pericyte,Pericyte,Myofibro & SMC,True,train
GTACGTAGTTCGAATC-WSSS_F_LNG8713180,atlas,He22,Pericyte,Pericyte,Myofibro & SMC,True,valid
GTAGGCCAGCGATCCC-WSSS_F_LNG8713180,atlas,He22,Pericyte,Pericyte,Myofibro & SMC,True,train
GTCAAGTTCACAAACC-WSSS_F_LNG8713180,atlas,He22,Pericyte,Pericyte,Myofibro & SMC,True,train
GTCACAATCATCGATG-WSSS_F_LNG8713180,atlas,He22,Pericyte,Pericyte,Myofibro & SMC,True,train
GTCCTCAAGTCCGTAT-WSSS_F_LNG8713180,atlas,He22,Pericyte,Pericyte,Myofibro & SMC,True,train
GTCGGGTGTGTGCGTC-WSSS_F_LNG8713180,atlas,He22,Pericyte,Pericyte,Myofibro & SMC,True,train
GTTAAGCTCCGTTGCT-WSSS_F_LNG8713180,atlas,He22,Pericyte,Pericyte,Myofibro & SMC,True,train
GTTCATTTCCCTCAGT-WSSS_F_LNG8713180,atlas,He22,Pericyte,Pericyte,Myofibro & SMC,True,train
TAAGCGTTCCGCGTTT-WSSS_F_LNG8713180,atlas,He22,Pericyte,Pericyte,Myofibro & SMC,True,test
TAGAGCTAGAAGGGTA-WSSS_F_LNG8713180,atlas,He22,Pericyte,Pericyte,Myofibro & SMC,True,train
TAGCCGGAGCAATATG-WSSS_F_LNG8713180,atlas,He22,Pericyte,Pericyte,Myofibro & SMC,True,test
TATCAGGGTTGCGCAC-WSSS_F_LNG8713180,atlas,He22,Pericyte,Pericyte,Myofibro & SMC,True,train
TATTACCAGATGGCGT-WSSS_F_LNG8713180,atlas,He22,Pericyte,Pericyte,Myofibro & SMC,True,train
TCATTACAGGGAACGG-WSSS_F_LNG8713180,atlas,He22,Pericyte,Pericyte,Myofibro & SMC,True,train
TCATTACCATTTCAGG-WSSS_F_LNG8713180,atlas,He22,Pericyte,Pericyte,Myofibro & SMC,True,train
TCATTACGTCAAACTC-WSSS_F_LNG8713180,atlas,He22,Pericyte,Pericyte,Myofibro & SMC,True,train
TCGGGACCAGTGGAGT-WSSS_F_LNG8713180,atlas,He22,Pericyte,Pericyte,Myofibro & SMC,True,train
TCGGTAAAGCTTATCG-WSSS_F_LNG8713180,atlas,He22,Pericyte,Pericyte,Myofibro & SMC,True,train
TCGGTAAGTTCCACAA-WSSS_F_LNG8713180,atlas,He22,Pericyte,Pericyte,Myofibro & SMC,True,train
TCGTACCGTTCTGTTT-WSSS_F_LNG8713180,atlas,He22,Pericyte,Pericyte,Myofibro & SMC,True,train
TCTATTGTCTCCAGGG-WSSS_F_LNG8713180,atlas,He22,Pericyte,Pericyte,Myofibro & SMC,True,train
TCTGAGATCGGATGTT-WSSS_F_LNG8713180,atlas,He22,Pericyte,Pericyte,Myofibro & SMC,True,train
TCTGGAAGTGAGCGAT-WSSS_F_LNG8713180,atlas,He22,Pericyte,Pericyte,Myofibro & SMC,True,train
TCTTTCCTCGTATCAG-WSSS_F_LNG8713180,atlas,He22,Pericyte,Pericyte,Myofibro & SMC,True,train
TGAAAGACAGATGGGT-WSSS_F_LNG8713180,atlas,He22,Pericyte,Pericyte,Myofibro & SMC,True,train
TGACGGCCAGATAATG-WSSS_F_LNG8713180,atlas,He22,Pericyte,Pericyte,Myofibro & SMC,True,test
TGACTAGTCAGCATGT-WSSS_F_LNG8713180,atlas,He22,Pericyte,Pericyte,Myofibro & SMC,True,train
TGAGCCGAGCGTAGTG-WSSS_F_LNG8713180,atlas,He22,Pericyte,Pericyte,Myofibro & SMC,True,train
TGCCCATAGCGTAGTG-WSSS_F_LNG8713180,atlas,He22,Pericyte,Pericyte,Myofibro & SMC,True,train
TGCCCTAGTCAGAAGC-WSSS_F_LNG8713180,atlas,He22,Pericyte,Pericyte,Myofibro & SMC,True,train
TGCGCAGAGCGTAATA-WSSS_F_LNG8713180,atlas,He22,Pericyte,Pericyte,Myofibro & SMC,True,train
TGCTGCTCATGCCTTC-WSSS_F_LNG8713180,atlas,He22,Pericyte,Pericyte,Myofibro & SMC,True,train
TGGCTGGAGGTACTCT-WSSS_F_LNG8713180,atlas,He22,Pericyte,Pericyte,Myofibro & SMC,True,train
TGGCTGGCATACTCTT-WSSS_F_LNG8713180,atlas,He22,Pericyte,Pericyte,Myofibro & SMC,True,train
TGGTTAGAGCGTGTCC-WSSS_F_LNG8713180,atlas,He22,Pericyte,Pericyte,Myofibro & SMC,True,train
TGTGGTATCGCGGATC-WSSS_F_LNG8713180,atlas,He22,Pericyte,Pericyte,Myofibro & SMC,True,train
TTCTACACAAAGCAAT-WSSS_F_LNG8713180,atlas,He22,Pericyte,Pericyte,Myofibro & SMC,True,train
TTCTACACAAGTTCTG-WSSS_F_LNG8713180,atlas,He22,Pericyte,Pericyte,Myofibro & SMC,True,train
TTCTACAGTATCTGCA-WSSS_F_LNG8713180,atlas,He22,Pericyte,Pericyte,Myofibro & SMC,True,train
TTCTCAAAGTTGCAGG-WSSS_F_LNG8713180,atlas,He22,Pericyte,Pericyte,Myofibro & SMC,True,train
TTCTCCTAGGACAGAA-WSSS_F_LNG8713180,atlas,He22,Pericyte,Pericyte,Myofibro & SMC,True,train
TTGCCGTAGACAGACC-WSSS_F_LNG8713180,atlas,He22,Pericyte,Pericyte,Myofibro & SMC,True,train
TTGGCAAGTGGCAAAC-WSSS_F_LNG8713180,atlas,He22,Pericyte,Pericyte,Myofibro & SMC,True,train
TTGGCAATCAAACGGG-WSSS_F_LNG8713180,atlas,He22,Pericyte,Pericyte,Myofibro & SMC,True,train
TTTGTCATCCCTAATT-WSSS_F_LNG8713180,atlas,He22,Pericyte,Pericyte,Myofibro & SMC,True,train
AAAGATGCATTCGACA-WSSS_F_LNG8713181,atlas,He22,Pericyte,Pericyte,Myofibro & SMC,True,train
AAAGCAAAGCAGACTG-WSSS_F_LNG8713181,atlas,He22,Pericyte,Pericyte,Myofibro & SMC,True,train
AACCGCGGTAATCGTC-WSSS_F_LNG8713181,atlas,He22,Pericyte,Pericyte,Myofibro & SMC,True,train
ACACCCTAGATATGCA-WSSS_F_LNG8713181,atlas,He22,Pericyte,Pericyte,Myofibro & SMC,True,train
ACACCCTTCTTGTACT-WSSS_F_LNG8713181,atlas,He22,Pericyte,Pericyte,Myofibro & SMC,True,train
ACATGGTCAGGCTGAA-WSSS_F_LNG8713181,atlas,He22,Pericyte,Pericyte,Myofibro & SMC,True,train
ACCGTAAGTACCGTTA-WSSS_F_LNG8713181,atlas,He22,Pericyte,Pericyte,Myofibro & SMC,True,train
ACCGTAATCTGCTTGC-WSSS_F_LNG8713181,atlas,He22,Pericyte,Pericyte,Myofibro & SMC,True,train
ACGAGGATCTAACGGT-WSSS_F_LNG8713181,atlas,He22,Pericyte,Pericyte,Myofibro & SMC,True,test
ACGATACTCCTAGGGC-WSSS_F_LNG8713181,atlas,He22,Pericyte,Pericyte,Myofibro & SMC,True,test
ACTGATGGTCAGATAA-WSSS_F_LNG8713181,atlas,He22,Pericyte,Pericyte,Myofibro & SMC,True,train
AGAGCGAAGCTAACTC-WSSS_F_LNG8713181,atlas,He22,Pericyte,Pericyte,Myofibro & SMC,True,train
AGCATACCATTCCTCG-WSSS_F_LNG8713181,atlas,He22,Pericyte,Pericyte,Myofibro & SMC,True,train
AGCGTATGTCCAGTAT-WSSS_F_LNG8713181,atlas,He22,Pericyte,Pericyte,Myofibro & SMC,True,train
AGGGAGTAGCTAGGCA-WSSS_F_LNG8713181,atlas,He22,Pericyte,Pericyte,Myofibro & SMC,True,train
AGTGAGGTCATCTGTT-WSSS_F_LNG8713181,atlas,He22,Pericyte,Pericyte,Myofibro & SMC,True,train
AGTGTCACACGTGAGA-WSSS_F_LNG8713181,atlas,He22,Pericyte,Pericyte,Myofibro & SMC,True,train
ATTGGACAGATGTGTA-WSSS_F_LNG8713181,atlas,He22,Pericyte,Pericyte,Myofibro & SMC,True,train
CACTCCAAGCGAGAAA-WSSS_F_LNG8713181,atlas,He22,Pericyte,Pericyte,Myofibro & SMC,True,train
CAGCAGCCAGCCAGAA-WSSS_F_LNG8713181,atlas,He22,Pericyte,Pericyte,Myofibro & SMC,True,train
CATATGGGTCGCCATG-WSSS_F_LNG8713181,atlas,He22,Pericyte,Pericyte,Myofibro & SMC,True,train
CCCTCCTAGGCCCTCA-WSSS_F_LNG8713181,atlas,He22,Pericyte,Pericyte,Myofibro & SMC,True,train
CCCTCCTTCATCTGCC-WSSS_F_LNG8713181,atlas,He22,Pericyte,Pericyte,Myofibro & SMC,True,train
CCGTGGAAGAAACCGC-WSSS_F_LNG8713181,atlas,He22,Pericyte,Pericyte,Myofibro & SMC,True,train
CCTAAAGAGCTCAACT-WSSS_F_LNG8713181,atlas,He22,Pericyte,Pericyte,Myofibro & SMC,True,train
CCTCTGATCAGAGCTT-WSSS_F_LNG8713181,atlas,He22,Pericyte,Pericyte,Myofibro & SMC,True,train
CGAATGTAGGGTGTTG-WSSS_F_LNG8713181,atlas,He22,Pericyte,Pericyte,Myofibro & SMC,True,train
CGATGTATCTTCCTTC-WSSS_F_LNG8713181,atlas,He22,Pericyte,Pericyte,Myofibro & SMC,True,train
CGATTGATCGTTTGCC-WSSS_F_LNG8713181,atlas,He22,Pericyte,Pericyte,Myofibro & SMC,True,train
CGCGGTAGTTGCTCCT-WSSS_F_LNG8713181,atlas,He22,Pericyte,Pericyte,Myofibro & SMC,True,train
CGGTTAAAGCCTCGTG-WSSS_F_LNG8713181,atlas,He22,Pericyte,Pericyte,Myofibro & SMC,True,train
CGTAGGCTCTCTGTCG-WSSS_F_LNG8713181,atlas,He22,Pericyte,Pericyte,Myofibro & SMC,True,test
CGTGAGCCAGTAAGCG-WSSS_F_LNG8713181,atlas,He22,Pericyte,Pericyte,Myofibro & SMC,True,train
CTCGAGGCAATGGATA-WSSS_F_LNG8713181,atlas,He22,Pericyte,Pericyte,Myofibro & SMC,True,train
CTCTAATTCACCACCT-WSSS_F_LNG8713181,atlas,He22,Pericyte,Pericyte,Myofibro & SMC,True,train
CTGTTTACAAGGTTCT-WSSS_F_LNG8713181,atlas,He22,Pericyte,Pericyte,Myofibro & SMC,True,train
CTTAGGAAGGGAAACA-WSSS_F_LNG8713181,atlas,He22,Pericyte,Pericyte,Myofibro & SMC,True,test
CTTCTCTTCACTTCAT-WSSS_F_LNG8713181,atlas,He22,Pericyte,Pericyte,Myofibro & SMC,True,train
GAAGCAGCACATCCGG-WSSS_F_LNG8713181,atlas,He22,Pericyte,Pericyte,Myofibro & SMC,True,train
GAAGCAGGTTACGACT-WSSS_F_LNG8713181,atlas,He22,Pericyte,Pericyte,Myofibro & SMC,True,train
GACGTGCTCAAGATCC-WSSS_F_LNG8713181,atlas,He22,Pericyte,Pericyte,Myofibro & SMC,True,train
GATCGCGCATCTACGA-WSSS_F_LNG8713181,atlas,He22,Pericyte,Pericyte,Myofibro & SMC,True,train
GATCGTACATGGTTGT-WSSS_F_LNG8713181,atlas,He22,Pericyte,Pericyte,Myofibro & SMC,True,train
GCGACCATCTTCAACT-WSSS_F_LNG8713181,atlas,He22,Pericyte,Pericyte,Myofibro & SMC,True,train
GCGCGATGTCAATACC-WSSS_F_LNG8713181,atlas,He22,Pericyte,Pericyte,Myofibro & SMC,True,test
GGAAAGCAGTGGAGTC-WSSS_F_LNG8713181,atlas,He22,Pericyte,Pericyte,Myofibro & SMC,True,train
GGGAATGAGGTTACCT-WSSS_F_LNG8713181,atlas,He22,Pericyte,Pericyte,Myofibro & SMC,True,train
GTAACGTTCGGTGTCG-WSSS_F_LNG8713181,atlas,He22,Pericyte,Pericyte,Myofibro & SMC,True,train
GTCCTCATCTCGTATT-WSSS_F_LNG8713181,atlas,He22,Pericyte,Pericyte,Myofibro & SMC,True,train
GTGTGCGGTGGCTCCA-WSSS_F_LNG8713181,atlas,He22,Pericyte,Pericyte,Myofibro & SMC,True,test
GTTACAGCACCAGTTA-WSSS_F_LNG8713181,atlas,He22,Pericyte,Pericyte,Myofibro & SMC,True,train
GTTCTCGAGAGCCCAA-WSSS_F_LNG8713181,atlas,He22,Pericyte,Pericyte,Myofibro & SMC,True,test
GTTCTCGGTAAGTGTA-WSSS_F_LNG8713181,atlas,He22,Pericyte,Pericyte,Myofibro & SMC,True,train
TAAGCGTCAGGAATCG-WSSS_F_LNG8713181,atlas,He22,Pericyte,Pericyte,Myofibro & SMC,True,train
TCAACGACAATCTGCA-WSSS_F_LNG8713181,atlas,He22,Pericyte,Pericyte,Myofibro & SMC,True,test
TCATTTGTCGACAGCC-WSSS_F_LNG8713181,atlas,He22,Pericyte,Pericyte,Myofibro & SMC,True,test
TGAAAGATCTGCCAGG-WSSS_F_LNG8713181,atlas,He22,Pericyte,Pericyte,Myofibro & SMC,True,train
TGATTTCGTGAGTGAC-WSSS_F_LNG8713181,atlas,He22,Pericyte,Pericyte,Myofibro & SMC,True,train
TGCGGGTGTGTGCCTG-WSSS_F_LNG8713181,atlas,He22,Pericyte,Pericyte,Myofibro & SMC,True,train
TGGCTGGTCGACAGCC-WSSS_F_LNG8713181,atlas,He22,Pericyte,Pericyte,Myofibro & SMC,True,train
TGTATTCTCAAAGTAG-WSSS_F_LNG8713181,atlas,He22,Pericyte,Pericyte,Myofibro & SMC,True,test
TTCGGTCCACCATCCT-WSSS_F_LNG8713181,atlas,He22,Pericyte,Pericyte,Myofibro & SMC,True,test
TTCTACATCTTAGAGC-WSSS_F_LNG8713181,atlas,He22,Pericyte,Pericyte,Myofibro & SMC,True,train
TTCTCCTCACTATCTT-WSSS_F_LNG8713181,atlas,He22,Pericyte,Pericyte,Myofibro & SMC,True,train
TTGCGTCAGCAGCGTA-WSSS_F_LNG8713181,atlas,He22,Pericyte,Pericyte,Myofibro & SMC,True,test
TTGTAGGAGCTTATCG-WSSS_F_LNG8713181,atlas,He22,Pericyte,Pericyte,Myofibro & SMC,True,train
TTTGCGCCATTGGCGC-WSSS_F_LNG8713181,atlas,He22,Pericyte,Pericyte,Myofibro & SMC,True,train
AACGTTGCAGTCTTCC-5891STDY8062351,atlas,He22,Venous endo,Pulmonary venous EC,Vas endothelial,True,test
ACACCGGCACTTCGAA-5891STDY8062351,atlas,He22,Venous endo,Pulmonary venous EC,Vas endothelial,True,train
AGTCTTTGTTGACGTT-5891STDY8062351,atlas,He22,Venous endo,Pulmonary venous EC,Vas endothelial,True,train
ATCCGAACACCAACCG-5891STDY8062351,atlas,He22,Venous endo,Pulmonary venous EC,Vas endothelial,True,train
CACACCTCATATGGTC-5891STDY8062351,atlas,He22,Venous endo,Pulmonary venous EC,Vas endothelial,True,train
CGACTTCCAGCAGTTT-5891STDY8062351,atlas,He22,Venous endo,Pulmonary venous EC,Vas endothelial,True,test
CGATTGAAGGCTAGGT-5891STDY8062351,atlas,He22,Venous endo,Pulmonary venous EC,Vas endothelial,True,train
CTACATTAGTCAAGGC-5891STDY8062351,atlas,He22,Venous endo,Pulmonary venous EC,Vas endothelial,True,train
CTTCTCTGTTCCCTTG-5891STDY8062351,atlas,He22,Venous endo,Pulmonary venous EC,Vas endothelial,True,train
GACGGCTGTGCAGTAG-5891STDY8062351,atlas,He22,Venous endo,Pulmonary venous EC,Vas endothelial,True,train
GGACATTTCTACTTAC-5891STDY8062351,atlas,He22,Venous endo,Pulmonary venous EC,Vas endothelial,True,test
GGCCGATCAGTCAGCC-5891STDY8062351,atlas,He22,Venous endo,Pulmonary venous EC,Vas endothelial,True,train
TGACAACCAATGACCT-5891STDY8062351,atlas,He22,Venous endo,Pulmonary venous EC,Vas endothelial,True,train
AAAGCAAAGCTATGCT-WSSS_F_LNG8713178,atlas,He22,Venous endo,Pulmonary venous EC,Vas endothelial,True,train
ACATGGTGTGTAACGG-WSSS_F_LNG8713178,atlas,He22,Venous endo,Pulmonary venous EC,Vas endothelial,True,test
ATCCACCCAGATTGCT-WSSS_F_LNG8713178,atlas,He22,Venous endo,Pulmonary venous EC,Vas endothelial,True,train
ATGAGGGGTCCAGTAT-WSSS_F_LNG8713178,atlas,He22,Venous endo,Pulmonary venous EC,Vas endothelial,True,train
CACACCTTCACCAGGC-WSSS_F_LNG8713178,atlas,He22,Venous endo,Pulmonary venous EC,Vas endothelial,True,train
CACCAGGCAGCTCGCA-WSSS_F_LNG8713178,atlas,He22,Venous endo,Pulmonary venous EC,Vas endothelial,True,train
CATATTCGTCCAGTTA-WSSS_F_LNG8713178,atlas,He22,Venous endo,Pulmonary venous EC,Vas endothelial,True,train
CCAGCGAGTGACAAAT-WSSS_F_LNG8713178,atlas,He22,Venous endo,Pulmonary venous EC,Vas endothelial,True,train
CGCCAAGAGGAATGGA-WSSS_F_LNG8713178,atlas,He22,Venous endo,Pulmonary venous EC,Vas endothelial,True,train
CTAGTGAGTAAGTAGT-WSSS_F_LNG8713178,atlas,He22,Venous endo,Pulmonary venous EC,Vas endothelial,True,test
CTCGTACGTGCCTGTG-WSSS_F_LNG8713178,atlas,He22,Venous endo,Pulmonary venous EC,Vas endothelial,True,train
CTTGGCTCACGGCTAC-WSSS_F_LNG8713178,atlas,He22,Venous endo,Pulmonary venous EC,Vas endothelial,True,train
GATCGATTCAGCACAT-WSSS_F_LNG8713178,atlas,He22,Venous endo,Pulmonary venous EC,Vas endothelial,True,train
GCCAAATAGTGAATTG-WSSS_F_LNG8713178,atlas,He22,Venous endo,Pulmonary venous EC,Vas endothelial,True,train
GCGAGAATCGGTGTTA-WSSS_F_LNG8713178,atlas,He22,Venous endo,Pulmonary venous EC,Vas endothelial,True,train
GCGCGATAGATCGGGT-WSSS_F_LNG8713178,atlas,He22,Venous endo,Pulmonary venous EC,Vas endothelial,True,train
GGACAGAAGATGCGAC-WSSS_F_LNG8713178,atlas,He22,Venous endo,Pulmonary venous EC,Vas endothelial,True,train
GGATTACAGTAGGCCA-WSSS_F_LNG8713178,atlas,He22,Venous endo,Pulmonary venous EC,Vas endothelial,True,test
GGGCATCAGATGTGTA-WSSS_F_LNG8713178,atlas,He22,Venous endo,Pulmonary venous EC,Vas endothelial,True,train
GTCATTTAGACCTTTG-WSSS_F_LNG8713178,atlas,He22,Venous endo,Pulmonary venous EC,Vas endothelial,True,train
GTTCATTCACTGCCAG-WSSS_F_LNG8713178,atlas,He22,Venous endo,Pulmonary venous EC,Vas endothelial,True,train
TACGGGCAGGCGTACA-WSSS_F_LNG8713178,atlas,He22,Venous endo,Pulmonary venous EC,Vas endothelial,True,valid
TACGGTAGTTACCGAT-WSSS_F_LNG8713178,atlas,He22,Venous endo,Pulmonary venous EC,Vas endothelial,True,train
TAGCCGGAGGTGATTA-WSSS_F_LNG8713178,atlas,He22,Venous endo,Pulmonary venous EC,Vas endothelial,True,train
TCGCGTTCAAGCCATT-WSSS_F_LNG8713178,atlas,He22,Venous endo,Pulmonary venous EC,Vas endothelial,True,test
TCGGGACTCAGCTCTC-WSSS_F_LNG8713178,atlas,He22,Venous endo,Pulmonary venous EC,Vas endothelial,True,train
TGCGCAGTCTCTGTCG-WSSS_F_LNG8713178,atlas,He22,Venous endo,Pulmonary venous EC,Vas endothelial,True,train
TGGCGCACAGGTCGTC-WSSS_F_LNG8713178,atlas,He22,Venous endo,Pulmonary venous EC,Vas endothelial,True,train
TGTATTCTCTTAGAGC-WSSS_F_LNG8713178,atlas,He22,Venous endo,Pulmonary venous EC,Vas endothelial,True,train
TGTGTTTTCCGTCATC-WSSS_F_LNG8713178,atlas,He22,Venous endo,Pulmonary venous EC,Vas endothelial,True,train
TTCGAAGGTAAGTAGT-WSSS_F_LNG8713178,atlas,He22,Venous endo,Pulmonary venous EC,Vas endothelial,True,train
TTCTACAGTAAGGGCT-WSSS_F_LNG8713178,atlas,He22,Venous endo,Pulmonary venous EC,Vas endothelial,True,train
AATCCAGAGCCCAGCT-WSSS_F_LNG8713179,atlas,He22,Venous endo,Pulmonary venous EC,Vas endothelial,True,train
AATCGGTTCCAGAAGG-WSSS_F_LNG8713179,atlas,He22,Venous endo,Pulmonary venous EC,Vas endothelial,True,train
AGAGCTTAGTGAACGC-WSSS_F_LNG8713179,atlas,He22,Venous endo,Pulmonary venous EC,Vas endothelial,True,test
AGCAGCCCACTTCGAA-WSSS_F_LNG8713179,atlas,He22,Venous endo,Pulmonary venous EC,Vas endothelial,True,test
AGGTCATGTCTCCACT-WSSS_F_LNG8713179,atlas,He22,Venous endo,Pulmonary venous EC,Vas endothelial,True,test
AGTTGGTGTGCATCTA-WSSS_F_LNG8713179,atlas,He22,Venous endo,Pulmonary venous EC,Vas endothelial,True,train
ATAAGAGAGCTGTCTA-WSSS_F_LNG8713179,atlas,He22,Venous endo,Pulmonary venous EC,Vas endothelial,True,train
ATCTGCCCAGCTCGAC-WSSS_F_LNG8713179,atlas,He22,Venous endo,Pulmonary venous EC,Vas endothelial,True,train
CACATAGGTTGCGCAC-WSSS_F_LNG8713179,atlas,He22,Venous endo,Pulmonary venous EC,Vas endothelial,True,train
CACCAGGTCTCTGCTG-WSSS_F_LNG8713179,atlas,He22,Venous endo,Pulmonary venous EC,Vas endothelial,True,train
CCTACACAGATATACG-WSSS_F_LNG8713179,atlas,He22,Venous endo,Pulmonary venous EC,Vas endothelial,True,train
CCTACCACACCTCGGA-WSSS_F_LNG8713179,atlas,He22,Venous endo,Pulmonary venous EC,Vas endothelial,True,train
CGCTTCACAGTGACAG-WSSS_F_LNG8713179,atlas,He22,Venous endo,Pulmonary venous EC,Vas endothelial,True,train
CGGACTGAGCACCGTC-WSSS_F_LNG8713179,atlas,He22,Venous endo,Pulmonary venous EC,Vas endothelial,True,train
CGTAGGCCAAACGTGG-WSSS_F_LNG8713179,atlas,He22,Venous endo,Pulmonary venous EC,Vas endothelial,True,train
CTACACCGTAGATTAG-WSSS_F_LNG8713179,atlas,He22,Venous endo,Pulmonary venous EC,Vas endothelial,True,train
CTACCCATCGTCCAGG-WSSS_F_LNG8713179,atlas,He22,Venous endo,Pulmonary venous EC,Vas endothelial,True,train
GATGAGGTCCGCAGTG-WSSS_F_LNG8713179,atlas,He22,Venous endo,Pulmonary venous EC,Vas endothelial,True,train
GGACAGAAGTCGATAA-WSSS_F_LNG8713179,atlas,He22,Venous endo,Pulmonary venous EC,Vas endothelial,True,test
GGTGAAGGTCACCCAG-WSSS_F_LNG8713179,atlas,He22,Venous endo,Pulmonary venous EC,Vas endothelial,True,train
GTGTGCGAGGATGTAT-WSSS_F_LNG8713179,atlas,He22,Venous endo,Pulmonary venous EC,Vas endothelial,True,train
GTTCGGGTCACCTTAT-WSSS_F_LNG8713179,atlas,He22,Venous endo,Pulmonary venous EC,Vas endothelial,True,test
TATCTCAGTAGAAAGG-WSSS_F_LNG8713179,atlas,He22,Venous endo,Pulmonary venous EC,Vas endothelial,True,train
TATGCCCAGTAGCCGA-WSSS_F_LNG8713179,atlas,He22,Venous endo,Pulmonary venous EC,Vas endothelial,True,train
TCGCGAGCAGTAGAGC-WSSS_F_LNG8713179,atlas,He22,Venous endo,Pulmonary venous EC,Vas endothelial,True,train
TCTCATAAGCGCTTAT-WSSS_F_LNG8713179,atlas,He22,Venous endo,Pulmonary venous EC,Vas endothelial,True,train
TCTGAGATCTTTAGTC-WSSS_F_LNG8713179,atlas,He22,Venous endo,Pulmonary venous EC,Vas endothelial,True,train
TGAGGGAAGGCCCTTG-WSSS_F_LNG8713179,atlas,He22,Venous endo,Pulmonary venous EC,Vas endothelial,True,train
TGCACCTTCATTGCGA-WSSS_F_LNG8713179,atlas,He22,Venous endo,Pulmonary venous EC,Vas endothelial,True,train
ACTGCTCCAGTTAACC-WSSS_F_LNG8713180,atlas,He22,Venous endo,Pulmonary venous EC,Vas endothelial,True,train
AGGTCATAGGTAAACT-WSSS_F_LNG8713180,atlas,He22,Venous endo,Pulmonary venous EC,Vas endothelial,True,train
AGTAGTCAGTCATCCA-WSSS_F_LNG8713180,atlas,He22,Venous endo,Pulmonary venous EC,Vas endothelial,True,train
CAGCGACCACGAGGTA-WSSS_F_LNG8713180,atlas,He22,Venous endo,Pulmonary venous EC,Vas endothelial,True,train
CCCAGTTGTGAAGGCT-WSSS_F_LNG8713180,atlas,He22,Venous endo,Pulmonary venous EC,Vas endothelial,True,test
CCGTGGACACACAGAG-WSSS_F_LNG8713180,atlas,He22,Venous endo,Pulmonary venous EC,Vas endothelial,True,train
CTAGTGACACTATCTT-WSSS_F_LNG8713180,atlas,He22,Venous endo,Pulmonary venous EC,Vas endothelial,True,train
GACGTGCCAACGATCT-WSSS_F_LNG8713180,atlas,He22,Venous endo,Pulmonary venous EC,Vas endothelial,True,train
GAGCAGACAATCCAAC-WSSS_F_LNG8713180,atlas,He22,Venous endo,Pulmonary venous EC,Vas endothelial,True,train
GGGCATCCAATAGAGT-WSSS_F_LNG8713180,atlas,He22,Venous endo,Pulmonary venous EC,Vas endothelial,True,test
GTAACTGAGCTGAACG-WSSS_F_LNG8713180,atlas,He22,Venous endo,Pulmonary venous EC,Vas endothelial,True,train
GTACTTTTCCTTGCCA-WSSS_F_LNG8713180,atlas,He22,Venous endo,Pulmonary venous EC,Vas endothelial,True,train
TAAACCGGTGTGGCTC-WSSS_F_LNG8713180,atlas,He22,Venous endo,Pulmonary venous EC,Vas endothelial,True,train
TAGACCATCGACCAGC-WSSS_F_LNG8713180,atlas,He22,Venous endo,Pulmonary venous EC,Vas endothelial,True,train
TCCCGATCACCTTGTC-WSSS_F_LNG8713180,atlas,He22,Venous endo,Pulmonary venous EC,Vas endothelial,True,train
TCTATTGTCCACGTGG-WSSS_F_LNG8713180,atlas,He22,Venous endo,Pulmonary venous EC,Vas endothelial,True,train
TGAGCCGCACTGTCGG-WSSS_F_LNG8713180,atlas,He22,Venous endo,Pulmonary venous EC,Vas endothelial,True,train
ACCCACTCATGCAACT-WSSS_F_LNG8713181,atlas,He22,Venous endo,Pulmonary venous EC,Vas endothelial,True,train
ACTATCTGTCCTAGCG-WSSS_F_LNG8713181,atlas,He22,Venous endo,Pulmonary venous EC,Vas endothelial,True,train
ACTTACTAGAAGAAGC-WSSS_F_LNG8713181,atlas,He22,Venous endo,Pulmonary venous EC,Vas endothelial,True,train
CGAGCCATCTCATTCA-WSSS_F_LNG8713181,atlas,He22,Venous endo,Pulmonary venous EC,Vas endothelial,True,train
CGATGGCTCTCGAGTA-WSSS_F_LNG8713181,atlas,He22,Venous endo,Pulmonary venous EC,Vas endothelial,True,train
CTAATGGGTTCGCTAA-WSSS_F_LNG8713181,atlas,He22,Venous endo,Pulmonary venous EC,Vas endothelial,True,train
GCGCCAACAGTCAGCC-WSSS_F_LNG8713181,atlas,He22,Venous endo,Pulmonary venous EC,Vas endothelial,True,train
GTGCAGCAGACAGGCT-WSSS_F_LNG8713181,atlas,He22,Venous endo,Pulmonary venous EC,Vas endothelial,True,test
TCGAGGCTCAGTACGT-WSSS_F_LNG8713181,atlas,He22,Venous endo,Pulmonary venous EC,Vas endothelial,True,train
TCTGGAAGTCCAAGTT-WSSS_F_LNG8713181,atlas,He22,Venous endo,Pulmonary venous EC,Vas endothelial,True,train
TGATTTCCAAACAACA-WSSS_F_LNG8713181,atlas,He22,Venous endo,Pulmonary venous EC,Vas endothelial,True,train
TGGCCAGAGATGTAAC-WSSS_F_LNG8713181,atlas,He22,Venous endo,Pulmonary venous EC,Vas endothelial,True,test
TGTATTCGTGTTGGGA-WSSS_F_LNG8713181,atlas,He22,Venous endo,Pulmonary venous EC,Vas endothelial,True,valid
ATTTCTGCAAGCGCTC-5891STDY8062351,atlas,He22,Aerocyte,aCap,Vas endothelial,True,train
GAAGCAGTCTGTTTGT-5891STDY8062351,atlas,He22,Aerocyte,aCap,Vas endothelial,True,train
TGCGGGTAGAATGTTG-5891STDY8062351,atlas,He22,Aerocyte,aCap,Vas endothelial,True,train
AAACCTGAGGAATGGA-WSSS_F_LNG8713178,atlas,He22,Aerocyte,aCap,Vas endothelial,True,train
AACGTTGAGCTGTTCA-WSSS_F_LNG8713178,atlas,He22,Aerocyte,aCap,Vas endothelial,True,test
AAGTCTGAGGACATTA-WSSS_F_LNG8713178,atlas,He22,Aerocyte,aCap,Vas endothelial,True,train
ACTTTCAAGTTCGCGC-WSSS_F_LNG8713178,atlas,He22,Aerocyte,aCap,Vas endothelial,True,train
AGCCTAACATGCGCAC-WSSS_F_LNG8713178,atlas,He22,Aerocyte,aCap,Vas endothelial,True,train
ATAGACCAGGACGAAA-WSSS_F_LNG8713178,atlas,He22,Aerocyte,aCap,Vas endothelial,True,test
ATCCACCCATTCTCAT-WSSS_F_LNG8713178,atlas,He22,Aerocyte,aCap,Vas endothelial,True,train
ATGCGATCACGGATAG-WSSS_F_LNG8713178,atlas,He22,Aerocyte,aCap,Vas endothelial,True,train
CAAGAAACATGCCACG-WSSS_F_LNG8713178,atlas,He22,Aerocyte,aCap,Vas endothelial,True,train
CAAGGCCTCGACCAGC-WSSS_F_LNG8713178,atlas,He22,Aerocyte,aCap,Vas endothelial,True,train
CAGAATCGTGCGATAG-WSSS_F_LNG8713178,atlas,He22,Aerocyte,aCap,Vas endothelial,True,train
CAGCCGATCGTAGATC-WSSS_F_LNG8713178,atlas,He22,Aerocyte,aCap,Vas endothelial,True,train
CATGCCTAGATGAGAG-WSSS_F_LNG8713178,atlas,He22,Aerocyte,aCap,Vas endothelial,True,train
CCAGCGAGTTCAGACT-WSSS_F_LNG8713178,atlas,He22,Aerocyte,aCap,Vas endothelial,True,train
CCATGTCTCAACGGCC-WSSS_F_LNG8713178,atlas,He22,Aerocyte,aCap,Vas endothelial,True,train
CGAACATCATCGGAAG-WSSS_F_LNG8713178,atlas,He22,Aerocyte,aCap,Vas endothelial,True,train
GACACGCCACCAGTTA-WSSS_F_LNG8713178,atlas,He22,Aerocyte,aCap,Vas endothelial,True,test
GACCTGGGTGATAAGT-WSSS_F_LNG8713178,atlas,He22,Aerocyte,aCap,Vas endothelial,True,train
GACTAACGTCCTGCTT-WSSS_F_LNG8713178,atlas,He22,Aerocyte,aCap,Vas endothelial,True,test
GATGAGGTCCTTGGTC-WSSS_F_LNG8713178,atlas,He22,Aerocyte,aCap,Vas endothelial,True,train
GCATACATCTGTCCGT-WSSS_F_LNG8713178,atlas,He22,Aerocyte,aCap,Vas endothelial,True,train
GCGACCAAGCTCCTTC-WSSS_F_LNG8713178,atlas,He22,Aerocyte,aCap,Vas endothelial,True,train
GGACAGAGTAGCCTAT-WSSS_F_LNG8713178,atlas,He22,Aerocyte,aCap,Vas endothelial,True,train
GGGCACTCAAGAGGCT-WSSS_F_LNG8713178,atlas,He22,Aerocyte,aCap,Vas endothelial,True,train
GGGTCTGTCGGGAGTA-WSSS_F_LNG8713178,atlas,He22,Aerocyte,aCap,Vas endothelial,True,test
GGGTTGCAGTGCCATT-WSSS_F_LNG8713178,atlas,He22,Aerocyte,aCap,Vas endothelial,True,train
GTCGGGTCAATGTTGC-WSSS_F_LNG8713178,atlas,He22,Aerocyte,aCap,Vas endothelial,True,train
GTGCAGCTCACTCTTA-WSSS_F_LNG8713178,atlas,He22,Aerocyte,aCap,Vas endothelial,True,train
GTTCGGGAGGGTATCG-WSSS_F_LNG8713178,atlas,He22,Aerocyte,aCap,Vas endothelial,True,train
TACTCATGTACCAGTT-WSSS_F_LNG8713178,atlas,He22,Aerocyte,aCap,Vas endothelial,True,train
TCACAAGAGATTACCC-WSSS_F_LNG8713178,atlas,He22,Aerocyte,aCap,Vas endothelial,True,test
TCAGGATTCTATGTGG-WSSS_F_LNG8713178,atlas,He22,Aerocyte,aCap,Vas endothelial,True,test
TCAGGTACACAAGACG-WSSS_F_LNG8713178,atlas,He22,Aerocyte,aCap,Vas endothelial,True,train
TGGTTCCTCTATCCTA-WSSS_F_LNG8713178,atlas,He22,Aerocyte,aCap,Vas endothelial,True,train
TGTCCCAAGGTAGCTG-WSSS_F_LNG8713178,atlas,He22,Aerocyte,aCap,Vas endothelial,True,test
TGTGTTTCATTCCTGC-WSSS_F_LNG8713178,atlas,He22,Aerocyte,aCap,Vas endothelial,True,train
TTCGAAGGTAAGCACG-WSSS_F_LNG8713178,atlas,He22,Aerocyte,aCap,Vas endothelial,True,valid
AACTCCCTCAACTCTT-WSSS_F_LNG8713179,atlas,He22,Aerocyte,aCap,Vas endothelial,True,train
AAGGCAGAGCGTTTAC-WSSS_F_LNG8713179,atlas,He22,Aerocyte,aCap,Vas endothelial,True,train
ACGCCGAAGATCCCGC-WSSS_F_LNG8713179,atlas,He22,Aerocyte,aCap,Vas endothelial,True,train
AGCGGTCGTGGTAACG-WSSS_F_LNG8713179,atlas,He22,Aerocyte,aCap,Vas endothelial,True,train
CAACCAAGTACCGTTA-WSSS_F_LNG8713179,atlas,He22,Aerocyte,aCap,Vas endothelial,True,train
CAGCTAAAGACTTGAA-WSSS_F_LNG8713179,atlas,He22,Aerocyte,aCap,Vas endothelial,True,train
CGAACATAGTACGTTC-WSSS_F_LNG8713179,atlas,He22,Aerocyte,aCap,Vas endothelial,True,train
CGCTGGACATTGGTAC-WSSS_F_LNG8713179,atlas,He22,Aerocyte,aCap,Vas endothelial,True,train
CGTAGCGTCCAAGCCG-WSSS_F_LNG8713179,atlas,He22,Aerocyte,aCap,Vas endothelial,True,train
CTACATTAGGCAAAGA-WSSS_F_LNG8713179,atlas,He22,Aerocyte,aCap,Vas endothelial,True,train
CTGATAGGTGGTCTCG-WSSS_F_LNG8713179,atlas,He22,Aerocyte,aCap,Vas endothelial,True,test
CTGCGGAGTTCAGACT-WSSS_F_LNG8713179,atlas,He22,Aerocyte,aCap,Vas endothelial,True,train
CTTTGCGGTAGCTAAA-WSSS_F_LNG8713179,atlas,He22,Aerocyte,aCap,Vas endothelial,True,train
GTAACTGTCTGGTATG-WSSS_F_LNG8713179,atlas,He22,Aerocyte,aCap,Vas endothelial,True,train
GTCACAAGTCATCCCT-WSSS_F_LNG8713179,atlas,He22,Aerocyte,aCap,Vas endothelial,True,train
TGACTAGTCCTTAATC-WSSS_F_LNG8713179,atlas,He22,Aerocyte,aCap,Vas endothelial,True,test
TGAGGGATCGCTTAGA-WSSS_F_LNG8713179,atlas,He22,Aerocyte,aCap,Vas endothelial,True,train
TGATTTCAGCTAGTTC-WSSS_F_LNG8713179,atlas,He22,Aerocyte,aCap,Vas endothelial,True,train
AACTCTTGTCTGCGGT-WSSS_F_LNG8713180,atlas,He22,Aerocyte,aCap,Vas endothelial,True,train
AAGACCTGTATTCTCT-WSSS_F_LNG8713180,atlas,He22,Aerocyte,aCap,Vas endothelial,True,train
ACATCAGCATCCGTGG-WSSS_F_LNG8713180,atlas,He22,Aerocyte,aCap,Vas endothelial,True,train
ACATGGTTCCCAGGTG-WSSS_F_LNG8713180,atlas,He22,Aerocyte,aCap,Vas endothelial,True,train
ACGATGTTCGATAGAA-WSSS_F_LNG8713180,atlas,He22,Aerocyte,aCap,Vas endothelial,True,train
ACGCCAGCATCCCACT-WSSS_F_LNG8713180,atlas,He22,Aerocyte,aCap,Vas endothelial,True,train
ACGTCAAGTTAGAACA-WSSS_F_LNG8713180,atlas,He22,Aerocyte,aCap,Vas endothelial,True,train
ACTTTCAAGTATGACA-WSSS_F_LNG8713180,atlas,He22,Aerocyte,aCap,Vas endothelial,True,train
AGATCTGAGGTAGCTG-WSSS_F_LNG8713180,atlas,He22,Aerocyte,aCap,Vas endothelial,True,train
AGATTGCAGTGAACGC-WSSS_F_LNG8713180,atlas,He22,Aerocyte,aCap,Vas endothelial,True,train
AGCATACTCAAACGGG-WSSS_F_LNG8713180,atlas,He22,Aerocyte,aCap,Vas endothelial,True,test
AGGGATGGTCAGCTAT-WSSS_F_LNG8713180,atlas,He22,Aerocyte,aCap,Vas endothelial,True,train
ATGAGGGGTCCAGTTA-WSSS_F_LNG8713180,atlas,He22,Aerocyte,aCap,Vas endothelial,True,valid
ATTTCTGTCAAAGACA-WSSS_F_LNG8713180,atlas,He22,Aerocyte,aCap,Vas endothelial,True,train
CACAAACAGCAGGCTA-WSSS_F_LNG8713180,atlas,He22,Aerocyte,aCap,Vas endothelial,True,train
CACATTTGTAAGGATT-WSSS_F_LNG8713180,atlas,He22,Aerocyte,aCap,Vas endothelial,True,train
CAGATCAAGATCTGAA-WSSS_F_LNG8713180,atlas,He22,Aerocyte,aCap,Vas endothelial,True,train
CCAATCCCATTATCTC-WSSS_F_LNG8713180,atlas,He22,Aerocyte,aCap,Vas endothelial,True,train
CCAGCGACAAAGAATC-WSSS_F_LNG8713180,atlas,He22,Aerocyte,aCap,Vas endothelial,True,train
CCGTTCAAGTTCGCGC-WSSS_F_LNG8713180,atlas,He22,Aerocyte,aCap,Vas endothelial,True,train
CCTAAAGAGCCACGTC-WSSS_F_LNG8713180,atlas,He22,Aerocyte,aCap,Vas endothelial,True,train
CGCCAAGCAAACTGTC-WSSS_F_LNG8713180,atlas,He22,Aerocyte,aCap,Vas endothelial,True,train
CGCCAAGCACATCCAA-WSSS_F_LNG8713180,atlas,He22,Aerocyte,aCap,Vas endothelial,True,train
CTAATGGCAGACGCAA-WSSS_F_LNG8713180,atlas,He22,Aerocyte,aCap,Vas endothelial,True,test
CTCAGAATCCTCCTAG-WSSS_F_LNG8713180,atlas,He22,Aerocyte,aCap,Vas endothelial,True,train
CTCGAGGCAGACGCTC-WSSS_F_LNG8713180,atlas,He22,Aerocyte,aCap,Vas endothelial,True,train
CTCGTCAGTCATTAGC-WSSS_F_LNG8713180,atlas,He22,Aerocyte,aCap,Vas endothelial,True,train
CTGATCCCAGGGTATG-WSSS_F_LNG8713180,atlas,He22,Aerocyte,aCap,Vas endothelial,True,test
CTGTGCTCAGACACTT-WSSS_F_LNG8713180,atlas,He22,Aerocyte,aCap,Vas endothelial,True,train
GCATACATCCCATTAT-WSSS_F_LNG8713180,atlas,He22,Aerocyte,aCap,Vas endothelial,True,train
GCCTCTATCATATCGG-WSSS_F_LNG8713180,atlas,He22,Aerocyte,aCap,Vas endothelial,True,train
GCTCCTAAGCGTTTAC-WSSS_F_LNG8713180,atlas,He22,Aerocyte,aCap,Vas endothelial,True,train
TACGGGCCATGCAACT-WSSS_F_LNG8713180,atlas,He22,Aerocyte,aCap,Vas endothelial,True,train
TCAGGATGTTGCCTCT-WSSS_F_LNG8713180,atlas,He22,Aerocyte,aCap,Vas endothelial,True,train
TCTGAGAGTCGACTGC-WSSS_F_LNG8713180,atlas,He22,Aerocyte,aCap,Vas endothelial,True,train
TCTTTCCTCAGAGACG-WSSS_F_LNG8713180,atlas,He22,Aerocyte,aCap,Vas endothelial,True,train
TGGCTGGCATCAGTCA-WSSS_F_LNG8713180,atlas,He22,Aerocyte,aCap,Vas endothelial,True,train
TTTCCTCCATCGGACC-WSSS_F_LNG8713180,atlas,He22,Aerocyte,aCap,Vas endothelial,True,train
TTTCCTCTCACTCTTA-WSSS_F_LNG8713180,atlas,He22,Aerocyte,aCap,Vas endothelial,True,train
ACGATGTTCCAAACTG-WSSS_F_LNG8713181,atlas,He22,Aerocyte,aCap,Vas endothelial,True,test
AGCATACTCTTAGAGC-WSSS_F_LNG8713181,atlas,He22,Aerocyte,aCap,Vas endothelial,True,train
CAGCCGAGTGTTGAGG-WSSS_F_LNG8713181,atlas,He22,Aerocyte,aCap,Vas endothelial,True,train
CAGGTGCCACGGCTAC-WSSS_F_LNG8713181,atlas,He22,Aerocyte,aCap,Vas endothelial,True,train
CATCAGAGTCCCTACT-WSSS_F_LNG8713181,atlas,He22,Aerocyte,aCap,Vas endothelial,True,train
CCACTACCACGCGAAA-WSSS_F_LNG8713181,atlas,He22,Aerocyte,aCap,Vas endothelial,True,train
CGCCAAGCATACTCTT-WSSS_F_LNG8713181,atlas,He22,Aerocyte,aCap,Vas endothelial,True,train
CTAACTTGTTTGACTG-WSSS_F_LNG8713181,atlas,He22,Aerocyte,aCap,Vas endothelial,True,train
CTGAAGTAGCTGAACG-WSSS_F_LNG8713181,atlas,He22,Aerocyte,aCap,Vas endothelial,True,train
GGAGCAACAAGCTGAG-WSSS_F_LNG8713181,atlas,He22,Aerocyte,aCap,Vas endothelial,True,train
TACTTGTGTACCGTTA-WSSS_F_LNG8713181,atlas,He22,Aerocyte,aCap,Vas endothelial,True,test
TATCTCAGTTCGCGAC-WSSS_F_LNG8713181,atlas,He22,Aerocyte,aCap,Vas endothelial,True,test
TCATTACAGTAGTGCG-WSSS_F_LNG8713181,atlas,He22,Aerocyte,aCap,Vas endothelial,True,train
TCTATTGGTTGTACAC-WSSS_F_LNG8713181,atlas,He22,Aerocyte,aCap,Vas endothelial,True,train
TGCCCTAGTCATGCAT-WSSS_F_LNG8713181,atlas,He22,Aerocyte,aCap,Vas endothelial,True,train
TGCGCAGTCTTGTATC-WSSS_F_LNG8713181,atlas,He22,Aerocyte,aCap,Vas endothelial,True,train
TTCTCAACATGTCGAT-WSSS_F_LNG8713181,atlas,He22,Aerocyte,aCap,Vas endothelial,True,train
TTCTCAATCAATCTCT-WSSS_F_LNG8713181,atlas,He22,Aerocyte,aCap,Vas endothelial,True,train
TTTGCGCTCGTATCAG-WSSS_F_LNG8713181,atlas,He22,Aerocyte,aCap,Vas endothelial,True,test
AACTCTTAGCCCGAAA-5891STDY8062351,atlas,He22,Late cap,gCap,Vas endothelial,True,train
AATCCAGTCAACCAAC-5891STDY8062351,atlas,He22,Late cap,gCap,Vas endothelial,True,test
ACATCAGCACGGTAAG-5891STDY8062351,atlas,He22,Late cap,gCap,Vas endothelial,True,train
AGCGTCGGTTCAACCA-5891STDY8062351,atlas,He22,Late cap,gCap,Vas endothelial,True,train
ATAACGCGTCGAGATG-5891STDY8062351,atlas,He22,Late cap,gCap,Vas endothelial,True,train
CACACTCCAGACGTAG-5891STDY8062351,atlas,He22,Late cap,gCap,Vas endothelial,True,train
CAGTCCTCAATGGAGC-5891STDY8062351,atlas,He22,Late cap,gCap,Vas endothelial,True,train
CCTAAAGAGAGCTGCA-5891STDY8062351,atlas,He22,Late cap,gCap,Vas endothelial,True,train
CGAGAAGTCCATGAAC-5891STDY8062351,atlas,He22,Late cap,gCap,Vas endothelial,True,train
CGGAGCTTCAGCTTAG-5891STDY8062351,atlas,He22,Late cap,gCap,Vas endothelial,True,test
CTAGCCTCAATCTACG-5891STDY8062351,atlas,He22,Late cap,gCap,Vas endothelial,True,train
CTCACACAGTAGCCGA-5891STDY8062351,atlas,He22,Late cap,gCap,Vas endothelial,True,train
CTTAACTTCAACCATG-5891STDY8062351,atlas,He22,Mid cap,gCap,Vas endothelial,True,train
GACCTGGGTTCCACAA-5891STDY8062351,atlas,He22,Late cap,gCap,Vas endothelial,True,train
GAGTCCGCACGCTTTC-5891STDY8062351,atlas,He22,Late cap,gCap,Vas endothelial,True,train
GATTCAGAGACAAAGG-5891STDY8062351,atlas,He22,Late cap,gCap,Vas endothelial,True,test
GCCAAATCACCTTGTC-5891STDY8062351,atlas,He22,Late cap,gCap,Vas endothelial,True,train
GGACAAGCACGAAGCA-5891STDY8062351,atlas,He22,Late cap,gCap,Vas endothelial,True,train
GGACAAGTCTAACTGG-5891STDY8062351,atlas,He22,Late cap,gCap,Vas endothelial,True,train
GGACAGAGTATTACCG-5891STDY8062351,atlas,He22,Late cap,gCap,Vas endothelial,True,test
GGATGTTTCCAACCAA-5891STDY8062351,atlas,He22,Late cap,gCap,Vas endothelial,True,train
GGATTACTCACTCCTG-5891STDY8062351,atlas,He22,Late cap,gCap,Vas endothelial,True,train
TAGACCATCTTGCCGT-5891STDY8062351,atlas,He22,Late cap,gCap,Vas endothelial,True,train
TATTACCTCACGCGGT-5891STDY8062351,atlas,He22,Mid cap,gCap,Vas endothelial,True,train
TCACGAAAGAACTCGG-5891STDY8062351,atlas,He22,Late cap,gCap,Vas endothelial,True,train
TCATTTGAGAGTACCG-5891STDY8062351,atlas,He22,Late cap,gCap,Vas endothelial,True,test
TCGCGTTAGATCGATA-5891STDY8062351,atlas,He22,Late cap,gCap,Vas endothelial,True,train
TCTATTGCACCAGGTC-5891STDY8062351,atlas,He22,Late cap,gCap,Vas endothelial,True,train
TTTGGTTCATCACGAT-5891STDY8062351,atlas,He22,Mid cap,gCap,Vas endothelial,True,train
GTAGGCCGTAGCTTGT-5891STDY8062352,atlas,He22,Late cap,gCap,Vas endothelial,True,train
AAAGTAGCATCATCCC-WSSS_F_LNG8713178,atlas,He22,Late cap,gCap,Vas endothelial,True,train
AACGTTGAGCCACTAT-WSSS_F_LNG8713178,atlas,He22,Late cap,gCap,Vas endothelial,True,train
ACACCGGTCAGCGACC-WSSS_F_LNG8713178,atlas,He22,Late cap,gCap,Vas endothelial,True,test
ACAGCTAAGTAGGTGC-WSSS_F_LNG8713178,atlas,He22,Late cap,gCap,Vas endothelial,True,train
ACAGCTAGTCTAGTCA-WSSS_F_LNG8713178,atlas,He22,Late cap,gCap,Vas endothelial,True,train
ACGCCAGTCGGGAGTA-WSSS_F_LNG8713178,atlas,He22,Late cap,gCap,Vas endothelial,True,train
ACTGAACGTATAAACG-WSSS_F_LNG8713178,atlas,He22,Late cap,gCap,Vas endothelial,True,train
ACTGAGTTCTCAACTT-WSSS_F_LNG8713178,atlas,He22,Late cap,gCap,Vas endothelial,True,train
ACTGCTCTCAGGCCCA-WSSS_F_LNG8713178,atlas,He22,Late cap,gCap,Vas endothelial,True,train
ACTGTCCTCTCCGGTT-WSSS_F_LNG8713178,atlas,He22,Late cap,gCap,Vas endothelial,True,train
ACTTTCAGTCCAAGTT-WSSS_F_LNG8713178,atlas,He22,Late cap,gCap,Vas endothelial,True,test
AGAGTGGGTACCGAGA-WSSS_F_LNG8713178,atlas,He22,Late cap,gCap,Vas endothelial,True,train
AGCAGCCCATGATCCA-WSSS_F_LNG8713178,atlas,He22,Late cap,gCap,Vas endothelial,True,train
AGCCTAAAGATGCCAG-WSSS_F_LNG8713178,atlas,He22,Late cap,gCap,Vas endothelial,True,train
AGCCTAATCACGACTA-WSSS_F_LNG8713178,atlas,He22,Late cap,gCap,Vas endothelial,True,train
AGCGGTCAGTCAATAG-WSSS_F_LNG8713178,atlas,He22,Mid cap,gCap,Vas endothelial,True,train
AGCTTGAGTCCCTACT-WSSS_F_LNG8713178,atlas,He22,Late cap,gCap,Vas endothelial,True,train
AGCTTGAGTGTTTGTG-WSSS_F_LNG8713178,atlas,He22,Mid cap,gCap,Vas endothelial,True,train
AGGCCACCAGATCTGT-WSSS_F_LNG8713178,atlas,He22,Late cap,gCap,Vas endothelial,True,train
AGGGAGTTCCTTTCTC-WSSS_F_LNG8713178,atlas,He22,Late cap,gCap,Vas endothelial,True,train
AGGGATGTCTAACGGT-WSSS_F_LNG8713178,atlas,He22,Late cap,gCap,Vas endothelial,True,train
ATAACGCTCCAGAGGA-WSSS_F_LNG8713178,atlas,He22,Late cap,gCap,Vas endothelial,True,train
ATAAGAGCACGGACAA-WSSS_F_LNG8713178,atlas,He22,Mid cap,gCap,Vas endothelial,True,train
ATAAGAGGTTTAGCTG-WSSS_F_LNG8713178,atlas,He22,Late cap,gCap,Vas endothelial,True,train
ATAGACCTCTCATTCA-WSSS_F_LNG8713178,atlas,He22,Late cap,gCap,Vas endothelial,True,train
ATCCACCGTGTAACGG-WSSS_F_LNG8713178,atlas,He22,Late cap,gCap,Vas endothelial,True,train
ATGCGATTCCAAATGC-WSSS_F_LNG8713178,atlas,He22,Late cap,gCap,Vas endothelial,True,train
ATTGGACGTATGGTTC-WSSS_F_LNG8713178,atlas,He22,Late cap,gCap,Vas endothelial,True,test
CAACTAGTCAAACCGT-WSSS_F_LNG8713178,atlas,He22,Late cap,gCap,Vas endothelial,True,train
CACACAAGTGAGGCTA-WSSS_F_LNG8713178,atlas,He22,Late cap,gCap,Vas endothelial,True,train
CACACCTTCTAACTCT-WSSS_F_LNG8713178,atlas,He22,Late cap,gCap,Vas endothelial,True,train
CACCTTGGTGAAAGAG-WSSS_F_LNG8713178,atlas,He22,Late cap,gCap,Vas endothelial,True,train
CACCTTGTCCTCAATT-WSSS_F_LNG8713178,atlas,He22,Late cap,gCap,Vas endothelial,True,train
CAGCAGCAGAACAATC-WSSS_F_LNG8713178,atlas,He22,Late cap,gCap,Vas endothelial,True,train
CAGCGACTCTGATACG-WSSS_F_LNG8713178,atlas,He22,Late cap,gCap,Vas endothelial,True,train
CATCGAACAATCGAAA-WSSS_F_LNG8713178,atlas,He22,Late cap,gCap,Vas endothelial,True,train
CATGCCTAGGCATGGT-WSSS_F_LNG8713178,atlas,He22,Late cap,gCap,Vas endothelial,True,test
CATGCCTAGTTACGGG-WSSS_F_LNG8713178,atlas,He22,Mid cap,gCap,Vas endothelial,True,test
CCGGGATTCACAACGT-WSSS_F_LNG8713178,atlas,He22,Late cap,gCap,Vas endothelial,True,train
CCGTTCACAGTAACGG-WSSS_F_LNG8713178,atlas,He22,Late cap,gCap,Vas endothelial,True,train
CCTACACGTGTTCGAT-WSSS_F_LNG8713178,atlas,He22,Mid cap,gCap,Vas endothelial,True,train
CCTAGCTTCTATCCCG-WSSS_F_LNG8713178,atlas,He22,Late cap,gCap,Vas endothelial,True,train
CCTATTAGTCTTCGTC-WSSS_F_LNG8713178,atlas,He22,Late cap,gCap,Vas endothelial,True,train
CCTCTGAGTTGGAGGT-WSSS_F_LNG8713178,atlas,He22,Late cap,gCap,Vas endothelial,True,train
CGAACATGTCCTGCTT-WSSS_F_LNG8713178,atlas,He22,Late cap,gCap,Vas endothelial,True,train
CGACCTTAGTAAGTAC-WSSS_F_LNG8713178,atlas,He22,Mid cap,gCap,Vas endothelial,True,test
CGGAGCTAGCGATAGC-WSSS_F_LNG8713178,atlas,He22,Late cap,gCap,Vas endothelial,True,train
CGGGTCAGTGGCGAAT-WSSS_F_LNG8713178,atlas,He22,Late cap,gCap,Vas endothelial,True,train
CGTGAGCAGCAGGTCA-WSSS_F_LNG8713178,atlas,He22,Late cap,gCap,Vas endothelial,True,train
CTAAGACGTCTAGTGT-WSSS_F_LNG8713178,atlas,He22,Late cap,gCap,Vas endothelial,True,train
CTAGTGATCCTGCCAT-WSSS_F_LNG8713178,atlas,He22,Late cap,gCap,Vas endothelial,True,train
CTCGAAAGTACCGTTA-WSSS_F_LNG8713178,atlas,He22,Late cap,gCap,Vas endothelial,True,test
CTCGGAGAGTTACGGG-WSSS_F_LNG8713178,atlas,He22,Late cap,gCap,Vas endothelial,True,train
CTCGGAGTCAAAGACA-WSSS_F_LNG8713178,atlas,He22,Late cap,gCap,Vas endothelial,True,test
CTCGGGAAGGCTAGAC-WSSS_F_LNG8713178,atlas,He22,Late cap,gCap,Vas endothelial,True,test
CTCGGGAGTCTAAACC-WSSS_F_LNG8713178,atlas,He22,Late cap,gCap,Vas endothelial,True,train
CTCGTCACACTCGACG-WSSS_F_LNG8713178,atlas,He22,Late cap,gCap,Vas endothelial,True,train
CTGATAGCATCCGGGT-WSSS_F_LNG8713178,atlas,He22,Mid cap,gCap,Vas endothelial,True,train
CTGTTTAAGAATGTTG-WSSS_F_LNG8713178,atlas,He22,Late cap,gCap,Vas endothelial,True,train
CTTAACTAGCGTTGCC-WSSS_F_LNG8713178,atlas,He22,Late cap,gCap,Vas endothelial,True,train
CTTACCGAGGCATGTG-WSSS_F_LNG8713178,atlas,He22,Late cap,gCap,Vas endothelial,True,train
CTTACCGTCACGACTA-WSSS_F_LNG8713178,atlas,He22,Late cap,gCap,Vas endothelial,True,train
CTTAGGATCAGTTAGC-WSSS_F_LNG8713178,atlas,He22,Late cap,gCap,Vas endothelial,True,train
GAAACTCAGCGTGTCC-WSSS_F_LNG8713178,atlas,He22,Late cap,gCap,Vas endothelial,True,train
GAAACTCTCCATTCTA-WSSS_F_LNG8713178,atlas,He22,Late cap,gCap,Vas endothelial,True,test
GAAGCAGGTAATAGCA-WSSS_F_LNG8713178,atlas,He22,Late cap,gCap,Vas endothelial,True,train
GAATAAGCATGGTCTA-WSSS_F_LNG8713178,atlas,He22,Late cap,gCap,Vas endothelial,True,train
GAATGAAGTCATCGGC-WSSS_F_LNG8713178,atlas,He22,Late cap,gCap,Vas endothelial,True,train
GACAGAGAGTGGGCTA-WSSS_F_LNG8713178,atlas,He22,Mid cap,gCap,Vas endothelial,True,train
GACGTGCCAGTATCTG-WSSS_F_LNG8713178,atlas,He22,Late cap,gCap,Vas endothelial,True,train
GATCTAGCACGCTTTC-WSSS_F_LNG8713178,atlas,He22,Late cap,gCap,Vas endothelial,True,train
GCAGCCATCCTCATTA-WSSS_F_LNG8713178,atlas,He22,Late cap,gCap,Vas endothelial,True,train
GCATGCGTCAGTTTGG-WSSS_F_LNG8713178,atlas,He22,Late cap,gCap,Vas endothelial,True,train
GCCTCTACATTAGGCT-WSSS_F_LNG8713178,atlas,He22,Late cap,gCap,Vas endothelial,True,test
GCGCAGTCACCAGATT-WSSS_F_LNG8713178,atlas,He22,Late cap,gCap,Vas endothelial,True,train
GCTCTGTCAATCAGAA-WSSS_F_LNG8713178,atlas,He22,Late cap,gCap,Vas endothelial,True,train
GCTGGGTCAGCCACCA-WSSS_F_LNG8713178,atlas,He22,Late cap,gCap,Vas endothelial,True,train
GGAACTTAGCTGCAAG-WSSS_F_LNG8713178,atlas,He22,Late cap,gCap,Vas endothelial,True,train
GGAATAAGTGGTTTCA-WSSS_F_LNG8713178,atlas,He22,Late cap,gCap,Vas endothelial,True,test
GGCAATTAGACTTGAA-WSSS_F_LNG8713178,atlas,He22,Late cap,gCap,Vas endothelial,True,train
GGCGTGTCACCCATTC-WSSS_F_LNG8713178,atlas,He22,Late cap,gCap,Vas endothelial,True,train
GGCTGGTAGGCAAAGA-WSSS_F_LNG8713178,atlas,He22,Late cap,gCap,Vas endothelial,True,train
GGCTGGTTCGTCTGAA-WSSS_F_LNG8713178,atlas,He22,Late cap,gCap,Vas endothelial,True,train
GGGAATGTCTTGCATT-WSSS_F_LNG8713178,atlas,He22,Late cap,gCap,Vas endothelial,True,train
GGGACCTCAACTTGAC-WSSS_F_LNG8713178,atlas,He22,Late cap,gCap,Vas endothelial,True,train
GGGCACTGTGAGCGAT-WSSS_F_LNG8713178,atlas,He22,Mid cap,gCap,Vas endothelial,True,train
GGGCATCAGCCACTAT-WSSS_F_LNG8713178,atlas,He22,Mid cap,gCap,Vas endothelial,True,train
GGGTCTGGTCGAATCT-WSSS_F_LNG8713178,atlas,He22,Late cap,gCap,Vas endothelial,True,train
GGTATTGAGCTAACTC-WSSS_F_LNG8713178,atlas,He22,Late cap,gCap,Vas endothelial,True,train
GGTGAAGCAGACGTAG-WSSS_F_LNG8713178,atlas,He22,Late cap,gCap,Vas endothelial,True,train
GTACGTACACTGTGTA-WSSS_F_LNG8713178,atlas,He22,Late cap,gCap,Vas endothelial,True,train
GTACTTTTCAAGAAGT-WSSS_F_LNG8713178,atlas,He22,Late cap,gCap,Vas endothelial,True,train
GTAGGCCTCCCTCTTT-WSSS_F_LNG8713178,atlas,He22,Late cap,gCap,Vas endothelial,True,train
GTCGGGTGTCAACTGT-WSSS_F_LNG8713178,atlas,He22,Late cap,gCap,Vas endothelial,True,train
GTGCAGCTCTCGATGA-WSSS_F_LNG8713178,atlas,He22,Late cap,gCap,Vas endothelial,True,train
GTGCATATCCTCAATT-WSSS_F_LNG8713178,atlas,He22,Late cap,gCap,Vas endothelial,True,train
GTGCGGTTCCTCCTAG-WSSS_F_LNG8713178,atlas,He22,Late cap,gCap,Vas endothelial,True,train
GTGGGTCAGCCAGTTT-WSSS_F_LNG8713178,atlas,He22,Late cap,gCap,Vas endothelial,True,train
GTTACAGAGCACCGCT-WSSS_F_LNG8713178,atlas,He22,Mid cap,gCap,Vas endothelial,True,test
TAAGAGACATGCATGT-WSSS_F_LNG8713178,atlas,He22,Late cap,gCap,Vas endothelial,True,test
TAAGCGTCACGTAAGG-WSSS_F_LNG8713178,atlas,He22,Late cap,gCap,Vas endothelial,True,train
TACACGACACTCAGGC-WSSS_F_LNG8713178,atlas,He22,Late cap,gCap,Vas endothelial,True,train
TACCTTAAGTCATGCT-WSSS_F_LNG8713178,atlas,He22,Late cap,gCap,Vas endothelial,True,train
TACGGATTCCTCATTA-WSSS_F_LNG8713178,atlas,He22,Late cap,gCap,Vas endothelial,True,train
TACGGGCGTAACGTTC-WSSS_F_LNG8713178,atlas,He22,Late cap,gCap,Vas endothelial,True,train
TACGGTACAACTTGAC-WSSS_F_LNG8713178,atlas,He22,Late cap,gCap,Vas endothelial,True,train
TAGACCATCTCGCATC-WSSS_F_LNG8713178,atlas,He22,Late cap,gCap,Vas endothelial,True,test
TAGAGCTCATGGTTGT-WSSS_F_LNG8713178,atlas,He22,Late cap,gCap,Vas endothelial,True,train
TAGAGCTGTCTGCAAT-WSSS_F_LNG8713178,atlas,He22,Mid cap,gCap,Vas endothelial,True,test
TAGCCGGGTCCGACGT-WSSS_F_LNG8713178,atlas,He22,Late cap,gCap,Vas endothelial,True,train
TAGTGGTAGTCCCACG-WSSS_F_LNG8713178,atlas,He22,Late cap,gCap,Vas endothelial,True,test
TAGTGGTAGTTAGGTA-WSSS_F_LNG8713178,atlas,He22,Late cap,gCap,Vas endothelial,True,train
TATCTCAGTCCAGTTA-WSSS_F_LNG8713178,atlas,He22,Late cap,gCap,Vas endothelial,True,train
TATGCCCAGATCTGCT-WSSS_F_LNG8713178,atlas,He22,Late cap,gCap,Vas endothelial,True,train
TCACAAGGTTATCCGA-WSSS_F_LNG8713178,atlas,He22,Late cap,gCap,Vas endothelial,True,train
TCAGCTCCACGGCCAT-WSSS_F_LNG8713178,atlas,He22,Late cap,gCap,Vas endothelial,True,train
TCAGGATCAGAGCCAA-WSSS_F_LNG8713178,atlas,He22,Mid cap,gCap,Vas endothelial,True,train
TCAGGATTCGGAAATA-WSSS_F_LNG8713178,atlas,He22,Late cap,gCap,Vas endothelial,True,train
TCCACACTCGTACGGC-WSSS_F_LNG8713178,atlas,He22,Late cap,gCap,Vas endothelial,True,train
TCGCGTTCATGGTCAT-WSSS_F_LNG8713178,atlas,He22,Late cap,gCap,Vas endothelial,True,train
TCTCATAAGGACAGAA-WSSS_F_LNG8713178,atlas,He22,Late cap,gCap,Vas endothelial,True,train
TGACGGCTCCTACAGA-WSSS_F_LNG8713178,atlas,He22,Late cap,gCap,Vas endothelial,True,train
TGACTAGCACATTAGC-WSSS_F_LNG8713178,atlas,He22,Late cap,gCap,Vas endothelial,True,train
TGACTTTGTCCCTACT-WSSS_F_LNG8713178,atlas,He22,Late cap,gCap,Vas endothelial,True,train
TGCCCATAGCGATAGC-WSSS_F_LNG8713178,atlas,He22,Late cap,gCap,Vas endothelial,True,train
TGCCCATGTATAGTAG-WSSS_F_LNG8713178,atlas,He22,Late cap,gCap,Vas endothelial,True,train
TGCGGGTAGCGTAATA-WSSS_F_LNG8713178,atlas,He22,Late cap,gCap,Vas endothelial,True,train
TGGACGCTCCTAGGGC-WSSS_F_LNG8713178,atlas,He22,Late cap,gCap,Vas endothelial,True,train
TGGCCAGAGAGTCTGG-WSSS_F_LNG8713178,atlas,He22,Late cap,gCap,Vas endothelial,True,train
TGGGAAGCATAGTAAG-WSSS_F_LNG8713178,atlas,He22,Mid cap,gCap,Vas endothelial,True,train
TGTATTCCAGTCGATT-WSSS_F_LNG8713178,atlas,He22,Late cap,gCap,Vas endothelial,True,train
TGTATTCTCATTTGGG-WSSS_F_LNG8713178,atlas,He22,Late cap,gCap,Vas endothelial,True,train
TGTCCCAAGTTGAGAT-WSSS_F_LNG8713178,atlas,He22,Late cap,gCap,Vas endothelial,True,train
TTAGTTCCAAGAGGCT-WSSS_F_LNG8713178,atlas,He22,Late cap,gCap,Vas endothelial,True,train
TTCTTAGCACAGCGTC-WSSS_F_LNG8713178,atlas,He22,Late cap,gCap,Vas endothelial,True,train
TTGACTTGTCCGACGT-WSSS_F_LNG8713178,atlas,He22,Late cap,gCap,Vas endothelial,True,test
TTGTAGGCAAAGTCAA-WSSS_F_LNG8713178,atlas,He22,Late cap,gCap,Vas endothelial,True,train
TTGTAGGCATCGATTG-WSSS_F_LNG8713178,atlas,He22,Late cap,gCap,Vas endothelial,True,train
TTTACTGGTCTAAACC-WSSS_F_LNG8713178,atlas,He22,Late cap,gCap,Vas endothelial,True,train
AAACCTGAGAATTCCC-WSSS_F_LNG8713179,atlas,He22,Late cap,gCap,Vas endothelial,True,train
AAATGCCCATCACGAT-WSSS_F_LNG8713179,atlas,He22,Late cap,gCap,Vas endothelial,True,train
AACCGCGAGGTGCAAC-WSSS_F_LNG8713179,atlas,He22,Late cap,gCap,Vas endothelial,True,train
AACGTTGTCATGCATG-WSSS_F_LNG8713179,atlas,He22,Late cap,gCap,Vas endothelial,True,valid
AACTGGTAGAGCCTAG-WSSS_F_LNG8713179,atlas,He22,Late cap,gCap,Vas endothelial,True,train
AACTGGTGTGGTAACG-WSSS_F_LNG8713179,atlas,He22,Late cap,gCap,Vas endothelial,True,train
AATCCAGCACCTGGTG-WSSS_F_LNG8713179,atlas,He22,Late cap,gCap,Vas endothelial,True,train
AATCCAGGTTCAGGCC-WSSS_F_LNG8713179,atlas,He22,Late cap,gCap,Vas endothelial,True,train
ACACCCTTCGGAATCT-WSSS_F_LNG8713179,atlas,He22,Late cap,gCap,Vas endothelial,True,train
ACACCGGAGGTGTTAA-WSSS_F_LNG8713179,atlas,He22,Mid cap,gCap,Vas endothelial,True,train
ACACTGAAGACGCACA-WSSS_F_LNG8713179,atlas,He22,Late cap,gCap,Vas endothelial,True,train
ACAGCTATCAGTCAGT-WSSS_F_LNG8713179,atlas,He22,Late cap,gCap,Vas endothelial,True,train
ACATGGTCAATGTAAG-WSSS_F_LNG8713179,atlas,He22,Late cap,gCap,Vas endothelial,True,train
ACCAGTATCCATTCTA-WSSS_F_LNG8713179,atlas,He22,Late cap,gCap,Vas endothelial,True,train
ACGAGGAGTAAGTGTA-WSSS_F_LNG8713179,atlas,He22,Mid cap,gCap,Vas endothelial,True,test
ACGATACTCAGAAATG-WSSS_F_LNG8713179,atlas,He22,Late cap,gCap,Vas endothelial,True,train
ACGCCGATCTCCCTGA-WSSS_F_LNG8713179,atlas,He22,Late cap,gCap,Vas endothelial,True,train
ACTGTCCTCGGAAATA-WSSS_F_LNG8713179,atlas,He22,Late cap,gCap,Vas endothelial,True,train
AGAGCTTAGGCATTGG-WSSS_F_LNG8713179,atlas,He22,Late cap,gCap,Vas endothelial,True,train
AGCGGTCGTTCTGGTA-WSSS_F_LNG8713179,atlas,He22,Late cap,gCap,Vas endothelial,True,train
AGCGTATAGAGCTGGT-WSSS_F_LNG8713179,atlas,He22,Late cap,gCap,Vas endothelial,True,train
AGCGTATGTACAAGTA-WSSS_F_LNG8713179,atlas,He22,Late cap,gCap,Vas endothelial,True,test
AGCTCTCAGATCGATA-WSSS_F_LNG8713179,atlas,He22,Late cap,gCap,Vas endothelial,True,test
AGGCCACAGCTACCGC-WSSS_F_LNG8713179,atlas,He22,Late cap,gCap,Vas endothelial,True,test
AGTCTTTTCGCGTAGC-WSSS_F_LNG8713179,atlas,He22,Late cap,gCap,Vas endothelial,True,train
AGTGGGAGTTATGCGT-WSSS_F_LNG8713179,atlas,He22,Late cap,gCap,Vas endothelial,True,train
AGTGTCAAGGTGATTA-WSSS_F_LNG8713179,atlas,He22,Late cap,gCap,Vas endothelial,True,train
ATAACGCCACAGATTC-WSSS_F_LNG8713179,atlas,He22,Late cap,gCap,Vas endothelial,True,train
ATCACGATCCCTAATT-WSSS_F_LNG8713179,atlas,He22,Late cap,gCap,Vas endothelial,True,train
ATCCACCTCAGAGCTT-WSSS_F_LNG8713179,atlas,He22,Late cap,gCap,Vas endothelial,True,test
ATCTGCCCAAGAAAGG-WSSS_F_LNG8713179,atlas,He22,Late cap,gCap,Vas endothelial,True,train
ATTCTACAGGGTCGAT-WSSS_F_LNG8713179,atlas,He22,Late cap,gCap,Vas endothelial,True,train
ATTGGACGTTGAGTTC-WSSS_F_LNG8713179,atlas,He22,Late cap,gCap,Vas endothelial,True,train
CAACCTCCACGAGAGT-WSSS_F_LNG8713179,atlas,He22,Late cap,gCap,Vas endothelial,True,train
CAAGAAACACCGATAT-WSSS_F_LNG8713179,atlas,He22,Late cap,gCap,Vas endothelial,True,train
CACAAACAGCTCTCGG-WSSS_F_LNG8713179,atlas,He22,Late cap,gCap,Vas endothelial,True,test
CACACCTTCTTGAGAC-WSSS_F_LNG8713179,atlas,He22,Late cap,gCap,Vas endothelial,True,train
CACATAGCAACGATCT-WSSS_F_LNG8713179,atlas,He22,Late cap,gCap,Vas endothelial,True,test
CACATAGTCATCGGAT-WSSS_F_LNG8713179,atlas,He22,Late cap,gCap,Vas endothelial,True,train
CAGAATCCAGATCTGT-WSSS_F_LNG8713179,atlas,He22,Mid cap,gCap,Vas endothelial,True,train
CAGAGAGCAGAAGCAC-WSSS_F_LNG8713179,atlas,He22,Late cap,gCap,Vas endothelial,True,train
CAGCTGGAGACCTAGG-WSSS_F_LNG8713179,atlas,He22,Late cap,gCap,Vas endothelial,True,train
CAGTAACTCAACCAAC-WSSS_F_LNG8713179,atlas,He22,Late cap,gCap,Vas endothelial,True,train
CAGTCCTCAAGCCGTC-WSSS_F_LNG8713179,atlas,He22,Late cap,gCap,Vas endothelial,True,train
CATCAGAAGGTCGGAT-WSSS_F_LNG8713179,atlas,He22,Late cap,gCap,Vas endothelial,True,train
CATCCACAGAGGGCTT-WSSS_F_LNG8713179,atlas,He22,Late cap,gCap,Vas endothelial,True,test
CATGCCTGTGGAAAGA-WSSS_F_LNG8713179,atlas,He22,Mid cap,gCap,Vas endothelial,True,train
CATGCCTGTGTTCTTT-WSSS_F_LNG8713179,atlas,He22,Late cap,gCap,Vas endothelial,True,train
CATTATCGTGATGTGG-WSSS_F_LNG8713179,atlas,He22,Late cap,gCap,Vas endothelial,True,train
CCAATCCCAGACGCAA-WSSS_F_LNG8713179,atlas,He22,Late cap,gCap,Vas endothelial,True,train
CCACCTACAGGATCGA-WSSS_F_LNG8713179,atlas,He22,Late cap,gCap,Vas endothelial,True,train
CCACCTACATACGCCG-WSSS_F_LNG8713179,atlas,He22,Late cap,gCap,Vas endothelial,True,train
CCATTCGGTAGCTAAA-WSSS_F_LNG8713179,atlas,He22,Late cap,gCap,Vas endothelial,True,train
CCCTCCTAGAGGGCTT-WSSS_F_LNG8713179,atlas,He22,Late cap,gCap,Vas endothelial,True,train
CCGGTAGAGCTACCTA-WSSS_F_LNG8713179,atlas,He22,Mid cap,gCap,Vas endothelial,True,train
CCGTGGAGTCGTCTTC-WSSS_F_LNG8713179,atlas,He22,Late cap,gCap,Vas endothelial,True,train
CCGTGGATCTATCCCG-WSSS_F_LNG8713179,atlas,He22,Late cap,gCap,Vas endothelial,True,train
CCGTTCAGTCTTTCAT-WSSS_F_LNG8713179,atlas,He22,Late cap,gCap,Vas endothelial,True,test
CCTAAAGCATGTTGAC-WSSS_F_LNG8713179,atlas,He22,Late cap,gCap,Vas endothelial,True,train
CCTAGCTCAAACAACA-WSSS_F_LNG8713179,atlas,He22,Late cap,gCap,Vas endothelial,True,train
CCTAGCTGTAAGTTCC-WSSS_F_LNG8713179,atlas,He22,Late cap,gCap,Vas endothelial,True,train
CCTCTGACACGGCGTT-WSSS_F_LNG8713179,atlas,He22,Mid cap,gCap,Vas endothelial,True,train
CCTTTCTAGTGTCTCA-WSSS_F_LNG8713179,atlas,He22,Late cap,gCap,Vas endothelial,True,train
CGAGCACTCTGACCTC-WSSS_F_LNG8713179,atlas,He22,Late cap,gCap,Vas endothelial,True,train
CGAGCCACATCTCGCT-WSSS_F_LNG8713179,atlas,He22,Late cap,gCap,Vas endothelial,True,train
CGATGTAAGTACACCT-WSSS_F_LNG8713179,atlas,He22,Late cap,gCap,Vas endothelial,True,train
CGCGGTAGTCCTCTTG-WSSS_F_LNG8713179,atlas,He22,Late cap,gCap,Vas endothelial,True,test
CGCGTTTAGAACTGTA-WSSS_F_LNG8713179,atlas,He22,Late cap,gCap,Vas endothelial,True,train
CGCTATCGTAATTGGA-WSSS_F_LNG8713179,atlas,He22,Late cap,gCap,Vas endothelial,True,train
CGCTTCACACGAAGCA-WSSS_F_LNG8713179,atlas,He22,Late cap,gCap,Vas endothelial,True,train
CGGACACTCAAACGGG-WSSS_F_LNG8713179,atlas,He22,Late cap,gCap,Vas endothelial,True,train
CGGACACTCGTAGGTT-WSSS_F_LNG8713179,atlas,He22,Late cap,gCap,Vas endothelial,True,train
CGGACTGAGAGTCGGT-WSSS_F_LNG8713179,atlas,He22,Late cap,gCap,Vas endothelial,True,train
CGGAGCTTCCGGCACA-WSSS_F_LNG8713179,atlas,He22,Late cap,gCap,Vas endothelial,True,train
CGGCTAGTCTGATTCT-WSSS_F_LNG8713179,atlas,He22,Late cap,gCap,Vas endothelial,True,train
CGGGTCAAGTGGGATC-WSSS_F_LNG8713179,atlas,He22,Late cap,gCap,Vas endothelial,True,train
CGGTTAAGTTAAGTAG-WSSS_F_LNG8713179,atlas,He22,Late cap,gCap,Vas endothelial,True,train
CTAATGGTCCCACTTG-WSSS_F_LNG8713179,atlas,He22,Late cap,gCap,Vas endothelial,True,train
CTACACCCAAGGACTG-WSSS_F_LNG8713179,atlas,He22,Late cap,gCap,Vas endothelial,True,train
CTACACCTCATTGCGA-WSSS_F_LNG8713179,atlas,He22,Late cap,gCap,Vas endothelial,True,train
CTACATTCAGACTCGC-WSSS_F_LNG8713179,atlas,He22,Late cap,gCap,Vas endothelial,True,train
CTAGTGACATCCTTGC-WSSS_F_LNG8713179,atlas,He22,Late cap,gCap,Vas endothelial,True,train
CTCTAATAGTAAGTAC-WSSS_F_LNG8713179,atlas,He22,Late cap,gCap,Vas endothelial,True,test
CTGAAGTCATGTCGAT-WSSS_F_LNG8713179,atlas,He22,Late cap,gCap,Vas endothelial,True,train
CTGATCCCATCGACGC-WSSS_F_LNG8713179,atlas,He22,Late cap,gCap,Vas endothelial,True,test
CTGCGGAGTCAGATAA-WSSS_F_LNG8713179,atlas,He22,Late cap,gCap,Vas endothelial,True,train
CTGCTGTGTAAGGGAA-WSSS_F_LNG8713179,atlas,He22,Late cap,gCap,Vas endothelial,True,train
CTGGTCTCAGGTGCCT-WSSS_F_LNG8713179,atlas,He22,Late cap,gCap,Vas endothelial,True,train
CTGGTCTTCACTATTC-WSSS_F_LNG8713179,atlas,He22,Late cap,gCap,Vas endothelial,True,train
CTGTTTAGTCCGTTAA-WSSS_F_LNG8713179,atlas,He22,Late cap,gCap,Vas endothelial,True,train
CTTACCGGTGTCTGAT-WSSS_F_LNG8713179,atlas,He22,Late cap,gCap,Vas endothelial,True,test
GAATAAGAGATGGGTC-WSSS_F_LNG8713179,atlas,He22,Late cap,gCap,Vas endothelial,True,train
GACGCGTGTACAGACG-WSSS_F_LNG8713179,atlas,He22,Late cap,gCap,Vas endothelial,True,train
GACGCGTTCCTTGACC-WSSS_F_LNG8713179,atlas,He22,Late cap,gCap,Vas endothelial,True,train
GACGTGCTCGTAGGTT-WSSS_F_LNG8713179,atlas,He22,Late cap,gCap,Vas endothelial,True,train
GAGGTGATCTTAGAGC-WSSS_F_LNG8713179,atlas,He22,Late cap,gCap,Vas endothelial,True,train
GATGAAACATACTCTT-WSSS_F_LNG8713179,atlas,He22,Late cap,gCap,Vas endothelial,True,test
GCACTCTGTTATCCGA-WSSS_F_LNG8713179,atlas,He22,Late cap,gCap,Vas endothelial,True,train
GCAGTTAAGAAGGACA-WSSS_F_LNG8713179,atlas,He22,Late cap,gCap,Vas endothelial,True,train
GCAGTTAAGCTACCTA-WSSS_F_LNG8713179,atlas,He22,Late cap,gCap,Vas endothelial,True,train
GCATGATAGTAGATGT-WSSS_F_LNG8713179,atlas,He22,Mid cap,gCap,Vas endothelial,True,train
GCATGTAGTCGAGTTT-WSSS_F_LNG8713179,atlas,He22,Late cap,gCap,Vas endothelial,True,train
GCATGTAGTTACGGAG-WSSS_F_LNG8713179,atlas,He22,Late cap,gCap,Vas endothelial,True,test
GCCAAATAGCTGTTCA-WSSS_F_LNG8713179,atlas,He22,Late cap,gCap,Vas endothelial,True,train
GCCAAATGTACAGTTC-WSSS_F_LNG8713179,atlas,He22,Late cap,gCap,Vas endothelial,True,train
GCCAAATTCGTTACGA-WSSS_F_LNG8713179,atlas,He22,Late cap,gCap,Vas endothelial,True,train
GCGACCAAGGTGATTA-WSSS_F_LNG8713179,atlas,He22,Late cap,gCap,Vas endothelial,True,train
GCGAGAAGTAAATACG-WSSS_F_LNG8713179,atlas,He22,Mid cap,gCap,Vas endothelial,True,test
GCGCAGTAGGGCTTCC-WSSS_F_LNG8713179,atlas,He22,Late cap,gCap,Vas endothelial,True,train
GCGCCAATCCGCGCAA-WSSS_F_LNG8713179,atlas,He22,Late cap,gCap,Vas endothelial,True,test
GCGCGATCATCTACGA-WSSS_F_LNG8713179,atlas,He22,Mid cap,gCap,Vas endothelial,True,train
GCGCGATGTAGCGTCC-WSSS_F_LNG8713179,atlas,He22,Late cap,gCap,Vas endothelial,True,train
GCGGGTTAGCCGTCGT-WSSS_F_LNG8713179,atlas,He22,Late cap,gCap,Vas endothelial,True,train
GCTCTGTCAGACGCAA-WSSS_F_LNG8713179,atlas,He22,Late cap,gCap,Vas endothelial,True,train
GCTGCGAAGTGGTAGC-WSSS_F_LNG8713179,atlas,He22,Late cap,gCap,Vas endothelial,True,train
GCTGCGAGTTAAAGAC-WSSS_F_LNG8713179,atlas,He22,Late cap,gCap,Vas endothelial,True,train
GCTTCCAGTAAAGTCA-WSSS_F_LNG8713179,atlas,He22,Late cap,gCap,Vas endothelial,True,train
GGAAAGCAGGTAAACT-WSSS_F_LNG8713179,atlas,He22,Mid cap,gCap,Vas endothelial,True,train
GGAACTTCAGTGAGTG-WSSS_F_LNG8713179,atlas,He22,Late cap,gCap,Vas endothelial,True,train
GGCAATTGTGCCTTGG-WSSS_F_LNG8713179,atlas,He22,Late cap,gCap,Vas endothelial,True,train
GGCTCGATCTACTCAT-WSSS_F_LNG8713179,atlas,He22,Late cap,gCap,Vas endothelial,True,train
GGCTGGTGTGCAACGA-WSSS_F_LNG8713179,atlas,He22,Late cap,gCap,Vas endothelial,True,train
GGGAATGGTCTTTCAT-WSSS_F_LNG8713179,atlas,He22,Late cap,gCap,Vas endothelial,True,train
GGGACCTAGGCCCGTT-WSSS_F_LNG8713179,atlas,He22,Late cap,gCap,Vas endothelial,True,test
GGGATGAGTTATCCGA-WSSS_F_LNG8713179,atlas,He22,Late cap,gCap,Vas endothelial,True,train
GGGCATCCACATCCGG-WSSS_F_LNG8713179,atlas,He22,Late cap,gCap,Vas endothelial,True,test
GGGTTGCGTGGTCCGT-WSSS_F_LNG8713179,atlas,He22,Late cap,gCap,Vas endothelial,True,train
GGGTTGCGTTAAGGGC-WSSS_F_LNG8713179,atlas,He22,Late cap,gCap,Vas endothelial,True,train
GGTGTTATCGCGATCG-WSSS_F_LNG8713179,atlas,He22,Late cap,gCap,Vas endothelial,True,train
GTAACTGAGGTCATCT-WSSS_F_LNG8713179,atlas,He22,Late cap,gCap,Vas endothelial,True,train
GTCACAACACCGCTAG-WSSS_F_LNG8713179,atlas,He22,Late cap,gCap,Vas endothelial,True,train
GTCGTAAGTAGCGTCC-WSSS_F_LNG8713179,atlas,He22,Late cap,gCap,Vas endothelial,True,train
GTCTCGTGTACATCCA-WSSS_F_LNG8713179,atlas,He22,Late cap,gCap,Vas endothelial,True,train
GTCTCGTGTGGCTCCA-WSSS_F_LNG8713179,atlas,He22,Late cap,gCap,Vas endothelial,True,train
GTCTTCGTCTTCAACT-WSSS_F_LNG8713179,atlas,He22,Late cap,gCap,Vas endothelial,True,train
GTGAAGGAGTGATCGG-WSSS_F_LNG8713179,atlas,He22,Late cap,gCap,Vas endothelial,True,train
GTGAAGGTCTAACTTC-WSSS_F_LNG8713179,atlas,He22,Late cap,gCap,Vas endothelial,True,train
GTGCATACATTCGACA-WSSS_F_LNG8713179,atlas,He22,Late cap,gCap,Vas endothelial,True,train
GTGCGGTCAATAGCGG-WSSS_F_LNG8713179,atlas,He22,Late cap,gCap,Vas endothelial,True,test
GTTCATTAGATAGTCA-WSSS_F_LNG8713179,atlas,He22,Late cap,gCap,Vas endothelial,True,train
GTTTCTAAGTTAGGTA-WSSS_F_LNG8713179,atlas,He22,Late cap,gCap,Vas endothelial,True,test
GTTTCTACAGACGCCT-WSSS_F_LNG8713179,atlas,He22,Late cap,gCap,Vas endothelial,True,train
TAAACCGCAAGACACG-WSSS_F_LNG8713179,atlas,He22,Late cap,gCap,Vas endothelial,True,train
TAAACCGGTACCGTTA-WSSS_F_LNG8713179,atlas,He22,Late cap,gCap,Vas endothelial,True,train
TACACGACACCAGCAC-WSSS_F_LNG8713179,atlas,He22,Late cap,gCap,Vas endothelial,True,train
TACACGATCGTTTATC-WSSS_F_LNG8713179,atlas,He22,Late cap,gCap,Vas endothelial,True,train
TACCTTAGTTTCCACC-WSSS_F_LNG8713179,atlas,He22,Late cap,gCap,Vas endothelial,True,train
TACGGATAGCCCGAAA-WSSS_F_LNG8713179,atlas,He22,Late cap,gCap,Vas endothelial,True,train
TACGGATCAAGCGAGT-WSSS_F_LNG8713179,atlas,He22,Late cap,gCap,Vas endothelial,True,test
TACGGATGTCTTGTCC-WSSS_F_LNG8713179,atlas,He22,Late cap,gCap,Vas endothelial,True,train
TACGGATTCACATGCA-WSSS_F_LNG8713179,atlas,He22,Late cap,gCap,Vas endothelial,True,train
TAGGCATTCTTGGGTA-WSSS_F_LNG8713179,atlas,He22,Late cap,gCap,Vas endothelial,True,train
TATCTCAGTGTGCCTG-WSSS_F_LNG8713179,atlas,He22,Late cap,gCap,Vas endothelial,True,train
TATGCCCCACGTCAGC-WSSS_F_LNG8713179,atlas,He22,Late cap,gCap,Vas endothelial,True,test
TCAATCTGTGCAGTAG-WSSS_F_LNG8713179,atlas,He22,Late cap,gCap,Vas endothelial,True,train
TCAGATGCATCACGTA-WSSS_F_LNG8713179,atlas,He22,Late cap,gCap,Vas endothelial,True,train
TCAGCAACACGAAGCA-WSSS_F_LNG8713179,atlas,He22,Late cap,gCap,Vas endothelial,True,train
TCAGCAAGTAGCAAAT-WSSS_F_LNG8713179,atlas,He22,Late cap,gCap,Vas endothelial,True,train
TCAGGTACAAGCCGCT-WSSS_F_LNG8713179,atlas,He22,Late cap,gCap,Vas endothelial,True,train
TCCCGATGTCGGATCC-WSSS_F_LNG8713179,atlas,He22,Late cap,gCap,Vas endothelial,True,test
TCGCGTTAGTCCCACG-WSSS_F_LNG8713179,atlas,He22,Late cap,gCap,Vas endothelial,True,train
TCGCGTTCAGTCCTTC-WSSS_F_LNG8713179,atlas,He22,Late cap,gCap,Vas endothelial,True,train
TCTATTGCAGACGCTC-WSSS_F_LNG8713179,atlas,He22,Late cap,gCap,Vas endothelial,True,train
TCTATTGCAGCCTTGG-WSSS_F_LNG8713179,atlas,He22,Late cap,gCap,Vas endothelial,True,test
TCTGAGAGTTCTGAAC-WSSS_F_LNG8713179,atlas,He22,Late cap,gCap,Vas endothelial,True,train
TCTTCGGGTACCAGTT-WSSS_F_LNG8713179,atlas,He22,Late cap,gCap,Vas endothelial,True,train
TGAAAGACACAAGCCC-WSSS_F_LNG8713179,atlas,He22,Late cap,gCap,Vas endothelial,True,train
TGAAAGACATCGGGTC-WSSS_F_LNG8713179,atlas,He22,Late cap,gCap,Vas endothelial,True,train
TGACTTTTCAGGTTCA-WSSS_F_LNG8713179,atlas,He22,Late cap,gCap,Vas endothelial,True,train
TGAGCATTCAGCATGT-WSSS_F_LNG8713179,atlas,He22,Late cap,gCap,Vas endothelial,True,train
TGAGCATTCGCCAGCA-WSSS_F_LNG8713179,atlas,He22,Late cap,gCap,Vas endothelial,True,train
TGCACCTGTCAGCTAT-WSSS_F_LNG8713179,atlas,He22,Late cap,gCap,Vas endothelial,True,train
TGCCCTAAGATGTGTA-WSSS_F_LNG8713179,atlas,He22,Late cap,gCap,Vas endothelial,True,train
TGCGCAGCACAGGCCT-WSSS_F_LNG8713179,atlas,He22,Late cap,gCap,Vas endothelial,True,train
TGCTACCCAGATTGCT-WSSS_F_LNG8713179,atlas,He22,Late cap,gCap,Vas endothelial,True,train
TGGACGCTCAACGGGA-WSSS_F_LNG8713179,atlas,He22,Late cap,gCap,Vas endothelial,True,train
TGGCGCATCTGGAGCC-WSSS_F_LNG8713179,atlas,He22,Late cap,gCap,Vas endothelial,True,test
TGGGAAGCAAACAACA-WSSS_F_LNG8713179,atlas,He22,Late cap,gCap,Vas endothelial,True,train
TGTATTCTCCGAATGT-WSSS_F_LNG8713179,atlas,He22,Late cap,gCap,Vas endothelial,True,valid
TGTCCCATCTTAACCT-WSSS_F_LNG8713179,atlas,He22,Late cap,gCap,Vas endothelial,True,train
TGTGTTTGTAAACACA-WSSS_F_LNG8713179,atlas,He22,Late cap,gCap,Vas endothelial,True,train
TTAGGACAGTGGGCTA-WSSS_F_LNG8713179,atlas,He22,Mid cap,gCap,Vas endothelial,True,train
TTAGGACGTAAATACG-WSSS_F_LNG8713179,atlas,He22,Late cap,gCap,Vas endothelial,True,train
TTAGGCAGTTTGGCGC-WSSS_F_LNG8713179,atlas,He22,Late cap,gCap,Vas endothelial,True,train
TTCGAAGCAGTCAGAG-WSSS_F_LNG8713179,atlas,He22,Late cap,gCap,Vas endothelial,True,test
TTCGAAGCATCAGTAC-WSSS_F_LNG8713179,atlas,He22,Late cap,gCap,Vas endothelial,True,train
TTCGAAGTCCGCGCAA-WSSS_F_LNG8713179,atlas,He22,Late cap,gCap,Vas endothelial,True,train
TTCGGTCGTTCGAATC-WSSS_F_LNG8713179,atlas,He22,Late cap,gCap,Vas endothelial,True,test
TTCTCCTCAGCGATCC-WSSS_F_LNG8713179,atlas,He22,Late cap,gCap,Vas endothelial,True,train
TTCTTAGGTCCAGTGC-WSSS_F_LNG8713179,atlas,He22,Late cap,gCap,Vas endothelial,True,train
TTGGAACAGACTACAA-WSSS_F_LNG8713179,atlas,He22,Late cap,gCap,Vas endothelial,True,train
TTGGAACAGTCAAGGC-WSSS_F_LNG8713179,atlas,He22,Late cap,gCap,Vas endothelial,True,train
TTGGAACTCGCAGGCT-WSSS_F_LNG8713179,atlas,He22,Late cap,gCap,Vas endothelial,True,train
TTGTAGGTCAGTTTGG-WSSS_F_LNG8713179,atlas,He22,Late cap,gCap,Vas endothelial,True,train
TTTATGCAGACGCTTT-WSSS_F_LNG8713179,atlas,He22,Late cap,gCap,Vas endothelial,True,train
TTTCCTCAGGGCTTGA-WSSS_F_LNG8713179,atlas,He22,Late cap,gCap,Vas endothelial,True,train
AACTCAGGTTTGCATG-WSSS_F_LNG8713180,atlas,He22,Late cap,gCap,Vas endothelial,True,train
ACACCAAAGGCATGGT-WSSS_F_LNG8713180,atlas,He22,Late cap,gCap,Vas endothelial,True,train
ACATACGAGAGCTGCA-WSSS_F_LNG8713180,atlas,He22,Late cap,gCap,Vas endothelial,True,train
AGCGTATCAATAGAGT-WSSS_F_LNG8713180,atlas,He22,Late cap,gCap,Vas endothelial,True,test
AGCTCCTCACGGTAGA-WSSS_F_LNG8713180,atlas,He22,Late cap,gCap,Vas endothelial,True,train
AGGTCCGTCCAAACAC-WSSS_F_LNG8713180,atlas,He22,Late cap,gCap,Vas endothelial,True,train
ATCTGCCCACGGTGTC-WSSS_F_LNG8713180,atlas,He22,Late cap,gCap,Vas endothelial,True,test
CAAGATCCAAGTTAAG-WSSS_F_LNG8713180,atlas,He22,Late cap,gCap,Vas endothelial,True,train
CAAGTTGTCATGGTCA-WSSS_F_LNG8713180,atlas,He22,Late cap,gCap,Vas endothelial,True,train
CACTCCACACTTCTGC-WSSS_F_LNG8713180,atlas,He22,Late cap,gCap,Vas endothelial,True,train
CAGTAACCACTTCTGC-WSSS_F_LNG8713180,atlas,He22,Late cap,gCap,Vas endothelial,True,train
CAGTCCTGTAGCTAAA-WSSS_F_LNG8713180,atlas,He22,Late cap,gCap,Vas endothelial,True,test
CATATTCGTGAGCGAT-WSSS_F_LNG8713180,atlas,He22,Late cap,gCap,Vas endothelial,True,train
CATCAGACACATTTCT-WSSS_F_LNG8713180,atlas,He22,Late cap,gCap,Vas endothelial,True,train
CATCGGGCAAGGTTTC-WSSS_F_LNG8713180,atlas,He22,Late cap,gCap,Vas endothelial,True,train
CATTCGCAGAATTGTG-WSSS_F_LNG8713180,atlas,He22,Late cap,gCap,Vas endothelial,True,train
CCACCTATCGGACAAG-WSSS_F_LNG8713180,atlas,He22,Mid cap,gCap,Vas endothelial,True,train
CCACTACCAGGATTGG-WSSS_F_LNG8713180,atlas,He22,Mid cap,gCap,Vas endothelial,True,train
CCCAATCGTCTCCACT-WSSS_F_LNG8713180,atlas,He22,Late cap,gCap,Vas endothelial,True,train
CCGTTCAAGACTAGAT-WSSS_F_LNG8713180,atlas,He22,Late cap,gCap,Vas endothelial,True,train
CCGTTCAGTAGAGCTG-WSSS_F_LNG8713180,atlas,He22,Late cap,gCap,Vas endothelial,True,train
CCTCAGTAGGTGTTAA-WSSS_F_LNG8713180,atlas,He22,Late cap,gCap,Vas endothelial,True,test
CGATCGGCAGATAATG-WSSS_F_LNG8713180,atlas,He22,Late cap,gCap,Vas endothelial,True,train
CGATTGATCAACACTG-WSSS_F_LNG8713180,atlas,He22,Late cap,gCap,Vas endothelial,True,train
CGCTGGAAGCTGAAAT-WSSS_F_LNG8713180,atlas,He22,Late cap,gCap,Vas endothelial,True,train
CGGTTAATCAAACCAC-WSSS_F_LNG8713180,atlas,He22,Late cap,gCap,Vas endothelial,True,train
CTAATGGCAAGCGATG-WSSS_F_LNG8713180,atlas,He22,Late cap,gCap,Vas endothelial,True,test
CTACCCACAAGTCATC-WSSS_F_LNG8713180,atlas,He22,Late cap,gCap,Vas endothelial,True,train
CTCCTAGCATATGGTC-WSSS_F_LNG8713180,atlas,He22,Late cap,gCap,Vas endothelial,True,train
CTCTAATCACAAGTAA-WSSS_F_LNG8713180,atlas,He22,Mid cap,gCap,Vas endothelial,True,train
CTGAAGTGTGCAGACA-WSSS_F_LNG8713180,atlas,He22,Late cap,gCap,Vas endothelial,True,train
CTGTGCTAGCCGATTT-WSSS_F_LNG8713180,atlas,He22,Late cap,gCap,Vas endothelial,True,test
CTTAACTTCTGCCAGG-WSSS_F_LNG8713180,atlas,He22,Late cap,gCap,Vas endothelial,True,test
CTTAGGATCACAATGC-WSSS_F_LNG8713180,atlas,He22,Mid cap,gCap,Vas endothelial,True,test
GACAGAGCAATGACCT-WSSS_F_LNG8713180,atlas,He22,Late cap,gCap,Vas endothelial,True,train
GACGGCTCATCATCCC-WSSS_F_LNG8713180,atlas,He22,Late cap,gCap,Vas endothelial,True,train
GATCGCGAGGATCGCA-WSSS_F_LNG8713180,atlas,He22,Late cap,gCap,Vas endothelial,True,train
GCAGTTATCGGACAAG-WSSS_F_LNG8713180,atlas,He22,Late cap,gCap,Vas endothelial,True,train
GCATACAAGCTAACTC-WSSS_F_LNG8713180,atlas,He22,Late cap,gCap,Vas endothelial,True,train
GCATACATCTGTCTAT-WSSS_F_LNG8713180,atlas,He22,Mid cap,gCap,Vas endothelial,True,train
GCATGATCACATAACC-WSSS_F_LNG8713180,atlas,He22,Late cap,gCap,Vas endothelial,True,train
GCATGCGGTTATCACG-WSSS_F_LNG8713180,atlas,He22,Late cap,gCap,Vas endothelial,True,train
GCATGTAAGCCGTCGT-WSSS_F_LNG8713180,atlas,He22,Late cap,gCap,Vas endothelial,True,train
GCCTCTAAGAAGGCCT-WSSS_F_LNG8713180,atlas,He22,Late cap,gCap,Vas endothelial,True,train
GCGCAACAGATATGGT-WSSS_F_LNG8713180,atlas,He22,Late cap,gCap,Vas endothelial,True,test
GCGCAACAGCGTTGCC-WSSS_F_LNG8713180,atlas,He22,Late cap,gCap,Vas endothelial,True,train
GCGCAGTGTTCAACCA-WSSS_F_LNG8713180,atlas,He22,Late cap,gCap,Vas endothelial,True,train
GCGCGATAGGACATTA-WSSS_F_LNG8713180,atlas,He22,Late cap,gCap,Vas endothelial,True,test
GCTTGAACACAGGTTT-WSSS_F_LNG8713180,atlas,He22,Late cap,gCap,Vas endothelial,True,train
GGAATAAAGCCCAACC-WSSS_F_LNG8713180,atlas,He22,Late cap,gCap,Vas endothelial,True,train
GGACAGACAAAGTCAA-WSSS_F_LNG8713180,atlas,He22,Late cap,gCap,Vas endothelial,True,train
GGACAGATCTTGAGGT-WSSS_F_LNG8713180,atlas,He22,Late cap,gCap,Vas endothelial,True,train
GGACGTCGTCTTGATG-WSSS_F_LNG8713180,atlas,He22,Late cap,gCap,Vas endothelial,True,train
GGCGACTCAGCGTAAG-WSSS_F_LNG8713180,atlas,He22,Late cap,gCap,Vas endothelial,True,valid
GGCTGGTAGCCACTAT-WSSS_F_LNG8713180,atlas,He22,Late cap,gCap,Vas endothelial,True,train
GGGATGAGTGATGCCC-WSSS_F_LNG8713180,atlas,He22,Late cap,gCap,Vas endothelial,True,train
GTAACTGGTTCCGTCT-WSSS_F_LNG8713180,atlas,He22,Late cap,gCap,Vas endothelial,True,train
GTACTCCTCACTCCTG-WSSS_F_LNG8713180,atlas,He22,Mid cap,gCap,Vas endothelial,True,valid
GTCACGGAGATGTGTA-WSSS_F_LNG8713180,atlas,He22,Late cap,gCap,Vas endothelial,True,train
GTGCGGTAGACACTAA-WSSS_F_LNG8713180,atlas,He22,Late cap,gCap,Vas endothelial,True,train
GTTAAGCCACCAGCAC-WSSS_F_LNG8713180,atlas,He22,Late cap,gCap,Vas endothelial,True,train
TACGGATGTCGCGTGT-WSSS_F_LNG8713180,atlas,He22,Late cap,gCap,Vas endothelial,True,train
TCACAAGCAGTTCATG-WSSS_F_LNG8713180,atlas,He22,Late cap,gCap,Vas endothelial,True,test
TCAGCAAGTACTCGCG-WSSS_F_LNG8713180,atlas,He22,Late cap,gCap,Vas endothelial,True,train
TCATTTGCAGCCTTTC-WSSS_F_LNG8713180,atlas,He22,Late cap,gCap,Vas endothelial,True,train
TCGCGTTAGATGCCAG-WSSS_F_LNG8713180,atlas,He22,Late cap,gCap,Vas endothelial,True,train
TCTTCGGGTCGCGGTT-WSSS_F_LNG8713180,atlas,He22,Late cap,gCap,Vas endothelial,True,train
TGACAACTCCTGTAGA-WSSS_F_LNG8713180,atlas,He22,Late cap,gCap,Vas endothelial,True,test
TGACTAGGTAGCGTAG-WSSS_F_LNG8713180,atlas,He22,Mid cap,gCap,Vas endothelial,True,train
TGAGCATTCGGCGGTT-WSSS_F_LNG8713180,atlas,He22,Late cap,gCap,Vas endothelial,True,train
TGCCAAAGTAGCAAAT-WSSS_F_LNG8713180,atlas,He22,Late cap,gCap,Vas endothelial,True,train
TGCGTGGTCAACGAAA-WSSS_F_LNG8713180,atlas,He22,Late cap,gCap,Vas endothelial,True,train
TGCTGCTGTGCCTGGT-WSSS_F_LNG8713180,atlas,He22,Late cap,gCap,Vas endothelial,True,test
TTCCCAGCAAGTTGTC-WSSS_F_LNG8713180,atlas,He22,Late cap,gCap,Vas endothelial,True,train
TTCGAAGCATGACATC-WSSS_F_LNG8713180,atlas,He22,Mid cap,gCap,Vas endothelial,True,train
TTGCCGTTCTTGTCAT-WSSS_F_LNG8713180,atlas,He22,Late cap,gCap,Vas endothelial,True,train
TTGGAACGTGCGCTTG-WSSS_F_LNG8713180,atlas,He22,Late cap,gCap,Vas endothelial,True,train
AAGCCGCCACCATGTA-WSSS_F_LNG8713181,atlas,He22,Late cap,gCap,Vas endothelial,True,train
AAGGAGCCAGACAAAT-WSSS_F_LNG8713181,atlas,He22,Late cap,gCap,Vas endothelial,True,train
ACACCCTCACCTCGGA-WSSS_F_LNG8713181,atlas,He22,Late cap,gCap,Vas endothelial,True,train
ACAGCCGTCTTCCTTC-WSSS_F_LNG8713181,atlas,He22,Late cap,gCap,Vas endothelial,True,test
ACAGCTAGTATTCTCT-WSSS_F_LNG8713181,atlas,He22,Late cap,gCap,Vas endothelial,True,train
ACATACGTCTTATCTG-WSSS_F_LNG8713181,atlas,He22,Late cap,gCap,Vas endothelial,True,train
ACATCAGGTCAACATC-WSSS_F_LNG8713181,atlas,He22,Late cap,gCap,Vas endothelial,True,train
ACCAGTAGTAGCTGCC-WSSS_F_LNG8713181,atlas,He22,Late cap,gCap,Vas endothelial,True,train
AGAGCGAAGCCCAATT-WSSS_F_LNG8713181,atlas,He22,Late cap,gCap,Vas endothelial,True,train
AGGGATGGTAAATGTG-WSSS_F_LNG8713181,atlas,He22,Late cap,gCap,Vas endothelial,True,train
ATAACGCTCAACACTG-WSSS_F_LNG8713181,atlas,He22,Late cap,gCap,Vas endothelial,True,test
ATAACGCTCCGAACGC-WSSS_F_LNG8713181,atlas,He22,Late cap,gCap,Vas endothelial,True,train
ATCACGAAGACCGGAT-WSSS_F_LNG8713181,atlas,He22,Late cap,gCap,Vas endothelial,True,train
ATCATGGTCCCTTGTG-WSSS_F_LNG8713181,atlas,He22,Late cap,gCap,Vas endothelial,True,train
ATGAGGGTCCGTTGCT-WSSS_F_LNG8713181,atlas,He22,Late cap,gCap,Vas endothelial,True,train
ATGCGATGTTTGGCGC-WSSS_F_LNG8713181,atlas,He22,Late cap,gCap,Vas endothelial,True,train
ATTACTCAGTTAGCGG-WSSS_F_LNG8713181,atlas,He22,Late cap,gCap,Vas endothelial,True,train
CAACCTCCAAACGTGG-WSSS_F_LNG8713181,atlas,He22,Late cap,gCap,Vas endothelial,True,train
CAAGAAACATCACGAT-WSSS_F_LNG8713181,atlas,He22,Late cap,gCap,Vas endothelial,True,train
CAAGAAAGTCACAAGG-WSSS_F_LNG8713181,atlas,He22,Late cap,gCap,Vas endothelial,True,train
CAAGTTGGTACAGCAG-WSSS_F_LNG8713181,atlas,He22,Mid cap,gCap,Vas endothelial,True,train
CACAAACGTAGTAGTA-WSSS_F_LNG8713181,atlas,He22,Late cap,gCap,Vas endothelial,True,train
CACATAGGTCTCACCT-WSSS_F_LNG8713181,atlas,He22,Late cap,gCap,Vas endothelial,True,train
CACCTTGAGTCCGTAT-WSSS_F_LNG8713181,atlas,He22,Late cap,gCap,Vas endothelial,True,train
CATATTCAGACCACGA-WSSS_F_LNG8713181,atlas,He22,Late cap,gCap,Vas endothelial,True,test
CCATTCGGTAGCCTCG-WSSS_F_LNG8713181,atlas,He22,Late cap,gCap,Vas endothelial,True,train
CCTTCCCTCCCTTGCA-WSSS_F_LNG8713181,atlas,He22,Late cap,gCap,Vas endothelial,True,train
CGATGTACACTACAGT-WSSS_F_LNG8713181,atlas,He22,Mid cap,gCap,Vas endothelial,True,test
CGGAGCTCAATCCGAT-WSSS_F_LNG8713181,atlas,He22,Late cap,gCap,Vas endothelial,True,train
CGTCTACCACACAGAG-WSSS_F_LNG8713181,atlas,He22,Late cap,gCap,Vas endothelial,True,train
CGTTAGATCGTAGATC-WSSS_F_LNG8713181,atlas,He22,Late cap,gCap,Vas endothelial,True,train
CTAACTTGTTCAGGCC-WSSS_F_LNG8713181,atlas,He22,Late cap,gCap,Vas endothelial,True,train
CTCCTAGTCCTGTAGA-WSSS_F_LNG8713181,atlas,He22,Late cap,gCap,Vas endothelial,True,train
CTCGGGACAATGCCAT-WSSS_F_LNG8713181,atlas,He22,Late cap,gCap,Vas endothelial,True,test
CTGCCTAGTAGAAGGA-WSSS_F_LNG8713181,atlas,He22,Late cap,gCap,Vas endothelial,True,train
CTGGTCTGTACAGTTC-WSSS_F_LNG8713181,atlas,He22,Late cap,gCap,Vas endothelial,True,train
CTTACCGCACCCTATC-WSSS_F_LNG8713181,atlas,He22,Late cap,gCap,Vas endothelial,True,train
GAATAAGTCCGCATCT-WSSS_F_LNG8713181,atlas,He22,Late cap,gCap,Vas endothelial,True,train
GACTAACGTCAAGCGA-WSSS_F_LNG8713181,atlas,He22,Late cap,gCap,Vas endothelial,True,train
GACTAACGTCTGCCAG-WSSS_F_LNG8713181,atlas,He22,Late cap,gCap,Vas endothelial,True,train
GACTAACTCGTTACGA-WSSS_F_LNG8713181,atlas,He22,Late cap,gCap,Vas endothelial,True,test
GAGCAGAAGCTGCGAA-WSSS_F_LNG8713181,atlas,He22,Mid cap,gCap,Vas endothelial,True,test
GAGCAGACACATGGGA-WSSS_F_LNG8713181,atlas,He22,Mid cap,gCap,Vas endothelial,True,train
GATCGATCAATTCCTT-WSSS_F_LNG8713181,atlas,He22,Late cap,gCap,Vas endothelial,True,train
GCACTCTTCCTACAGA-WSSS_F_LNG8713181,atlas,He22,Late cap,gCap,Vas endothelial,True,train
GCTGCAGCAAGCTGAG-WSSS_F_LNG8713181,atlas,He22,Late cap,gCap,Vas endothelial,True,train
GCTGCTTAGCCAACAG-WSSS_F_LNG8713181,atlas,He22,Late cap,gCap,Vas endothelial,True,train
GGAAAGCAGGCAGGTT-WSSS_F_LNG8713181,atlas,He22,Late cap,gCap,Vas endothelial,True,test
GGACATTAGACACGAC-WSSS_F_LNG8713181,atlas,He22,Late cap,gCap,Vas endothelial,True,train
GGCTGGTTCCACTCCA-WSSS_F_LNG8713181,atlas,He22,Late cap,gCap,Vas endothelial,True,test
GGTATTGGTTCTGAAC-WSSS_F_LNG8713181,atlas,He22,Late cap,gCap,Vas endothelial,True,train
GTCACGGTCGTTTATC-WSSS_F_LNG8713181,atlas,He22,Late cap,gCap,Vas endothelial,True,test
GTCTCGTTCTGTCAAG-WSSS_F_LNG8713181,atlas,He22,Late cap,gCap,Vas endothelial,True,train
GTGAAGGGTACGCACC-WSSS_F_LNG8713181,atlas,He22,Late cap,gCap,Vas endothelial,True,train
GTTCTCGAGACGCACA-WSSS_F_LNG8713181,atlas,He22,Late cap,gCap,Vas endothelial,True,train
TACTTGTGTTACCGAT-WSSS_F_LNG8713181,atlas,He22,Late cap,gCap,Vas endothelial,True,train
TAGAGCTGTAAGTGTA-WSSS_F_LNG8713181,atlas,He22,Late cap,gCap,Vas endothelial,True,train
TCACAAGAGACTGTAA-WSSS_F_LNG8713181,atlas,He22,Mid cap,gCap,Vas endothelial,True,train
TCCCGATCAAGGTTTC-WSSS_F_LNG8713181,atlas,He22,Late cap,gCap,Vas endothelial,True,train
TCTATTGAGGCTCTTA-WSSS_F_LNG8713181,atlas,He22,Late cap,gCap,Vas endothelial,True,train
TCTTCGGAGTTTGCGT-WSSS_F_LNG8713181,atlas,He22,Late cap,gCap,Vas endothelial,True,train
TGACTAGGTTGGTAAA-WSSS_F_LNG8713181,atlas,He22,Late cap,gCap,Vas endothelial,True,test
TGATTTCCAGGATCGA-WSSS_F_LNG8713181,atlas,He22,Late cap,gCap,Vas endothelial,True,test
TGATTTCGTCTCTCGT-WSSS_F_LNG8713181,atlas,He22,Late cap,gCap,Vas endothelial,True,test
TGGCTGGGTTCGCTAA-WSSS_F_LNG8713181,atlas,He22,Late cap,gCap,Vas endothelial,True,train
TGGGAAGTCGCGATCG-WSSS_F_LNG8713181,atlas,He22,Late cap,gCap,Vas endothelial,True,train
TGGTTAGGTCGCCATG-WSSS_F_LNG8713181,atlas,He22,Late cap,gCap,Vas endothelial,True,train
TGTGTTTCAAGTCATC-WSSS_F_LNG8713181,atlas,He22,Late cap,gCap,Vas endothelial,True,train
TTCGAAGAGATCGGGT-WSSS_F_LNG8713181,atlas,He22,Late cap,gCap,Vas endothelial,True,valid
TTCTCAATCCCAACGG-WSSS_F_LNG8713181,atlas,He22,Late cap,gCap,Vas endothelial,True,train
AACTCAGAGTAGGTGC-1_1_1,bpd,Acute26,Pericyte,Pericyte,Mesenchymal,True,train
CAGGTGCTCGCTGATA-1_1_1,bpd,Acute26,Pericyte,Pericyte,Mesenchymal,True,train
GTACTTTAGGTGCTAG-1_1_1,bpd,Acute26,Pericyte,Pericyte,Mesenchymal,True,train
CAACCTCGTCAACATC-1_1_1,bpd,Acute26,Pericyte,Pericyte,Mesenchymal,True,train
ACTTTCACATGCCCGA-1_1_1,bpd,Acute26,Pericyte,Pericyte,Mesenchymal,True,train
ATCGAGTCAGACAGGT-1_1_1,bpd,Acute26,Pericyte,Pericyte,Mesenchymal,True,train
GGGAATGTCAGTCAGT-1_1_1,bpd,Acute26,Pericyte,Pericyte,Mesenchymal,True,train
TTGACTTCAGCCTTTC-1_1_1,bpd,Acute26,Pericyte,Pericyte,Mesenchymal,True,test
CCGGGATGTAACGACG-1_1_1,bpd,Acute26,Pericyte,Pericyte,Mesenchymal,True,train
CCGTACTGTTTGACAC-1_1_1,bpd,Acute26,Pericyte,Pericyte,Mesenchymal,True,train
CTAATGGCAGAGCCAA-1_1_1,bpd,Acute26,Pericyte,Pericyte,Mesenchymal,True,train
CACACCTCAGTAACGG-1_1_1,bpd,Acute26,Pericyte,Pericyte,Mesenchymal,True,train
ATGCGATTCCGTTGCT-1_1_1,bpd,Acute26,Pericyte,Pericyte,Mesenchymal,True,train
TTGGCAAGTTGAGGTG-1_1_1,bpd,Acute26,Pericyte,Pericyte,Mesenchymal,True,train
GTGGGTCAGTTGTAGA-1_1_1,bpd,Acute26,Pericyte,Pericyte,Mesenchymal,True,train
GACCTGGGTTATTCTC-1_1_1,bpd,Acute26,Pericyte,Pericyte,Mesenchymal,True,train
TGCCAAAGTCGCGGTT-1_1_1,bpd,Acute26,Pericyte,Pericyte,Mesenchymal,True,train
TAGACCAAGAGCTGCA-1_1_1,bpd,Acute26,Pericyte,Pericyte,Mesenchymal,True,test
CACCACTAGCAGGCTA-1_1_1,bpd,Acute26,Pericyte,Pericyte,Mesenchymal,True,train
AGTAGTCGTACCCAAT-1_1_1,bpd,Acute26,Pericyte,Pericyte,Mesenchymal,True,train
AGCGTATGTCGTGGCT-1_1_1,bpd,Acute26,Pericyte,Pericyte,Mesenchymal,True,train
AACCGCGTCTAGAGTC-1_1_1,bpd,Acute26,Pericyte,Pericyte,Mesenchymal,True,train
GCATACAGTCTCTCTG-1_1_1,bpd,Acute26,Pericyte,Pericyte,Mesenchymal,True,train
TCAATCTAGTTTAGGA-1_1_1,bpd,Acute26,Pericyte,Pericyte,Mesenchymal,True,train
TTGCGTCAGACTACAA-1_1_1,bpd,Acute26,Pericyte,Pericyte,Mesenchymal,True,train
TCAACGATCGTTACAG-1_1_1,bpd,Acute26,Pericyte,Pericyte,Mesenchymal,True,test
GCCTCTACATGAAGTA-1_1_1,bpd,Acute26,Pericyte,Pericyte,Mesenchymal,True,train
GGTGTTAGTCCAGTTA-1_1_1,bpd,Acute26,Pericyte,Pericyte,Mesenchymal,True,train
GGTGAAGAGAAACCAT-1_1_1,bpd,Acute26,Pericyte,Pericyte,Mesenchymal,True,train
CACAGGCGTACCGAGA-1_1_1,bpd,Acute26,Pericyte,Pericyte,Mesenchymal,True,train
AATCGGTCAACCGCCA-1_1_1,bpd,Acute26,Pericyte,Pericyte,Mesenchymal,True,train
CGTTCTGAGTAATCCC-1_1_1,bpd,Acute26,Pericyte,Pericyte,Mesenchymal,True,train
TCAGGATTCCGATATG-1_1_1,bpd,Acute26,Pericyte,Pericyte,Mesenchymal,True,train
GCGCAGTAGTGACTCT-1_1_1,bpd,Acute26,Pericyte,Pericyte,Mesenchymal,True,test
CCTCTGAAGGTCATCT-1_1_1,bpd,Acute26,Pericyte,Pericyte,Mesenchymal,True,train
AGATCTGCAGCTCGAC-1_1_1,bpd,Acute26,Pericyte,Pericyte,Mesenchymal,True,train
ACGCAGCTCGTTGACA-1_1_1,bpd,Acute26,Pericyte,Pericyte,Mesenchymal,True,train
AAGGAGCGTTGAGGTG-1_1_1,bpd,Acute26,Pericyte,Pericyte,Mesenchymal,True,train
AAAGTAGAGTCGTACT-1_1_1,bpd,Acute26,Pericyte,Pericyte,Mesenchymal,True,train
ATCTACTGTACTTGAC-1_1_1,bpd,Acute26,Pericyte,Pericyte,Mesenchymal,True,train
TTGAACGGTACCGAGA-1_1_1,bpd,Acute26,Pericyte,Pericyte,Mesenchymal,True,test
CAGCATAGTGCATCTA-1_1_1,bpd,Acute26,Pericyte,Pericyte,Mesenchymal,True,train
CATCAGATCGTTGCCT-1_1_1,bpd,Acute26,Pericyte,Pericyte,Mesenchymal,True,train
CAGCATACACCAGATT-1_1_1,bpd,Acute26,Pericyte,Pericyte,Mesenchymal,True,train
GTGGGTCAGAGCCCAA-1_1_1,bpd,Acute26,Pericyte,Pericyte,Mesenchymal,True,test
CGAACATCACACCGAC-1_1_1,bpd,Acute26,Pericyte,Pericyte,Mesenchymal,True,train
CCCTCCTAGATCGATA-1_1_1,bpd,Acute26,Pericyte,Pericyte,Mesenchymal,True,test
TCCACACTCCTCTAGC-1_1_1,bpd,Acute26,Pericyte,Pericyte,Mesenchymal,True,train
AAAGTAGAGCGTGAGT-1_1_1,bpd,Acute26,Pericyte,Pericyte,Mesenchymal,True,train
TACGGATCATGGGACA-1_1_1,bpd,Acute26,Pericyte,Pericyte,Mesenchymal,True,train
TTGAACGCATCCAACA-1_1_1,bpd,Acute26,Pericyte,Pericyte,Mesenchymal,True,train
TTAGGCATCACCAGGC-1_1_1,bpd,Acute26,Pericyte,Pericyte,Mesenchymal,True,test
AAGTCTGAGGAATGGA-1_1_1,bpd,Acute26,Pericyte,Pericyte,Mesenchymal,True,train
AATCGGTTCAAGGTAA-1_1_1,bpd,Acute26,Pericyte,Pericyte,Mesenchymal,True,train
AACACGTGTGTTTGGT-1_1_1,bpd,Acute26,Pericyte,Pericyte,Mesenchymal,True,train
GCTGCTTAGATATGCA-1_1_1,bpd,Acute26,Pericyte,Pericyte,Mesenchymal,True,train
CGCTATCTCCGAAGAG-1_1_1,bpd,Acute26,Pericyte,Pericyte,Mesenchymal,True,train
CACACAATCTTGTTTG-1_1_1,bpd,Acute26,Pericyte,Pericyte,Mesenchymal,True,train
CCTATTATCTCTGTCG-1_1_1,bpd,Acute26,Pericyte,Pericyte,Mesenchymal,True,train
GCAAACTAGCCAGTAG-1_1_1,bpd,Acute26,Pericyte,Pericyte,Mesenchymal,True,train
CACAAACTCCATGAGT-1_1_1,bpd,Acute26,Pericyte,Pericyte,Mesenchymal,True,train
CCCAATCGTGTGCCTG-1_1_1,bpd,Acute26,Pericyte,Pericyte,Mesenchymal,True,train
TGACAACGTCTTTCAT-1_1_1,bpd,Acute26,Pericyte,Pericyte,Mesenchymal,True,train
AAGCCGCAGATAGTCA-1_1_1,bpd,Acute26,Pericyte,Pericyte,Mesenchymal,True,test
CTCCTAGCACCGAAAG-1_1_1,bpd,Acute26,Pericyte,Pericyte,Mesenchymal,True,test
TCAATCTTCGTCTGAA-1_1_1,bpd,Acute26,Pericyte,Pericyte,Mesenchymal,True,train
ATTCTACTCGGAAATA-1_1_1,bpd,Acute26,Pericyte,Pericyte,Mesenchymal,True,train
TGACTAGAGACCGGAT-1_1_1,bpd,Acute26,Pericyte,Pericyte,Mesenchymal,True,train
TAGCCGGCAACGCACC-1_1_1,bpd,Acute26,Pericyte,Pericyte,Mesenchymal,True,train
GCAATCACAAACTGTC-1_1_1,bpd,Acute26,Pericyte,Pericyte,Mesenchymal,True,train
GGAATAAAGGCGATAC-1_1_1,bpd,Acute26,Pericyte,Pericyte,Mesenchymal,True,train
CGTCACTTCATTGCCC-1_1_1,bpd,Acute26,Pericyte,Pericyte,Mesenchymal,True,train
GGTGCGTTCCAACCAA-1_1_1,bpd,Acute26,Pericyte,Pericyte,Mesenchymal,True,train
CACATAGAGCCACGTC-1_1_1,bpd,Acute26,Pericyte,Pericyte,Mesenchymal,True,train
AGATTGCCATACTACG-1_1_1,bpd,Acute26,Pericyte,Pericyte,Mesenchymal,True,train
ATAAGAGAGCTATGCT-1_1_1,bpd,Acute26,Pericyte,Pericyte,Mesenchymal,True,train
CGTCAGGAGTCGCCGT-1_1_1,bpd,Acute26,Pericyte,Pericyte,Mesenchymal,True,train
CCTTTCTGTCTAGCCG-1_1_1,bpd,Acute26,Pericyte,Pericyte,Mesenchymal,True,train
GGACAAGCAGCTGCAC-1_1_1,bpd,Acute26,Pericyte,Pericyte,Mesenchymal,True,train
ATTCTACAGAGTACCG-1_1_1,bpd,Acute26,Pericyte,Pericyte,Mesenchymal,True,train
ACATACGAGCAGATCG-1_1_1,bpd,Acute26,Pericyte,Pericyte,Mesenchymal,True,test
TCTCTAATCGGCGGTT-1_1_1,bpd,Acute26,Pericyte,Pericyte,Mesenchymal,True,train
CTCTAATAGGCCCGTT-1_1_1,bpd,Acute26,Pericyte,Pericyte,Mesenchymal,True,train
CACATAGAGCTTTGGT-1_1_1,bpd,Acute26,Pericyte,Pericyte,Mesenchymal,True,train
TTCGAAGTCTGTACGA-1_1_1,bpd,Acute26,Pericyte,Pericyte,Mesenchymal,True,train
TCAGCAAGTGCCTGGT-1_1_1,bpd,Acute26,Pericyte,Pericyte,Mesenchymal,True,train
TGTGGTAGTAATAGCA-1_1_1,bpd,Acute26,Pericyte,Pericyte,Mesenchymal,True,train
GTTAAGCAGTTAAGTG-1_1_1,bpd,Acute26,Pericyte,Pericyte,Mesenchymal,True,test
AAAGCAACATGCAACT-1_1_1,bpd,Acute26,Pericyte,Pericyte,Mesenchymal,True,train
GGAAAGCGTTGCTCCT-1_1_1,bpd,Acute26,Pericyte,Pericyte,Mesenchymal,True,train
TACGGATGTCAGATAA-1_1_1,bpd,Acute26,Pericyte,Pericyte,Mesenchymal,True,train
ATCCACCAGGCTAGCA-1_1_1,bpd,Acute26,Pericyte,Pericyte,Mesenchymal,True,train
CTAGCCTAGACCGGAT-1_1_1,bpd,Acute26,Pericyte,Pericyte,Mesenchymal,True,train
ATTTCTGCAGGATTGG-1_1_1,bpd,Acute26,Pericyte,Pericyte,Mesenchymal,True,train
CGGAGCTCAAACCTAC-1_1_1,bpd,Acute26,Pericyte,Pericyte,Mesenchymal,True,train
ACACCGGCAGTCAGCC-1_1_1,bpd,Acute26,Pericyte,Pericyte,Mesenchymal,True,test
GACGGCTCACGGTAGA-1_1_1,bpd,Acute26,Pericyte,Pericyte,Mesenchymal,True,train
GTTACAGAGACAGGCT-1_1_1,bpd,Acute26,Pericyte,Pericyte,Mesenchymal,True,train
AGGCCGTAGATCACGG-1_1_1,bpd,Acute26,Pericyte,Pericyte,Mesenchymal,True,train
ATCTGCCCAGCGATCC-1_1_1,bpd,Acute26,Pericyte,Pericyte,Mesenchymal,True,train
GAGTCCGGTTCGGCAC-1_1_1,bpd,Acute26,Pericyte,Pericyte,Mesenchymal,True,train
TTAGGCACAAAGGCGT-1_1_1,bpd,Acute26,Pericyte,Pericyte,Mesenchymal,True,train
CGATCGGGTACACCGC-1_1_1,bpd,Acute26,Pericyte,Pericyte,Mesenchymal,True,train
GTCAAGTTCGGCGCAT-1_1_1,bpd,Acute26,Pericyte,Pericyte,Mesenchymal,True,train
ACCAGTAAGGTACTCT-1_1_1,bpd,Acute26,Pericyte,Pericyte,Mesenchymal,True,train
TTTACTGCACGAAGCA-1_1_1,bpd,Acute26,Pericyte,Pericyte,Mesenchymal,True,train
GACGCGTGTTACCAGT-1_1_1,bpd,Acute26,Pericyte,Pericyte,Mesenchymal,True,train
CAGGTGCAGAGCAATT-1_1_1,bpd,Acute26,Pericyte,Pericyte,Mesenchymal,True,test
ACGATACGTAATCGTC-1_1_1,bpd,Acute26,Pericyte,Pericyte,Mesenchymal,True,train
TGCTACCGTCTAGCCG-1_1_1,bpd,Acute26,Pericyte,Pericyte,Mesenchymal,True,train
CTGAAACGTAAACCTC-1_1_1,bpd,Acute26,Pericyte,Pericyte,Mesenchymal,True,train
CTACGTCTCAGTTTGG-1_1_1,bpd,Acute26,Pericyte,Pericyte,Mesenchymal,True,train
GACCAATGTAAGTAGT-1_1_1,bpd,Acute26,Pericyte,Pericyte,Mesenchymal,True,train
CGACTTCAGACATAAC-1_1_1,bpd,Acute26,Pericyte,Pericyte,Mesenchymal,True,train
GCGACCATCGATGAGG-1_1_1,bpd,Acute26,Pericyte,Pericyte,Mesenchymal,True,train
CCTTTCTAGCCACGCT-1_1_1,bpd,Acute26,Pericyte,Pericyte,Mesenchymal,True,test
CCACGGAAGAATAGGG-1_1_1,bpd,Acute26,Pericyte,Pericyte,Mesenchymal,True,train
ACAGCTAAGACAATAC-1_1_1,bpd,Acute26,Pericyte,Pericyte,Mesenchymal,True,test
TGCGTGGGTTTGTGTG-1_1_1,bpd,Acute26,Pericyte,Pericyte,Mesenchymal,True,train
TTCTACAAGCGGATCA-1_1_1,bpd,Acute26,Pericyte,Pericyte,Mesenchymal,True,train
GTTACAGCAGCCTTGG-1_1_1,bpd,Acute26,Pericyte,Pericyte,Mesenchymal,True,train
CATTATCCAGGTGGAT-1_1_1,bpd,Acute26,Pericyte,Pericyte,Mesenchymal,True,train
TTGCCGTAGATGCCAG-1_1_1,bpd,Acute26,Pericyte,Pericyte,Mesenchymal,True,train
CACTCCACACCGATAT-1_1_1,bpd,Acute26,Pericyte,Pericyte,Mesenchymal,True,valid
ATCACGACAAGCCATT-1_1_1,bpd,Acute26,Pericyte,Pericyte,Mesenchymal,True,train
TCAATCTAGACTTTCG-1_1_1,bpd,Acute26,Pericyte,Pericyte,Mesenchymal,True,train
GGATGTTGTTGCTCCT-1_1_1,bpd,Acute26,Pericyte,Pericyte,Mesenchymal,True,train
CGGACTGTCTAACCGA-1_1_1,bpd,Acute26,Pericyte,Pericyte,Mesenchymal,True,train
CATCCACCACTGCCAG-1_1_1,bpd,Acute26,Pericyte,Pericyte,Mesenchymal,True,train
AAAGCAAAGCCAGTTT-1_1_1,bpd,Acute26,Pericyte,Pericyte,Mesenchymal,True,train
TCGAGGCAGTCTCAAC-1_1_1,bpd,Acute26,Pericyte,Pericyte,Mesenchymal,True,test
GATCGTACATACTACG-1_1_1,bpd,Acute26,Pericyte,Pericyte,Mesenchymal,True,train
TCGGGACAGAAACGCC-1_1_1,bpd,Acute26,Pericyte,Pericyte,Mesenchymal,True,train
ACTGAGTGTTCCCGAG-1_1_1,bpd,Acute26,Pericyte,Pericyte,Mesenchymal,True,train
GGTGAAGCATTTGCTT-1_1_1,bpd,Acute26,Pericyte,Pericyte,Mesenchymal,True,train
GGAACTTAGATCTGCT-1_1_1,bpd,Acute26,Pericyte,Pericyte,Mesenchymal,True,train
ACTTTCACAGACGTAG-1_1_1,bpd,Acute26,Pericyte,Pericyte,Mesenchymal,True,train
TCGGGACTCTTGTACT-1_1_1,bpd,Acute26,Pericyte,Pericyte,Mesenchymal,True,train
GGAACTTTCTCTAGGA-1_1_1,bpd,Acute26,Pericyte,Pericyte,Mesenchymal,True,train
TGACTAGTCCCTAATT-1_1_1,bpd,Acute26,Pericyte,Pericyte,Mesenchymal,True,train
TCGTACCCAAGCTGAG-1_1_1,bpd,Acute26,Pericyte,Pericyte,Mesenchymal,True,train
TAAGCGTGTGGCCCTA-1_1_1,bpd,Acute26,Pericyte,Pericyte,Mesenchymal,True,train
CAGTCCTGTTGTCGCG-1_1_1,bpd,Acute26,Pericyte,Pericyte,Mesenchymal,True,test
AGAGCGACAGGGCATA-1_1_1,bpd,Acute26,Pericyte,Pericyte,Mesenchymal,True,test
CCGGGATTCAGTTGAC-1_1_1,bpd,Acute26,Pericyte,Pericyte,Mesenchymal,True,train
TCTATTGAGTGCGATG-1_1_1,bpd,Acute26,Pericyte,Pericyte,Mesenchymal,True,train
CGCGTTTAGAAGGGTA-1_1_1,bpd,Acute26,Pericyte,Pericyte,Mesenchymal,True,test
GTAGGCCTCTATCCCG-1_1_1,bpd,Acute26,Pericyte,Pericyte,Mesenchymal,True,train
CGTTGGGTCTCCAACC-1_1_1,bpd,Acute26,Pericyte,Pericyte,Mesenchymal,True,train
CAGCTGGCAATCTACG-1_1_1,bpd,Acute26,Pericyte,Pericyte,Mesenchymal,True,train
TACTTGTGTCGTCTTC-1_1_1,bpd,Acute26,Pericyte,Pericyte,Mesenchymal,True,train
CTGGTCTAGAAACCGC-1_1_1,bpd,Acute26,Pericyte,Pericyte,Mesenchymal,True,train
AAACGGGCAGGGTTAG-1_1_1,bpd,Acute26,Pericyte,Pericyte,Mesenchymal,True,train
TCATTACCACAACTGT-1_1_1,bpd,Acute26,Pericyte,Pericyte,Mesenchymal,True,test
AGTGAGGAGACCACGA-1_1_1,bpd,Acute26,Pericyte,Pericyte,Mesenchymal,True,train
AGAGTGGGTAGCGTCC-1_1_1,bpd,Acute26,Pericyte,Pericyte,Mesenchymal,True,train
CAGCATAAGTACCGGA-1_1_1,bpd,Acute26,Pericyte,Pericyte,Mesenchymal,True,train
TAGAGCTGTACTTCTT-1_1_1,bpd,Acute26,Pericyte,Pericyte,Mesenchymal,True,train
GGGAGATAGGATATAC-1_1_1,bpd,Acute26,Pericyte,Pericyte,Mesenchymal,True,train
CCACCTATCCTTTCGG-1_1_1,bpd,Acute26,Pericyte,Pericyte,Mesenchymal,True,train
GACCAATAGTTACGGG-1_1_1,bpd,Acute26,Pericyte,Pericyte,Mesenchymal,True,train
CTGCGGATCCGTCAAA-1_1_1,bpd,Acute26,Pericyte,Pericyte,Mesenchymal,True,train
GTGCTTCAGAGGTTAT-1_1_1,bpd,Acute26,Pericyte,Pericyte,Mesenchymal,True,train
TAAACCGCATTCTCAT-1_1_1,bpd,Acute26,Pericyte,Pericyte,Mesenchymal,True,train
CTCACACTCCTCAACC-1_1_1,bpd,Acute26,Pericyte,Pericyte,Mesenchymal,True,train
CGTAGCGGTGATAAGT-1_1_1,bpd,Acute26,Pericyte,Pericyte,Mesenchymal,True,train
AGGCCGTCAATAAGCA-1_1_1,bpd,Acute26,Pericyte,Pericyte,Mesenchymal,True,train
CCCAGTTTCGGACAAG-1_1_1,bpd,Acute26,Pericyte,Pericyte,Mesenchymal,True,train
AATCCAGGTTTAGCTG-1_1_1,bpd,Acute26,Pericyte,Pericyte,Mesenchymal,True,train
AAACGGGAGGTCATCT-1_1_1,bpd,Acute26,Pericyte,Pericyte,Mesenchymal,True,train
CGGACACTCCTGTAGA-1_1_1,bpd,Acute26,Pericyte,Pericyte,Mesenchymal,True,test
TCAATCTGTCGGCTCA-1_1_1,bpd,Acute26,Pericyte,Pericyte,Mesenchymal,True,train
GTCACGGGTTGAACTC-1_1_1,bpd,Acute26,Pericyte,Pericyte,Mesenchymal,True,train
CTCACACTCCCTAACC-1_1_1,bpd,Acute26,Pericyte,Pericyte,Mesenchymal,True,train
CAGCATACACAGAGGT-1_1_1,bpd,Acute26,Pericyte,Pericyte,Mesenchymal,True,train
TTGCGTCTCTATGTGG-1_1_1,bpd,Acute26,Pericyte,Pericyte,Mesenchymal,True,train
ACGATACCAGGCGATA-1_1_1,bpd,Acute26,Pericyte,Pericyte,Mesenchymal,True,train
AGCTTGATCGCGTAGC-1_1_1,bpd,Acute26,Pericyte,Pericyte,Mesenchymal,True,train
AGGGTGACATGAACCT-1_1_1,bpd,Acute26,Pericyte,Pericyte,Mesenchymal,True,train
AACTCTTTCCAGTATG-1_1_1,bpd,Acute26,Pericyte,Pericyte,Mesenchymal,True,train
ATCGAGTAGACTAGGC-1_1_1,bpd,Acute26,Pericyte,Pericyte,Mesenchymal,True,test
CTGCGGATCATCACCC-1_1_1,bpd,Acute26,Pericyte,Pericyte,Mesenchymal,True,train
TGCGCAGGTGATGTGG-1_1_1,bpd,Acute26,Pericyte,Pericyte,Mesenchymal,True,train
CTCATTATCTGAGGGA-1_1_1,bpd,Acute26,Pericyte,Pericyte,Mesenchymal,True,train
CCAATCCCATCCTTGC-1_1_1,bpd,Acute26,Pericyte,Pericyte,Mesenchymal,True,train
ATCCACCCAAGCCTAT-1_1_1,bpd,Acute26,Pericyte,Pericyte,Mesenchymal,True,valid
ACCTTTAAGCAGCCTC-1_1_1,bpd,Acute26,Pericyte,Pericyte,Mesenchymal,True,train
GGATGTTCACGGTAAG-1_1_1,bpd,Acute26,Pericyte,Pericyte,Mesenchymal,True,train
GTTTCTATCCTTTACA-1_1_1,bpd,Acute26,Pericyte,Pericyte,Mesenchymal,True,train
TGATTTCAGAGTGACC-1_1_1,bpd,Acute26,Pericyte,Pericyte,Mesenchymal,True,train
TTAGTTCCACGGTGTC-1_1_1,bpd,Acute26,Pericyte,Pericyte,Mesenchymal,True,train
GATTCAGAGCCAGTAG-1_1_1,bpd,Acute26,Pericyte,Pericyte,Mesenchymal,True,train
ACATACGCAGATGGGT-1_1_1,bpd,Acute26,Pericyte,Pericyte,Mesenchymal,True,test
AAAGATGAGCGTTTAC-1_1_1,bpd,Acute26,Pericyte,Pericyte,Mesenchymal,True,train
GAATGAAAGCTAGCCC-1_1_1,bpd,Acute26,Pericyte,Pericyte,Mesenchymal,True,train
ATAGACCCAAATCCGT-1_1_1,bpd,Acute26,Pericyte,Pericyte,Mesenchymal,True,test
GTAACGTGTCAACATC-1_1_1,bpd,Acute26,Pericyte,Pericyte,Mesenchymal,True,test
AGGTCCGGTTTAGCTG-1_1_1,bpd,Acute26,Pericyte,Pericyte,Mesenchymal,True,train
AGGGAGTAGAGTCGGT-1_1_1,bpd,Acute26,Pericyte,Pericyte,Mesenchymal,True,train
CATCAGACAGACGCTC-1_1_1,bpd,Acute26,Pericyte,Pericyte,Mesenchymal,True,train
CGTGTAATCGCACTCT-1_1_1,bpd,Acute26,Pericyte,Pericyte,Mesenchymal,True,train
TGGGAAGGTTTCGCTC-1_1_1,bpd,Acute26,Pericyte,Pericyte,Mesenchymal,True,train
GCTTCCATCCAACCAA-1_1_1,bpd,Acute26,Pericyte,Pericyte,Mesenchymal,True,train
TCTCATAGTTTGGGCC-1_1_1,bpd,Acute26,Pericyte,Pericyte,Mesenchymal,True,train
CTCGTCAGTAACGCGA-1_1_1,bpd,Acute26,Pericyte,Pericyte,Mesenchymal,True,train
ACTTACTTCTTGAGGT-1_1_1,bpd,Acute26,Pericyte,Pericyte,Mesenchymal,True,train
CAAGAAACACTCTGTC-1_1_1,bpd,Acute26,Pericyte,Pericyte,Mesenchymal,True,train
TGCCAAATCCCATTTA-1_1_1,bpd,Acute26,Pericyte,Pericyte,Mesenchymal,True,train
TACGGATGTCGCATAT-1_1_1,bpd,Acute26,Pericyte,Pericyte,Mesenchymal,True,train
CGCTTCATCTAACTTC-1_1_1,bpd,Acute26,Pericyte,Pericyte,Mesenchymal,True,train
TACGGGCCAACGCACC-1_1_1,bpd,Acute26,Pericyte,Pericyte,Mesenchymal,True,train
AACTGGTGTGTCGCTG-1_1_1,bpd,Acute26,Pericyte,Pericyte,Mesenchymal,True,train
AGCAGCCGTCAACTGT-1_1_1,bpd,Acute26,Pericyte,Pericyte,Mesenchymal,True,train
TTTGCGCCACTTGGAT-1_1_1,bpd,Acute26,Pericyte,Pericyte,Mesenchymal,True,train
CTTACCGGTCATCCCT-1_1_1,bpd,Acute26,Pericyte,Pericyte,Mesenchymal,True,train
GCACTCTTCCGCATCT-1_1_1,bpd,Acute26,Pericyte,Pericyte,Mesenchymal,True,train
ATGCGATGTCGCGGTT-1_1_1,bpd,Acute26,Pericyte,Pericyte,Mesenchymal,True,train
TACAGTGGTAAGGGAA-1_1_1,bpd,Acute26,Pericyte,Pericyte,Mesenchymal,True,test
GAACGGACATTACGAC-1_1_1,bpd,Acute26,Pericyte,Pericyte,Mesenchymal,True,train
CTCGGGACAAAGAATC-1_1_1,bpd,Acute26,Pericyte,Pericyte,Mesenchymal,True,train
CAGCTAACACGAAACG-1_1_1,bpd,Acute26,Pericyte,Pericyte,Mesenchymal,True,test
AGGTCATAGTAGCCGA-1_1_1,bpd,Acute26,Pericyte,Pericyte,Mesenchymal,True,train
AGTCTTTAGTTAGGTA-1_1_1,bpd,Acute26,Pericyte,Pericyte,Mesenchymal,True,train
ACTGCTCAGCGCTTAT-1_1_1,bpd,Acute26,Pericyte,Pericyte,Mesenchymal,True,train
TCATTTGTCCGATATG-1_1_1,bpd,Acute26,Pericyte,Pericyte,Mesenchymal,True,test
CAGCAGCTCGAATCCA-1_1_1,bpd,Acute26,Pericyte,Pericyte,Mesenchymal,True,test
CAGCAGCTCAATCTCT-1_1_1,bpd,Acute26,Pericyte,Pericyte,Mesenchymal,True,train
AGCATACAGACTGTAA-1_1_1,bpd,Acute26,Pericyte,Pericyte,Mesenchymal,True,train
AGAGTGGAGGTGCACA-1_1_1,bpd,Acute26,Pericyte,Pericyte,Mesenchymal,True,test
CCGTACTAGGGCTCTC-1_1_1,bpd,Acute26,Pericyte,Pericyte,Mesenchymal,True,train
CCACGGATCGGCCGAT-1_1_1,bpd,Acute26,Pericyte,Pericyte,Mesenchymal,True,train
TTTGCGCGTATTCTCT-1_1_1,bpd,Acute26,Pericyte,Pericyte,Mesenchymal,True,train
TTGCCGTTCTACGAGT-1_1_1,bpd,Acute26,Pericyte,Pericyte,Mesenchymal,True,train
CATCCACCAGATCGGA-1_1_1,bpd,Acute26,Pericyte,Pericyte,Mesenchymal,True,train
AGATCTGAGGCAATTA-1_1_1,bpd,Acute26,Pericyte,Pericyte,Mesenchymal,True,train
ACGGCCACAGCCTTGG-1_1_1,bpd,Acute26,Pericyte,Pericyte,Mesenchymal,True,train
ATGGGAGGTCTGGTCG-1_1_1,bpd,Acute26,Pericyte,Pericyte,Mesenchymal,True,train
CGGAGCTCAGTGACAG-1_1_1,bpd,Acute26,Pericyte,Pericyte,Mesenchymal,True,train
TGGCTGGTCTTGTATC-1_1_1,bpd,Acute26,Pericyte,Pericyte,Mesenchymal,True,train
TAGTGGTAGAGCCCAA-1_1_1,bpd,Acute26,Pericyte,Pericyte,Mesenchymal,True,train
CGTCAGGCAGACAAAT-1_1_1,bpd,Acute26,Pericyte,Pericyte,Mesenchymal,True,test
ACAGCCGAGCGATCCC-1_1_1,bpd,Acute26,Pericyte,Pericyte,Mesenchymal,True,test
GCAGTTATCCGAATGT-1_1_1,bpd,Acute26,Pericyte,Pericyte,Mesenchymal,True,train
AAAGCAATCTTCCTTC-1_1_1,bpd,Acute26,Pericyte,Pericyte,Mesenchymal,True,train
GCCTCTATCCGTAGTA-1_1_1,bpd,Acute26,Pericyte,Pericyte,Mesenchymal,True,train
TGGGCGTTCCCTAACC-1_1_1,bpd,Acute26,Pericyte,Pericyte,Mesenchymal,True,train
TTGGAACTCGGTTCGG-1_1_1,bpd,Acute26,Pericyte,Pericyte,Mesenchymal,True,test
GTGCTTCAGCGATGAC-1_1_1,bpd,Acute26,Pericyte,Pericyte,Mesenchymal,True,test
TGACTTTCATCGGAAG-1_1_1,bpd,Acute26,Pericyte,Pericyte,Mesenchymal,True,train
GCTCTGTTCTTTAGGG-1_1_1,bpd,Acute26,Pericyte,Pericyte,Mesenchymal,True,train
CAGCGACTCATAAAGG-1_1_1,bpd,Acute26,Pericyte,Pericyte,Mesenchymal,True,test
GTATCTTCACGGATAG-1_1_1,bpd,Acute26,Pericyte,Pericyte,Mesenchymal,True,train
CGTTGGGCAGGCTCAC-1_1_1,bpd,Acute26,Pericyte,Pericyte,Mesenchymal,True,train
CGATCGGTCAGCTCTC-1_1_1,bpd,Acute26,Pericyte,Pericyte,Mesenchymal,True,test
AATCGGTCATCCGTGG-1_1_1,bpd,Acute26,Pericyte,Pericyte,Mesenchymal,True,test
CTCATTATCAACTCTT-1_1_1,bpd,Acute26,Pericyte,Pericyte,Mesenchymal,True,test
AGAGCTTGTAGCGTAG-1_1_1,bpd,Acute26,Pericyte,Pericyte,Mesenchymal,True,test
CACCAGGGTGTCGCTG-1_1_1,bpd,Acute26,Pericyte,Pericyte,Mesenchymal,True,train
AAGTCTGTCGAGGTAG-1_1_1,bpd,Acute26,Pericyte,Pericyte,Mesenchymal,True,train
TTCTCCTTCACGGTTA-1_1_1,bpd,Acute26,Pericyte,Pericyte,Mesenchymal,True,train
TCATTACGTCAGGACA-1_1_1,bpd,Acute26,Pericyte,Pericyte,Mesenchymal,True,train
AAACGGGGTCCAAGTT-1_1_1,bpd,Acute26,Pericyte,Pericyte,Mesenchymal,True,train
CTAGAGTCATGTCTCC-1_1_1,bpd,Acute26,Pericyte,Pericyte,Mesenchymal,True,train
TCTGAGACAAGTCTAC-1_1_1,bpd,Acute26,Pericyte,Pericyte,Mesenchymal,True,train
ACCCACTGTTGGGACA-1_1_1,bpd,Acute26,Pericyte,Pericyte,Mesenchymal,True,train
TTAACTCCAAGGCTCC-1_1_1,bpd,Acute26,Pericyte,Pericyte,Mesenchymal,True,train
GGAATAATCACTTATC-1_1_1,bpd,Acute26,Pericyte,Pericyte,Mesenchymal,True,train
TATCTCACAGGCTGAA-1_1_1,bpd,Acute26,Pericyte,Pericyte,Mesenchymal,True,train
ACAGCTACAAGAGGCT-1_1_1,bpd,Acute26,Pericyte,Pericyte,Mesenchymal,True,train
TCTCTAAGTCTCCATC-1_1_1,bpd,Acute26,Pulmonary venous EC,Pulmonary venous EC,Endothelial,True,train
CTCCTAGCATGCTAGT-1_1_1,bpd,Acute26,Pulmonary venous EC,Pulmonary venous EC,Endothelial,True,test
TCGCGTTCAATTGCTG-1_1_1,bpd,Acute26,Pulmonary venous EC,Pulmonary venous EC,Endothelial,True,train
GCATGCGGTAGCGTGA-1_1_1,bpd,Acute26,Pulmonary venous EC,Pulmonary venous EC,Endothelial,True,train
TGGACGCAGAATGTTG-1_1_1,bpd,Acute26,Pulmonary venous EC,Pulmonary venous EC,Endothelial,True,test
ACTGAACGTCATATGC-1_1_1,bpd,Acute26,Pulmonary venous EC,Pulmonary venous EC,Endothelial,True,train
AAAGCAAAGGAGTTGC-1_1_1,bpd,Acute26,Pulmonary venous EC,Pulmonary venous EC,Endothelial,True,train
GTCCTCAGTCTCTCGT-1_1_1,bpd,Acute26,Pulmonary venous EC,Pulmonary venous EC,Endothelial,True,train
TGAGCCGAGTACTTGC-1_1_1,bpd,Acute26,Pulmonary venous EC,Pulmonary venous EC,Endothelial,True,test
GTAGTCACAGGACGTA-1_1_1,bpd,Acute26,Pulmonary venous EC,Pulmonary venous EC,Endothelial,True,train
TACTCATTCGTTTATC-1_1_1,bpd,Acute26,Pulmonary venous EC,Pulmonary venous EC,Endothelial,True,train
CCCTCCTAGCTAAGAT-1_1_1,bpd,Acute26,Pulmonary venous EC,Pulmonary venous EC,Endothelial,True,test
CACATTTAGCGTTTAC-1_1_1,bpd,Acute26,Pulmonary venous EC,Pulmonary venous EC,Endothelial,True,train
GCTGGGTTCCTAAGTG-1_1_1,bpd,Acute26,Pulmonary venous EC,Pulmonary venous EC,Endothelial,True,train
AACCGCGCACAAGCCC-1_1_1,bpd,Acute26,Pulmonary venous EC,Pulmonary venous EC,Endothelial,True,train
CTGTGCTGTACTTCTT-1_1_1,bpd,Acute26,Pulmonary venous EC,Pulmonary venous EC,Endothelial,True,train
TCATTTGCACATGGGA-1_1_1,bpd,Acute26,Pulmonary venous EC,Pulmonary venous EC,Endothelial,True,train
CCTACCAAGAATGTTG-1_1_1,bpd,Acute26,Pulmonary venous EC,Pulmonary venous EC,Endothelial,True,test
CTCAGAACATATACCG-1_1_1,bpd,Acute26,Pulmonary venous EC,Pulmonary venous EC,Endothelial,True,test
CTGATCCAGTGCGATG-1_1_1,bpd,Acute26,Pulmonary venous EC,Pulmonary venous EC,Endothelial,True,test
GTAGGCCTCGCCCTTA-1_1_1,bpd,Acute26,Pulmonary venous EC,Pulmonary venous EC,Endothelial,True,test
GGACAGACAGCTGTAT-1_1_1,bpd,Acute26,Pulmonary venous EC,Pulmonary venous EC,Endothelial,True,train
AACTGGTTCACAGGCC-1_1_1,bpd,Acute26,Pulmonary venous EC,Pulmonary venous EC,Endothelial,True,train
TCGTAGAAGCGTAGTG-1_1_1,bpd,Acute26,Pulmonary venous EC,Pulmonary venous EC,Endothelial,True,train
TAGTGGTGTGATAAAC-1_1_1,bpd,Acute26,Pulmonary venous EC,Pulmonary venous EC,Endothelial,True,train
TTGAACGCATTGTGCA-1_1_1,bpd,Acute26,Pulmonary venous EC,Pulmonary venous EC,Endothelial,True,train
ATCGAGTCAGATCTGT-1_1_1,bpd,Acute26,Pulmonary venous EC,Pulmonary venous EC,Endothelial,True,train
GTATCTTTCCTTCAAT-1_1_1,bpd,Acute26,Pulmonary venous EC,Pulmonary venous EC,Endothelial,True,train
GTCAAGTTCCCAAGTA-1_1_1,bpd,Acute26,Pulmonary venous EC,Pulmonary venous EC,Endothelial,True,train
TTGGCAATCCTCCTAG-1_1_1,bpd,Acute26,Pulmonary venous EC,Pulmonary venous EC,Endothelial,True,train
GACTAACGTGCAGACA-1_1_1,bpd,Acute26,Pulmonary venous EC,Pulmonary venous EC,Endothelial,True,train
GCGCAACAGATGTAAC-1_1_1,bpd,Acute26,Pulmonary venous EC,Pulmonary venous EC,Endothelial,True,train
TGCACCTGTTTACTCT-1_1_1,bpd,Acute26,Pulmonary venous EC,Pulmonary venous EC,Endothelial,True,train
GGCCGATTCCTTTCGG-1_1_1,bpd,Acute26,Pulmonary venous EC,Pulmonary venous EC,Endothelial,True,train
CAAGGCCAGTACGATA-1_1_1,bpd,Acute26,Pulmonary venous EC,Pulmonary venous EC,Endothelial,True,train
TAAGTGCTCGGCGCAT-1_1_1,bpd,Acute26,Pulmonary venous EC,Pulmonary venous EC,Endothelial,True,train
GCGAGAACACATCCAA-1_1_1,bpd,Acute26,Pulmonary venous EC,Pulmonary venous EC,Endothelial,True,train
TGGCTGGCAAACGCGA-1_1_1,bpd,Acute26,Pulmonary venous EC,Pulmonary venous EC,Endothelial,True,train
ACCCACTGTGGTACAG-1_1_1,bpd,Acute26,Pulmonary venous EC,Pulmonary venous EC,Endothelial,True,test
GGTGTTAAGGGTCTCC-1_1_1,bpd,Acute26,Pulmonary venous EC,Pulmonary venous EC,Endothelial,True,train
GTCAAGTCAAGAAGAG-1_1_1,bpd,Acute26,Pulmonary venous EC,Pulmonary venous EC,Endothelial,True,train
CAGTCCTCAGGGATTG-1_1_1,bpd,Acute26,Pulmonary venous EC,Pulmonary venous EC,Endothelial,True,train
CAGATCATCCAAACAC-1_1_1,bpd,Acute26,Pulmonary venous EC,Pulmonary venous EC,Endothelial,True,train
GCGCGATCACAACGTT-1_1_1,bpd,Acute26,Pulmonary venous EC,Pulmonary venous EC,Endothelial,True,valid
TTTCCTCTCCTCAATT-1_1_1,bpd,Acute26,Pulmonary venous EC,Pulmonary venous EC,Endothelial,True,train
TAAGTGCAGGAGTACC-1_1_1,bpd,Acute26,Pulmonary venous EC,Pulmonary venous EC,Endothelial,True,train
TTGACTTAGTGGCACA-1_1_1,bpd,Acute26,Pulmonary venous EC,Pulmonary venous EC,Endothelial,True,train
ACTGTCCAGAGATGAG-1_1_1,bpd,Acute26,Pulmonary venous EC,Pulmonary venous EC,Endothelial,True,train
CTGGTCTGTCCGCTGA-1_1_1,bpd,Acute26,Pulmonary venous EC,Pulmonary venous EC,Endothelial,True,test
ACACCGGTCTCGAGTA-1_1_1,bpd,Acute26,Pulmonary venous EC,Pulmonary venous EC,Endothelial,True,train
ATCCACCTCGTTACGA-1_1_1,bpd,Acute26,Pulmonary venous EC,Pulmonary venous EC,Endothelial,True,train
CACACCTTCGGAATCT-1_1_1,bpd,Acute26,Pulmonary venous EC,Pulmonary venous EC,Endothelial,True,train
TCGCGAGCATCACGAT-1_1_1,bpd,Acute26,Pulmonary venous EC,Pulmonary venous EC,Endothelial,True,test
CATATTCGTGGCGAAT-1_1_1,bpd,Acute26,Pulmonary venous EC,Pulmonary venous EC,Endothelial,True,train
GGAATAAGTGGCAAAC-1_1_1,bpd,Acute26,Pulmonary venous EC,Pulmonary venous EC,Endothelial,True,train
TGGCTGGCACAACTGT-1_1_1,bpd,Acute26,Pulmonary venous EC,Pulmonary venous EC,Endothelial,True,train
GGATTACAGGGAGTAA-1_1_1,bpd,Acute26,Pulmonary venous EC,Pulmonary venous EC,Endothelial,True,train
GCAGCCAGTTATGTGC-1_1_1,bpd,Acute26,Pulmonary venous EC,Pulmonary venous EC,Endothelial,True,train
GCGACCATCTCCGGTT-1_1_1,bpd,Acute26,Pulmonary venous EC,Pulmonary venous EC,Endothelial,True,train
ATTATCCGTTTAGGAA-1_1_1,bpd,Acute26,Pulmonary venous EC,Pulmonary venous EC,Endothelial,True,train
ACGGCCAAGTGTCCCG-1_1_1,bpd,Acute26,Pulmonary venous EC,Pulmonary venous EC,Endothelial,True,train
AGGGAGTTCGCCAGCA-1_1_1,bpd,Acute26,Pulmonary venous EC,Pulmonary venous EC,Endothelial,True,train
GCTTGAAAGCCGATTT-1_1_1,bpd,Acute26,Pulmonary venous EC,Pulmonary venous EC,Endothelial,True,train
GTTCGGGCAATGTAAG-1_1_1,bpd,Acute26,Pulmonary venous EC,Pulmonary venous EC,Endothelial,True,train
AACCGCGAGGTAGCTG-1_1_1,bpd,Acute26,Pulmonary venous EC,Pulmonary venous EC,Endothelial,True,test
CTAGTGAAGATCCCGC-1_1_1,bpd,Acute26,Pulmonary venous EC,Pulmonary venous EC,Endothelial,True,train
GACACGCGTCAGGACA-1_1_1,bpd,Acute26,Pulmonary venous EC,Pulmonary venous EC,Endothelial,True,train
GATCGTATCCTCAATT-1_1_1,bpd,Acute26,Pulmonary venous EC,Pulmonary venous EC,Endothelial,True,train
GGAACTTTCACCATAG-1_1_1,bpd,Acute26,Pulmonary venous EC,Pulmonary venous EC,Endothelial,True,train
TCATTACGTAGCCTAT-1_1_1,bpd,Acute26,Pulmonary venous EC,Pulmonary venous EC,Endothelial,True,train
TACACGAAGCGATAGC-1_1_1,bpd,Acute26,Pulmonary venous EC,Pulmonary venous EC,Endothelial,True,train
GGACATTGTCAAAGCG-1_1_1,bpd,Acute26,Pulmonary venous EC,Pulmonary venous EC,Endothelial,True,train
GGAACTTAGCGTGAAC-1_1_1,bpd,Acute26,Pulmonary venous EC,Pulmonary venous EC,Endothelial,True,train
CTCGGAGTCTGAAAGA-1_1_1,bpd,Acute26,Pulmonary venous EC,Pulmonary venous EC,Endothelial,True,train
GAAATGAGTCGAATCT-1_1_1,bpd,Acute26,Pulmonary venous EC,Pulmonary venous EC,Endothelial,True,train
GATGAGGGTGGCTCCA-1_1_1,bpd,Acute26,Pulmonary venous EC,Pulmonary venous EC,Endothelial,True,train
ACGCCGATCTGCGTAA-1_1_1,bpd,Acute26,Pulmonary venous EC,Pulmonary venous EC,Endothelial,True,train
AACCGCGGTTCAGCGC-1_1_1,bpd,Acute26,Pulmonary venous EC,Pulmonary venous EC,Endothelial,True,train
TGCGGGTCAGGAATGC-1_1_1,bpd,Acute26,Pulmonary venous EC,Pulmonary venous EC,Endothelial,True,train
TCTGGAAAGATGGGTC-1_1_1,bpd,Acute26,Pulmonary venous EC,Pulmonary venous EC,Endothelial,True,train
GAACGGACAATAACGA-1_1_1,bpd,Acute26,Pulmonary venous EC,Pulmonary venous EC,Endothelial,True,train
TCACAAGTCGGATGTT-1_1_1,bpd,Acute26,Pulmonary venous EC,Pulmonary venous EC,Endothelial,True,test
TCACAAGCACAACTGT-1_1_1,bpd,Acute26,Pulmonary venous EC,Pulmonary venous EC,Endothelial,True,train
GTGAAGGCAATCCGAT-1_1_1,bpd,Acute26,Pulmonary venous EC,Pulmonary venous EC,Endothelial,True,train
CTACATTTCCCTCTTT-1_1_1,bpd,Acute26,Pulmonary venous EC,Pulmonary venous EC,Endothelial,True,train
CTGAAACTCCGGGTGT-1_1_1,bpd,Acute26,Pulmonary venous EC,Pulmonary venous EC,Endothelial,True,train
CGTAGGCCACGCCAGT-1_1_1,bpd,Acute26,Pulmonary venous EC,Pulmonary venous EC,Endothelial,True,train
ACGAGCCAGATGTGGC-1_1_1,bpd,Acute26,Pulmonary venous EC,Pulmonary venous EC,Endothelial,True,train
ACGATACCAAGTAATG-1_1_1,bpd,Acute26,Pulmonary venous EC,Pulmonary venous EC,Endothelial,True,train
GGGAGATGTTTGCATG-1_1_1,bpd,Acute26,Pulmonary venous EC,Pulmonary venous EC,Endothelial,True,test
GGACGTCAGGGTGTGT-1_1_1,bpd,Acute26,Pulmonary venous EC,Pulmonary venous EC,Endothelial,True,train
CCATGTCGTCAGGACA-1_1_1,bpd,Acute26,Pulmonary venous EC,Pulmonary venous EC,Endothelial,True,train
ATCCGAATCTGAGTGT-1_1_1,bpd,Acute26,Pulmonary venous EC,Pulmonary venous EC,Endothelial,True,train
GGAAAGCCACTTAAGC-1_1_1,bpd,Acute26,Pulmonary venous EC,Pulmonary venous EC,Endothelial,True,test
GTACTCCGTCTGATTG-1_1_1,bpd,Acute26,Pulmonary venous EC,Pulmonary venous EC,Endothelial,True,train
AACTTTCCATCTGGTA-1_1_1,bpd,Acute26,Pulmonary venous EC,Pulmonary venous EC,Endothelial,True,train
ACATGGTTCGCCTGAG-1_1_1,bpd,Acute26,Pulmonary venous EC,Pulmonary venous EC,Endothelial,True,train
TCGTAGACAGATGGCA-1_1_1,bpd,Acute26,Pulmonary venous EC,Pulmonary venous EC,Endothelial,True,test
ACATACGCAGGTCGTC-1_1_1,bpd,Acute26,Pulmonary venous EC,Pulmonary venous EC,Endothelial,True,train
AAACCTGGTCTGCCAG-1_1_1,bpd,Acute26,Pulmonary venous EC,Pulmonary venous EC,Endothelial,True,train
TGTATTCAGCCGGTAA-1_1_1,bpd,Acute26,Pulmonary venous EC,Pulmonary venous EC,Endothelial,True,train
ACTGAGTAGCGAAGGG-1_1_1,bpd,Acute26,Pulmonary venous EC,Pulmonary venous EC,Endothelial,True,train
AGTCTTTCAGGTGGAT-1_1_1,bpd,Acute26,Pulmonary venous EC,Pulmonary venous EC,Endothelial,True,train
CATTATCAGTACTTGC-1_1_1,bpd,Acute26,Pulmonary venous EC,Pulmonary venous EC,Endothelial,True,train
TTGCCGTGTGCAACGA-1_1_1,bpd,Acute26,Pulmonary venous EC,Pulmonary venous EC,Endothelial,True,train
CGGAGCTTCGGAGGTA-1_1_1,bpd,Acute26,Pulmonary venous EC,Pulmonary venous EC,Endothelial,True,test
TGTGTTTCAGGCGATA-1_1_1,bpd,Acute26,Pulmonary venous EC,Pulmonary venous EC,Endothelial,True,train
TGAGCCGTCCGCATCT-1_1_1,bpd,Acute26,Pulmonary venous EC,Pulmonary venous EC,Endothelial,True,train
TTAGGACGTCCTGCTT-1_1_1,bpd,Acute26,Pulmonary venous EC,Pulmonary venous EC,Endothelial,True,test
GCAAACTGTAGTAGTA-1_1_1,bpd,Acute26,Pulmonary venous EC,Pulmonary venous EC,Endothelial,True,train
CGGAGTCTCCCTAATT-1_1_1,bpd,Acute26,Pulmonary venous EC,Pulmonary venous EC,Endothelial,True,train
GGAACTTGTCCGAAGA-1_1_1,bpd,Acute26,Pulmonary venous EC,Pulmonary venous EC,Endothelial,True,train
CCTCTGAAGCGGATCA-1_1_1,bpd,Acute26,Pulmonary venous EC,Pulmonary venous EC,Endothelial,True,train
GACCAATGTGATGTCT-1_1_1,bpd,Acute26,Pulmonary venous EC,Pulmonary venous EC,Endothelial,True,train
TCCCGATCAGCTATTG-1_1_1,bpd,Acute26,Pulmonary venous EC,Pulmonary venous EC,Endothelial,True,train
GTCACGGAGATGTCGG-1_1_1,bpd,Acute26,Pulmonary venous EC,Pulmonary venous EC,Endothelial,True,train
CGTAGGCGTCATATGC-1_1_1,bpd,Acute26,Pulmonary venous EC,Pulmonary venous EC,Endothelial,True,train
GTGCTTCAGGATATAC-1_1_1,bpd,Acute26,Pulmonary venous EC,Pulmonary venous EC,Endothelial,True,train
CTAGTGAGTCTCTCGT-1_1_1,bpd,Acute26,Pulmonary venous EC,Pulmonary venous EC,Endothelial,True,train
ATCCGAAAGCGCTTAT-1_1_1,bpd,Acute26,Pulmonary venous EC,Pulmonary venous EC,Endothelial,True,train
GACTACAAGTTCGATC-1_1_1,bpd,Acute26,Pulmonary venous EC,Pulmonary venous EC,Endothelial,True,train
GGGATGATCGTTTAGG-1_1_1,bpd,Acute26,Pulmonary venous EC,Pulmonary venous EC,Endothelial,True,train
TTCTACACAACGCACC-1_1_1,bpd,Acute26,Pulmonary venous EC,Pulmonary venous EC,Endothelial,True,train
TCCCGATTCTGCAAGT-1_1_1,bpd,Acute26,Pulmonary venous EC,Pulmonary venous EC,Endothelial,True,test
TTTGGTTTCACAAACC-1_1_1,bpd,Acute26,Pulmonary venous EC,Pulmonary venous EC,Endothelial,True,train
TGCCAAACAATCGAAA-1_1_1,bpd,Acute26,Pulmonary venous EC,Pulmonary venous EC,Endothelial,True,train
GTACTTTTCCGAAGAG-1_1_1,bpd,Acute26,Pulmonary venous EC,Pulmonary venous EC,Endothelial,True,train
GTTTCTATCTAACTGG-1_1_1,bpd,Acute26,Pulmonary venous EC,Pulmonary venous EC,Endothelial,True,train
TACTTGTTCCTATTCA-1_1_1,bpd,Acute26,Pulmonary venous EC,Pulmonary venous EC,Endothelial,True,train
GATCTAGCAAGTACCT-1_1_1,bpd,Acute26,Pulmonary venous EC,Pulmonary venous EC,Endothelial,True,train
CTCGAAAAGAGGTTAT-1_1_1,bpd,Acute26,Pulmonary venous EC,Pulmonary venous EC,Endothelial,True,test
TGACGGCCACCCTATC-1_1_1,bpd,Acute26,Pulmonary venous EC,Pulmonary venous EC,Endothelial,True,train
GGCCGATAGAATTCCC-1_1_1,bpd,Acute26,Pulmonary venous EC,Pulmonary venous EC,Endothelial,True,train
TACGGATAGTCAAGGC-1_1_1,bpd,Acute26,Pulmonary venous EC,Pulmonary venous EC,Endothelial,True,train
AACACGTCAAGTCTGT-1_1_1,bpd,Acute26,Pulmonary venous EC,Pulmonary venous EC,Endothelial,True,train
ACACTGAGTATTCGTG-1_1_1,bpd,Acute26,Pulmonary venous EC,Pulmonary venous EC,Endothelial,True,train
TTGGCAATCTTGCCGT-1_1_1,bpd,Acute26,Pulmonary venous EC,Pulmonary venous EC,Endothelial,True,train
TTTGTCACAAGCGATG-1_1_1,bpd,Acute26,Pulmonary venous EC,Pulmonary venous EC,Endothelial,True,train
TCGGGACAGTGTACTC-1_1_1,bpd,Acute26,Pulmonary venous EC,Pulmonary venous EC,Endothelial,True,test
CTCACACAGGTCGGAT-1_1_1,bpd,Acute26,Pulmonary venous EC,Pulmonary venous EC,Endothelial,True,test
ATCCACCAGACAGACC-1_1_1,bpd,Acute26,Pulmonary venous EC,Pulmonary venous EC,Endothelial,True,train
ACCAGTAGTAATCACC-1_1_1,bpd,Acute26,Pulmonary venous EC,Pulmonary venous EC,Endothelial,True,train
TCTTTCCAGGAGCGAG-1_1_1,bpd,Acute26,Pulmonary venous EC,Pulmonary venous EC,Endothelial,True,test
AAACCTGAGACGCAAC-1_1_1,bpd,Acute26,Pulmonary venous EC,Pulmonary venous EC,Endothelial,True,train
AATCCAGCATACAGCT-1_1_1,bpd,Acute26,Pulmonary venous EC,Pulmonary venous EC,Endothelial,True,train
CAGCAGCAGTGTCCAT-1_1_1,bpd,Acute26,Pulmonary venous EC,Pulmonary venous EC,Endothelial,True,train
GAATAAGAGAGCTGCA-1_1_1,bpd,Acute26,Pulmonary venous EC,Pulmonary venous EC,Endothelial,True,train
ACGGGCTCATGGTTGT-1_1_1,bpd,Acute26,Pulmonary venous EC,Pulmonary venous EC,Endothelial,True,train
GTCAAGTCAGGCTCAC-1_1_1,bpd,Acute26,Pulmonary venous EC,Pulmonary venous EC,Endothelial,True,train
GTGTGCGCAGATGGCA-1_1_1,bpd,Acute26,Pulmonary venous EC,Pulmonary venous EC,Endothelial,True,train
GTCACGGAGCTATGCT-1_1_1,bpd,Acute26,Pulmonary venous EC,Pulmonary venous EC,Endothelial,True,train
CGATCGGCAATAGCAA-1_1_1,bpd,Acute26,Pulmonary venous EC,Pulmonary venous EC,Endothelial,True,train
CAAGAAAGTCCAGTAT-1_1_1,bpd,Acute26,Pulmonary venous EC,Pulmonary venous EC,Endothelial,True,train
CCTTTCTGTGGGTCAA-1_1_1,bpd,Acute26,Pulmonary venous EC,Pulmonary venous EC,Endothelial,True,train
ACTGTCCCATCGACGC-1_1_1,bpd,Acute26,Pulmonary venous EC,Pulmonary venous EC,Endothelial,True,train
TGCCCTACAAGTTCTG-1_1_1,bpd,Acute26,Pulmonary venous EC,Pulmonary venous EC,Endothelial,True,train
GAACATCCAGATCGGA-1_1_1,bpd,Acute26,Pulmonary venous EC,Pulmonary venous EC,Endothelial,True,train
CTGATCCAGCCATCGC-1_1_1,bpd,Acute26,Pulmonary venous EC,Pulmonary venous EC,Endothelial,True,train
TTTGGTTGTCATATGC-1_1_1,bpd,Acute26,Pulmonary venous EC,Pulmonary venous EC,Endothelial,True,train
ATCACGACAATGAATG-1_1_1,bpd,Acute26,Pulmonary venous EC,Pulmonary venous EC,Endothelial,True,train
TTAGGACCAGCCTATA-1_1_1,bpd,Acute26,Pulmonary venous EC,Pulmonary venous EC,Endothelial,True,test
AAAGTAGTCGTTTATC-1_1_1,bpd,Acute26,Pulmonary venous EC,Pulmonary venous EC,Endothelial,True,train
TTAGTTCGTCGACTAT-1_1_1,bpd,Acute26,Pulmonary venous EC,Pulmonary venous EC,Endothelial,True,train
CCTCTGAAGCCAGAAC-1_1_1,bpd,Acute26,Pulmonary venous EC,Pulmonary venous EC,Endothelial,True,train
TCATTTGAGCATGGCA-1_1_1,bpd,Acute26,Pulmonary venous EC,Pulmonary venous EC,Endothelial,True,train
CTAAGACTCGTATCAG-1_1_1,bpd,Acute26,Pulmonary venous EC,Pulmonary venous EC,Endothelial,True,train
TTGGAACAGACAGACC-1_1_1,bpd,Acute26,Pulmonary venous EC,Pulmonary venous EC,Endothelial,True,train
GATCTAGGTCGACTGC-1_1_1,bpd,Acute26,Pulmonary venous EC,Pulmonary venous EC,Endothelial,True,test
GAATGAAGTGAAGGCT-1_1_1,bpd,Acute26,Pulmonary venous EC,Pulmonary venous EC,Endothelial,True,test
CACAGGCTCTCGGACG-1_1_1,bpd,Acute26,Pulmonary venous EC,Pulmonary venous EC,Endothelial,True,train
GCAGTTAAGCTAGTCT-1_1_1,bpd,Acute26,Pulmonary venous EC,Pulmonary venous EC,Endothelial,True,train
GTGCAGCAGTACTTGC-1_1_1,bpd,Acute26,Pulmonary venous EC,Pulmonary venous EC,Endothelial,True,train
GAAATGACATTACGAC-1_1_1,bpd,Acute26,Pulmonary venous EC,Pulmonary venous EC,Endothelial,True,train
CGGACACTCTGGTTCC-1_1_1,bpd,Acute26,Pulmonary venous EC,Pulmonary venous EC,Endothelial,True,train
CGTGTCTAGCTAACTC-1_1_1,bpd,Acute26,Pulmonary venous EC,Pulmonary venous EC,Endothelial,True,train
GGCCGATAGAATCTCC-1_1_1,bpd,Acute26,Pulmonary venous EC,Pulmonary venous EC,Endothelial,True,train
TAGCCGGGTCGAAAGC-1_1_1,bpd,Acute26,Pulmonary venous EC,Pulmonary venous EC,Endothelial,True,test
GCGCGATGTTCGTCTC-1_1_1,bpd,Acute26,Pulmonary venous EC,Pulmonary venous EC,Endothelial,True,test
CGTAGGCTCTGCAAGT-1_1_1,bpd,Acute26,Pulmonary venous EC,Pulmonary venous EC,Endothelial,True,train
ACGTCAAAGCCTATGT-1_1_1,bpd,Acute26,Pulmonary venous EC,Pulmonary venous EC,Endothelial,True,train
GAACGGAAGGTTACCT-1_1_1,bpd,Acute26,Pulmonary venous EC,Pulmonary venous EC,Endothelial,True,train
GGAAAGCTCGTTACGA-1_1_1,bpd,Acute26,Pulmonary venous EC,Pulmonary venous EC,Endothelial,True,train
GATCGATAGTGGGATC-1_1_1,bpd,Acute26,Pulmonary venous EC,Pulmonary venous EC,Endothelial,True,train
TACTTGTGTCCATGAT-1_1_1,bpd,Acute26,Pulmonary venous EC,Pulmonary venous EC,Endothelial,True,test
CCAATCCAGTGCCATT-1_1_1,bpd,Acute26,Pulmonary venous EC,Pulmonary venous EC,Endothelial,True,train
GGAGCAAGTCTCTTTA-1_1_1,bpd,Acute26,Pulmonary venous EC,Pulmonary venous EC,Endothelial,True,train
CAGCTAAAGTCGTACT-1_1_1,bpd,Acute26,Pulmonary venous EC,Pulmonary venous EC,Endothelial,True,train
TTGGCAAAGAAAGTGG-1_1_1,bpd,Acute26,Pulmonary venous EC,Pulmonary venous EC,Endothelial,True,valid
AAGGTTCTCCCAAGAT-1_1_1,bpd,Acute26,Pulmonary venous EC,Pulmonary venous EC,Endothelial,True,train
ATTCTACCAATGGAGC-1_1_1,bpd,Acute26,Pulmonary venous EC,Pulmonary venous EC,Endothelial,True,train
AGGCCACAGCGTCTAT-1_1_1,bpd,Acute26,Pulmonary venous EC,Pulmonary venous EC,Endothelial,True,train
GCTTGAAAGTCACGCC-1_1_1,bpd,Acute26,Pulmonary venous EC,Pulmonary venous EC,Endothelial,True,train
CATCCACCAGTCCTTC-1_1_1,bpd,Acute26,Pulmonary venous EC,Pulmonary venous EC,Endothelial,True,train
TGAGGGAAGGTGCAAC-1_1_1,bpd,Acute26,Pulmonary venous EC,Pulmonary venous EC,Endothelial,True,train
TCAATCTCACAGGAGT-1_1_1,bpd,Acute26,Pulmonary venous EC,Pulmonary venous EC,Endothelial,True,train
AGCTTGAAGCCAGGAT-1_1_1,bpd,Acute26,Pulmonary venous EC,Pulmonary venous EC,Endothelial,True,test
TACAGTGCAGCTGCAC-1_1_1,bpd,Acute26,Pulmonary venous EC,Pulmonary venous EC,Endothelial,True,train
TGTGTTTTCGAACGGA-1_1_1,bpd,Acute26,Pulmonary venous EC,Pulmonary venous EC,Endothelial,True,train
AGTTGGTGTCGTCTTC-1_1_1,bpd,Acute26,aCap,aCap,Endothelial,True,train
CAGCGACGTATAGGTA-1_1_1,bpd,Acute26,aCap,aCap,Endothelial,True,train
GACCTGGGTCTGGTCG-1_1_1,bpd,Acute26,aCap,aCap,Endothelial,True,train
TACAGTGCACCACGTG-1_1_1,bpd,Acute26,aCap,aCap,Endothelial,True,train
TTATGCTTCACCCGAG-1_1_1,bpd,Acute26,aCap,aCap,Endothelial,True,train
AATCGGTAGGGTATCG-1_1_1,bpd,Acute26,aCap,aCap,Endothelial,True,train
TCGAGGCGTTGTACAC-1_1_1,bpd,Acute26,aCap,aCap,Endothelial,True,test
CACTCCAAGATCGATA-1_1_1,bpd,Acute26,aCap,aCap,Endothelial,True,train
GATGAAAAGTCCCACG-1_1_1,bpd,Acute26,aCap,aCap,Endothelial,True,train
AGCTCTCAGGACACCA-1_1_1,bpd,Acute26,aCap,aCap,Endothelial,True,train
ACTGAGTAGTGTTAGA-1_1_1,bpd,Acute26,aCap,aCap,Endothelial,True,train
ACCGTAAGTATAGGTA-1_1_1,bpd,Acute26,aCap,aCap,Endothelial,True,train
GATCGCGGTAGCAAAT-1_1_1,bpd,Acute26,aCap,aCap,Endothelial,True,train
ATCCACCCAGTCAGCC-1_1_1,bpd,Acute26,aCap,aCap,Endothelial,True,train
TGGCGCACATGCCACG-1_1_1,bpd,Acute26,aCap,aCap,Endothelial,True,train
GCTGGGTAGTGGGTTG-1_1_1,bpd,Acute26,aCap,aCap,Endothelial,True,train
CATGCCTGTTCGAATC-1_1_1,bpd,Acute26,aCap,aCap,Endothelial,True,train
CGCTGGATCGTGACAT-1_1_1,bpd,Acute26,aCap,aCap,Endothelial,True,train
ACTGAACTCACTATTC-1_1_1,bpd,Acute26,aCap,aCap,Endothelial,True,test
AGATCTGCATTCGACA-1_1_1,bpd,Acute26,aCap,aCap,Endothelial,True,train
TAAGCGTCAAGCCATT-1_1_1,bpd,Acute26,aCap,aCap,Endothelial,True,train
CCTTTCTCATAAAGGT-1_1_1,bpd,Acute26,aCap,aCap,Endothelial,True,train
ACTGAGTGTCCTGCTT-1_1_1,bpd,Acute26,aCap,aCap,Endothelial,True,train
GGTATTGGTTGAGTTC-1_1_1,bpd,Acute26,aCap,aCap,Endothelial,True,test
TACTTGTAGATGGCGT-1_1_1,bpd,Acute26,aCap,aCap,Endothelial,True,train
AGTAGTCGTAAGTGGC-1_1_1,bpd,Acute26,aCap,aCap,Endothelial,True,train
CCAATCCGTACGCTGC-1_1_1,bpd,Acute26,aCap,aCap,Endothelial,True,train
CTGATAGAGCTAGTCT-1_1_1,bpd,Acute26,aCap,aCap,Endothelial,True,train
CTCGAGGCATATGGTC-1_1_1,bpd,Acute26,aCap,aCap,Endothelial,True,train
AACTCAGCATATGCTG-1_1_1,bpd,Acute26,aCap,aCap,Endothelial,True,train
GCAAACTTCAAAGACA-1_1_1,bpd,Acute26,aCap,aCap,Endothelial,True,train
AGCAGCCTCACCCTCA-1_1_1,bpd,Acute26,aCap,aCap,Endothelial,True,train
CATCGAATCTGGAGCC-1_1_1,bpd,Acute26,aCap,aCap,Endothelial,True,train
GAGGTGAAGAAGCCCA-1_1_1,bpd,Acute26,aCap,aCap,Endothelial,True,train
GGTGTTAAGAGTCTGG-1_1_1,bpd,Acute26,aCap,aCap,Endothelial,True,train
GGAACTTCAGTCCTTC-1_1_1,bpd,Acute26,aCap,aCap,Endothelial,True,train
AGTAGTCGTCTGCAAT-1_1_1,bpd,Acute26,aCap,aCap,Endothelial,True,train
CATGCCTAGCCAGAAC-1_1_1,bpd,Acute26,aCap,aCap,Endothelial,True,train
GGACAGACAGAGCCAA-1_1_1,bpd,Acute26,aCap,aCap,Endothelial,True,train
CACAGGCTCAGGCCCA-1_1_1,bpd,Acute26,aCap,aCap,Endothelial,True,train
TACTTGTTCTCCCTGA-1_1_1,bpd,Acute26,aCap,aCap,Endothelial,True,train
TACGGATGTAAATGTG-1_1_1,bpd,Acute26,aCap,aCap,Endothelial,True,train
CCTACCACAGTACACT-1_1_1,bpd,Acute26,aCap,aCap,Endothelial,True,train
TAAGTGCCACATTTCT-1_1_1,bpd,Acute26,aCap,aCap,Endothelial,True,train
GGCGACTTCAGGCGAA-1_1_1,bpd,Acute26,aCap,aCap,Endothelial,True,train
CATCGGGGTTAAGACA-1_1_1,bpd,Acute26,aCap,aCap,Endothelial,True,train
GCAGTTAGTGAGGGAG-1_1_1,bpd,Acute26,aCap,aCap,Endothelial,True,train
CTCGTCACATTTCAGG-1_1_1,bpd,Acute26,aCap,aCap,Endothelial,True,train
CAGCATAGTCGAAAGC-1_1_1,bpd,Acute26,aCap,aCap,Endothelial,True,train
AACGTTGAGAGCCTAG-1_1_1,bpd,Acute26,aCap,aCap,Endothelial,True,train
CAACCAACATCCGGGT-1_1_1,bpd,Acute26,aCap,aCap,Endothelial,True,train
CTGTGCTAGAGAGCTC-1_1_1,bpd,Acute26,aCap,aCap,Endothelial,True,test
ACGCCGATCTATCCTA-1_1_1,bpd,Acute26,aCap,aCap,Endothelial,True,train
CACTCCAGTTCCACGG-1_1_1,bpd,Acute26,aCap,aCap,Endothelial,True,train
CTCCTAGAGCGTCAAG-1_1_1,bpd,Acute26,aCap,aCap,Endothelial,True,train
CCGGGATAGTGAACAT-1_1_1,bpd,Acute26,aCap,aCap,Endothelial,True,train
TGGTTCCAGTCGAGTG-1_1_1,bpd,Acute26,aCap,aCap,Endothelial,True,test
TCTTCGGTCAGAGCTT-1_1_1,bpd,Acute26,aCap,aCap,Endothelial,True,train
ATTGGACCACCTCGGA-1_1_1,bpd,Acute26,aCap,aCap,Endothelial,True,train
CATCCACCAGTACACT-1_1_1,bpd,Acute26,aCap,aCap,Endothelial,True,train
CACAGTATCTACTTAC-1_1_1,bpd,Acute26,aCap,aCap,Endothelial,True,train
TTCGAAGGTGCTAGCC-1_1_1,bpd,Acute26,aCap,aCap,Endothelial,True,test
CATTATCCAATAGCAA-1_1_1,bpd,Acute26,aCap,aCap,Endothelial,True,test
ACTTGTTCAGTAACGG-1_1_1,bpd,Acute26,aCap,aCap,Endothelial,True,train
ACCGTAATCTCTTATG-1_1_1,bpd,Acute26,aCap,aCap,Endothelial,True,test
ACCAGTACATGAACCT-1_1_1,bpd,Acute26,aCap,aCap,Endothelial,True,test
CACCACTAGCGTGTCC-1_1_1,bpd,Acute26,aCap,aCap,Endothelial,True,test
ATTTCTGAGAAACGAG-1_1_1,bpd,Acute26,aCap,aCap,Endothelial,True,train
CCGTGGACACGAAGCA-1_1_1,bpd,Acute26,aCap,aCap,Endothelial,True,test
TACGGATTCGTACGGC-1_1_1,bpd,Acute26,aCap,aCap,Endothelial,True,train
CGCTATCCAGCGATCC-1_1_1,bpd,Acute26,aCap,aCap,Endothelial,True,train
GTTTCTAAGCAGGCTA-1_1_1,bpd,Acute26,aCap,aCap,Endothelial,True,train
ACGTCAAGTGTTTGGT-1_1_1,bpd,Acute26,aCap,aCap,Endothelial,True,train
GGAACTTCATTACCTT-1_1_1,bpd,Acute26,aCap,aCap,Endothelial,True,train
ACGCCGACATGAAGTA-1_1_1,bpd,Acute26,aCap,aCap,Endothelial,True,train
TTTCCTCCAGAGCCAA-1_1_1,bpd,Acute26,aCap,aCap,Endothelial,True,train
CATATTCGTGGACGAT-1_1_1,bpd,Acute26,aCap,aCap,Endothelial,True,test
TTGGCAAAGGTAGCCA-1_1_1,bpd,Acute26,aCap,aCap,Endothelial,True,train
GCGAGAAAGGCTCATT-1_1_1,bpd,Acute26,aCap,aCap,Endothelial,True,test
GCCAAATCATTCCTCG-1_1_1,bpd,Acute26,aCap,aCap,Endothelial,True,train
AAATGCCTCACATGCA-1_1_1,bpd,Acute26,aCap,aCap,Endothelial,True,train
CGGGTCACACCACCAG-1_1_1,bpd,Acute26,aCap,aCap,Endothelial,True,train
CGATGGCGTATTCGTG-1_1_1,bpd,Acute26,aCap,aCap,Endothelial,True,train
TCTGGAAAGATCCTGT-1_1_1,bpd,Acute26,aCap,aCap,Endothelial,True,train
ACACTGATCAGTTGAC-1_1_1,bpd,Acute26,aCap,aCap,Endothelial,True,test
TGGTTCCTCTGCAAGT-1_1_1,bpd,Acute26,aCap,aCap,Endothelial,True,train
TATCAGGGTACCGTAT-1_1_1,bpd,Acute26,aCap,aCap,Endothelial,True,train
ACTATCTCAAGACACG-1_1_1,bpd,Acute26,aCap,aCap,Endothelial,True,train
TGACTAGCAGTTCCCT-1_1_1,bpd,Acute26,aCap,aCap,Endothelial,True,train
AAAGTAGTCACAATGC-1_1_1,bpd,Acute26,aCap,aCap,Endothelial,True,train
TTCCCAGTCAAACGGG-1_1_1,bpd,Acute26,aCap,aCap,Endothelial,True,train
AGGTCATTCGTAGATC-1_1_1,bpd,Acute26,aCap,aCap,Endothelial,True,train
AGCGGTCTCGTTTATC-1_1_1,bpd,Acute26,aCap,aCap,Endothelial,True,train
CTCGAAAGTTAAGATG-1_1_1,bpd,Acute26,aCap,aCap,Endothelial,True,train
CGAACATTCTCGCTTG-1_1_1,bpd,Acute26,aCap,aCap,Endothelial,True,train
CACTCCAAGCCCAATT-1_1_1,bpd,Acute26,aCap,aCap,Endothelial,True,train
AGTGTCAGTAATCACC-1_1_1,bpd,Acute26,aCap,aCap,Endothelial,True,train
GCCAAATTCTAGCACA-1_1_1,bpd,Acute26,aCap,aCap,Endothelial,True,train
CTAACTTAGCTGAAAT-1_1_1,bpd,Acute26,aCap,aCap,Endothelial,True,train
CTAACTTTCTGTCAAG-1_1_1,bpd,Acute26,aCap,aCap,Endothelial,True,train
TCGGTAACAGATGGCA-1_1_1,bpd,Acute26,aCap,aCap,Endothelial,True,test
CTTTGCGAGATGTTAG-1_1_1,bpd,Acute26,aCap,aCap,Endothelial,True,train
GTTTCTACATCCAACA-1_1_1,bpd,Acute26,aCap,aCap,Endothelial,True,train
CAGATCAAGAACTGTA-1_1_1,bpd,Acute26,aCap,aCap,Endothelial,True,test
GCATGTATCGCATGAT-1_1_1,bpd,Acute26,aCap,aCap,Endothelial,True,test
TGGTTAGAGACTAAGT-1_1_1,bpd,Acute26,aCap,aCap,Endothelial,True,train
CCTACACTCTCGTATT-1_1_1,bpd,Acute26,aCap,aCap,Endothelial,True,train
TCTTTCCCAGATCGGA-1_1_1,bpd,Acute26,aCap,aCap,Endothelial,True,train
GGCTCGACAGGTGGAT-1_1_1,bpd,Acute26,aCap,aCap,Endothelial,True,test
AGTGTCACAACGATGG-1_1_1,bpd,Acute26,aCap,aCap,Endothelial,True,train
CCTTACGGTGGGTATG-1_1_1,bpd,Acute26,aCap,aCap,Endothelial,True,train
CCTATTAAGAAACGCC-1_1_1,bpd,Acute26,aCap,aCap,Endothelial,True,train
AGGGATGAGCCAACAG-1_1_1,bpd,Acute26,aCap,aCap,Endothelial,True,train
GTGCAGCAGACACGAC-1_1_1,bpd,Acute26,aCap,aCap,Endothelial,True,train
ATTCTACGTACTTAGC-1_1_1,bpd,Acute26,aCap,aCap,Endothelial,True,train
CGTTAGAGTTTACTCT-1_1_1,bpd,Acute26,aCap,aCap,Endothelial,True,test
GTGCATATCTCCTATA-1_1_1,bpd,Acute26,aCap,aCap,Endothelial,True,train
GTAACTGAGCGTTGCC-1_1_1,bpd,Acute26,aCap,aCap,Endothelial,True,train
GGGACCTCACGTAAGG-1_1_1,bpd,Acute26,aCap,aCap,Endothelial,True,train
ACGCAGCAGGGAGTAA-1_1_1,bpd,Acute26,aCap,aCap,Endothelial,True,train
AGTTGGTCAGCGTAAG-1_1_1,bpd,Acute26,aCap,aCap,Endothelial,True,train
TCTATTGGTATATCCG-1_1_1,bpd,Acute26,aCap,aCap,Endothelial,True,train
CCACTACCAGTATAAG-1_1_1,bpd,Acute26,aCap,aCap,Endothelial,True,train
CCTCTGAGTCACACGC-1_1_1,bpd,Acute26,aCap,aCap,Endothelial,True,test
AGCGGTCTCTTTACAC-1_1_1,bpd,Acute26,aCap,aCap,Endothelial,True,train
GTAGTCAAGATAGTCA-1_1_1,bpd,Acute26,aCap,aCap,Endothelial,True,train
GCTCTGTGTACGACCC-1_1_1,bpd,Acute26,aCap,aCap,Endothelial,True,train
CCTTTCTCATACAGCT-1_1_1,bpd,Acute26,aCap,aCap,Endothelial,True,train
CGTAGGCCACTGTTAG-1_1_1,bpd,Acute26,aCap,aCap,Endothelial,True,train
GTTTCTAGTCGAATCT-1_1_1,bpd,Acute26,aCap,aCap,Endothelial,True,train
CATCCACTCTCTGAGA-1_1_1,bpd,Acute26,aCap,aCap,Endothelial,True,train
AGATTGCGTCGGCACT-1_1_1,bpd,Acute26,aCap,aCap,Endothelial,True,train
CACTCCAAGCAAATCA-1_1_1,bpd,Acute26,aCap,aCap,Endothelial,True,train
CTAACTTAGTGTTAGA-1_1_1,bpd,Acute26,aCap,aCap,Endothelial,True,train
CTGATAGCACAGACAG-1_1_1,bpd,Acute26,aCap,aCap,Endothelial,True,train
GCCTCTACATCGGACC-1_1_1,bpd,Acute26,aCap,aCap,Endothelial,True,train
CCTTACGCATATGCTG-1_1_1,bpd,Acute26,aCap,aCap,Endothelial,True,valid
AAACGGGAGTTTAGGA-1_1_1,bpd,Acute26,aCap,aCap,Endothelial,True,test
GCGCCAATCCGAATGT-1_1_1,bpd,Acute26,aCap,aCap,Endothelial,True,train
CCTCAGTGTCGAGATG-1_1_1,bpd,Acute26,aCap,aCap,Endothelial,True,train
AGTAGTCCATGCTGGC-1_1_1,bpd,Acute26,aCap,aCap,Endothelial,True,train
GGCTGGTGTAATTGGA-1_1_1,bpd,Acute26,aCap,aCap,Endothelial,True,train
CTCGAAAGTTGCTCCT-1_1_1,bpd,Acute26,aCap,aCap,Endothelial,True,train
TCAGATGTCTTTACAC-1_1_1,bpd,Acute26,aCap,aCap,Endothelial,True,train
AAGGAGCCAGGTTTCA-1_1_1,bpd,Acute26,aCap,aCap,Endothelial,True,train
TAGTGGTTCCACGTGG-1_1_1,bpd,Acute26,aCap,aCap,Endothelial,True,train
AGATTGCTCCACTCCA-1_1_1,bpd,Acute26,aCap,aCap,Endothelial,True,train
GTACTTTGTCTCCACT-1_1_1,bpd,Acute26,aCap,aCap,Endothelial,True,train
AGTAGTCAGACAGACC-1_1_1,bpd,Acute26,aCap,aCap,Endothelial,True,test
TGACTTTCAACACGCC-1_1_1,bpd,Acute26,aCap,aCap,Endothelial,True,train
GCATACAGTATGCTTG-1_1_1,bpd,Acute26,aCap,aCap,Endothelial,True,test
GAACGGACAGTAAGAT-1_1_1,bpd,Acute26,aCap,aCap,Endothelial,True,train
CGCGTTTGTACATGTC-1_1_1,bpd,Acute26,aCap,aCap,Endothelial,True,train
CTAGAGTTCGGTTAAC-1_1_1,bpd,Acute26,aCap,aCap,Endothelial,True,train
TCTGGAATCGGCCGAT-1_1_1,bpd,Acute26,aCap,aCap,Endothelial,True,test
ATTACTCAGGGATACC-1_1_1,bpd,Acute26,aCap,aCap,Endothelial,True,train
CGAGAAGAGAGACTTA-1_1_1,bpd,Acute26,aCap,aCap,Endothelial,True,train
CACATAGAGGAGTCTG-1_1_1,bpd,Acute26,aCap,aCap,Endothelial,True,train
TTTGCGCGTCCATCCT-1_1_1,bpd,Acute26,aCap,aCap,Endothelial,True,train
TTTGGTTCAAGTCATC-1_1_1,bpd,Acute26,aCap,aCap,Endothelial,True,train
CTCAGAAGTCAGATAA-1_1_1,bpd,Acute26,aCap,aCap,Endothelial,True,train
GGACAAGCACGAAATA-1_1_1,bpd,Acute26,aCap,aCap,Endothelial,True,train
CCATGTCTCCTGTAGA-1_1_1,bpd,Acute26,aCap,aCap,Endothelial,True,train
GGGAGATTCAGTACGT-1_1_1,bpd,Acute26,aCap,aCap,Endothelial,True,train
CAGTCCTTCCCTGACT-1_1_1,bpd,Acute26,aCap,aCap,Endothelial,True,train
CGTCACTCACTACAGT-1_1_1,bpd,Acute26,aCap,aCap,Endothelial,True,train
CGATCGGCACATTCGA-1_1_1,bpd,Acute26,aCap,aCap,Endothelial,True,train
AGAGCTTAGCGGATCA-1_1_1,bpd,Acute26,aCap,aCap,Endothelial,True,train
GTATTCTTCCCTTGCA-1_1_1,bpd,Acute26,aCap,aCap,Endothelial,True,train
CACAGTAGTGTAATGA-1_1_1,bpd,Acute26,aCap,aCap,Endothelial,True,train
ATCGAGTAGCTGAACG-1_1_1,bpd,Acute26,aCap,aCap,Endothelial,True,train
GTGCAGCGTAGCGCAA-1_1_1,bpd,Acute26,aCap,aCap,Endothelial,True,train
TCTGGAACATGGGACA-1_1_1,bpd,Acute26,aCap,aCap,Endothelial,True,train
TTCTCCTGTGCCTTGG-1_1_1,bpd,Acute26,aCap,aCap,Endothelial,True,train
CAGCCGACACTTAACG-1_1_1,bpd,Acute26,aCap,aCap,Endothelial,True,train
CTCTAATAGAGTTGGC-1_1_1,bpd,Acute26,aCap,aCap,Endothelial,True,train
ACCTTTATCGGCTACG-1_1_1,bpd,Acute26,aCap,aCap,Endothelial,True,test
CAAGAAACAGTCAGAG-1_1_1,bpd,Acute26,aCap,aCap,Endothelial,True,train
GAACATCTCCTTGCCA-1_1_1,bpd,Acute26,aCap,aCap,Endothelial,True,train
CACATTTAGTGGAGAA-1_1_1,bpd,Acute26,aCap,aCap,Endothelial,True,train
TCTATTGAGGAGTACC-1_1_1,bpd,Acute26,aCap,aCap,Endothelial,True,train
GACTAACAGGCATGTG-1_1_1,bpd,Acute26,aCap,aCap,Endothelial,True,test
TGCGCAGGTACGCACC-1_1_1,bpd,Acute26,aCap,aCap,Endothelial,True,train
TTCTTAGTCATGTCTT-1_1_1,bpd,Acute26,aCap,aCap,Endothelial,True,train
CGTAGGCAGGCCCGTT-1_1_1,bpd,Acute26,aCap,aCap,Endothelial,True,train
CGATGGCTCCGCATAA-1_1_1,bpd,Acute26,aCap,aCap,Endothelial,True,train
GATTCAGTCACCTTAT-1_1_1,bpd,Acute26,aCap,aCap,Endothelial,True,test
TGGCTGGAGGCAGGTT-1_1_1,bpd,Acute26,aCap,aCap,Endothelial,True,train
GCTGCTTGTGACGCCT-1_1_1,bpd,Acute26,aCap,aCap,Endothelial,True,train
ATAAGAGGTTAAGAAC-1_1_1,bpd,Acute26,aCap,aCap,Endothelial,True,train
GCCTCTAAGGCTATCT-1_1_1,bpd,Acute26,aCap,aCap,Endothelial,True,train
GCATGATTCAACACAC-1_1_1,bpd,Acute26,aCap,aCap,Endothelial,True,train
TCTGAGAAGAATAGGG-1_1_1,bpd,Acute26,aCap,aCap,Endothelial,True,train
CCACCTACATGTCGAT-1_1_1,bpd,Acute26,aCap,aCap,Endothelial,True,train
GGGACCTTCGTGACAT-1_1_1,bpd,Acute26,aCap,aCap,Endothelial,True,train
GTAGTCAAGTAGGTGC-1_1_1,bpd,Acute26,aCap,aCap,Endothelial,True,train
TTGAACGAGCTAACAA-1_1_1,bpd,Acute26,aCap,aCap,Endothelial,True,train
CGGTTAACATATGGTC-1_1_1,bpd,Acute26,aCap,aCap,Endothelial,True,train
CATGGCGAGGTAAACT-1_1_1,bpd,Acute26,aCap,aCap,Endothelial,True,train
GATGCTAAGGATGTAT-1_1_1,bpd,Acute26,aCap,aCap,Endothelial,True,train
CGTTCTGCAGCATACT-1_1_1,bpd,Acute26,aCap,aCap,Endothelial,True,train
AGCGTATAGCCAGAAC-1_1_1,bpd,Acute26,aCap,aCap,Endothelial,True,train
CGATTGATCTATCGCC-1_1_1,bpd,Acute26,aCap,aCap,Endothelial,True,train
GCAGCCATCGGCTACG-1_1_1,bpd,Acute26,aCap,aCap,Endothelial,True,train
GCAAACTCAAGTCTAC-1_1_1,bpd,Acute26,aCap,aCap,Endothelial,True,train
AAACGGGCACGAAGCA-1_1_1,bpd,Acute26,aCap,aCap,Endothelial,True,train
GGTATTGGTATATGAG-1_1_1,bpd,Acute26,aCap,aCap,Endothelial,True,train
CATCAGACATAAGACA-1_1_1,bpd,Acute26,aCap,aCap,Endothelial,True,train
ACATGGTAGCGTTCCG-1_1_1,bpd,Acute26,aCap,aCap,Endothelial,True,train
AGCAGCCGTCTCTCGT-1_1_1,bpd,Acute26,aCap,aCap,Endothelial,True,train
TACCTATAGAGTCTGG-1_1_1,bpd,Acute26,aCap,aCap,Endothelial,True,train
CACTCCAGTCATATGC-1_1_1,bpd,Acute26,aCap,aCap,Endothelial,True,test
AGCGGTCAGTGTGAAT-1_1_1,bpd,Acute26,aCap,aCap,Endothelial,True,train
ATAAGAGCAGACAGGT-1_1_1,bpd,Acute26,aCap,aCap,Endothelial,True,train
AGATCTGAGTGCGTGA-1_1_1,bpd,Acute26,aCap,aCap,Endothelial,True,train
CGCCAAGGTCTAAACC-1_1_1,bpd,Acute26,aCap,aCap,Endothelial,True,test
GGGACCTTCAGCAACT-1_1_1,bpd,Acute26,aCap,aCap,Endothelial,True,train
TACCTTAGTTCCCTTG-1_1_1,bpd,Acute26,aCap,aCap,Endothelial,True,test
AGTCTTTGTGCAACGA-1_1_1,bpd,Acute26,aCap,aCap,Endothelial,True,train
TTGAACGAGCACCGCT-1_1_1,bpd,Acute26,aCap,aCap,Endothelial,True,test
TTAGGCAGTATCAGTC-1_1_1,bpd,Acute26,aCap,aCap,Endothelial,True,train
TGACAACTCATTATCC-1_1_1,bpd,Acute26,aCap,aCap,Endothelial,True,train
TTGAACGGTGGCGAAT-1_1_1,bpd,Acute26,aCap,aCap,Endothelial,True,train
TGCTACCGTAAGTGGC-1_1_1,bpd,Acute26,aCap,aCap,Endothelial,True,train
GACGTGCCACCACCAG-1_1_1,bpd,Acute26,aCap,aCap,Endothelial,True,train
ACTTTCAGTGTTAAGA-1_1_1,bpd,Acute26,aCap,aCap,Endothelial,True,train
AACCATGGTTGAACTC-1_1_1,bpd,Acute26,aCap,aCap,Endothelial,True,train
GTGGGTCTCTTTAGGG-1_1_1,bpd,Acute26,aCap,aCap,Endothelial,True,train
CTAGTGAAGTGTTTGC-1_1_1,bpd,Acute26,aCap,aCap,Endothelial,True,valid
TACCTATAGACAGACC-1_1_1,bpd,Acute26,aCap,aCap,Endothelial,True,train
CTAGCCTTCTGAGTGT-1_1_1,bpd,Acute26,aCap,aCap,Endothelial,True,test
CGAACATAGATGTCGG-1_1_1,bpd,Acute26,aCap,aCap,Endothelial,True,train
ACCCACTCACATCCAA-1_1_1,bpd,Acute26,aCap,aCap,Endothelial,True,train
TGCTACCTCGAGAACG-1_1_1,bpd,Acute26,aCap,aCap,Endothelial,True,train
CGACTTCTCACTTATC-1_1_1,bpd,Acute26,aCap,aCap,Endothelial,True,train
CAGCTGGCACTGTGTA-1_1_1,bpd,Acute26,aCap,aCap,Endothelial,True,train
AGCCTAAGTACACCGC-1_1_1,bpd,Acute26,aCap,aCap,Endothelial,True,train
CTGTTTAGTTCATGGT-1_1_1,bpd,Acute26,aCap,aCap,Endothelial,True,train
CAGCGACCATGCCTTC-1_1_1,bpd,Acute26,aCap,aCap,Endothelial,True,train
CCACCTAAGTGCTGCC-1_1_1,bpd,Acute26,aCap,aCap,Endothelial,True,train
ACTGCTCTCCACGCAG-1_1_1,bpd,Acute26,aCap,aCap,Endothelial,True,train
CGTAGGCCATCGGGTC-1_1_1,bpd,Acute26,aCap,aCap,Endothelial,True,train
CACATAGAGAGTTGGC-1_1_1,bpd,Acute26,aCap,aCap,Endothelial,True,train
GTCACGGTCTTCCTTC-1_1_1,bpd,Acute26,aCap,aCap,Endothelial,True,train
TCAGGTATCTACTATC-1_1_1,bpd,Acute26,aCap,aCap,Endothelial,True,train
GGGAATGTCTTGGGTA-1_1_1,bpd,Acute26,aCap,aCap,Endothelial,True,train
CTTCTCTTCAGGTTCA-1_1_1,bpd,Acute26,aCap,aCap,Endothelial,True,train
ATCTGCCAGTGGTAGC-1_1_1,bpd,Acute26,aCap,aCap,Endothelial,True,train
AATCGGTGTGCCTGCA-1_1_1,bpd,Acute26,aCap,aCap,Endothelial,True,train
AGTTGGTGTCTTGCGG-1_1_1,bpd,Acute26,aCap,aCap,Endothelial,True,train
GGAACTTGTACGCACC-1_1_1,bpd,Acute26,aCap,aCap,Endothelial,True,train
ACTGAGTGTTTGCATG-1_1_1,bpd,Acute26,aCap,aCap,Endothelial,True,train
CTAAGACAGATCGGGT-1_1_1,bpd,Acute26,aCap,aCap,Endothelial,True,train
TGATTTCGTGCTAGCC-1_1_1,bpd,Acute26,aCap,aCap,Endothelial,True,test
TCATTTGTCCGCATAA-1_1_1,bpd,Acute26,aCap,aCap,Endothelial,True,train
CAAGGCCCAGTATGCT-1_1_1,bpd,Acute26,aCap,aCap,Endothelial,True,train
GTAGTCACACTTCTGC-1_1_1,bpd,Acute26,aCap,aCap,Endothelial,True,test
GTCGTAAAGTTAACGA-1_1_1,bpd,Acute26,aCap,aCap,Endothelial,True,train
CCCATACGTCTCAACA-1_1_1,bpd,Acute26,aCap,aCap,Endothelial,True,train
TGCGTGGGTTACCAGT-1_1_1,bpd,Acute26,aCap,aCap,Endothelial,True,train
CAGAATCGTTCCACGG-1_1_1,bpd,Acute26,aCap,aCap,Endothelial,True,test
AATCGGTGTCCGCTGA-1_1_1,bpd,Acute26,aCap,aCap,Endothelial,True,train
CTAACTTGTGTTTGGT-1_1_1,bpd,Acute26,aCap,aCap,Endothelial,True,train
CCTATTAGTTGCGCAC-1_1_1,bpd,Acute26,aCap,aCap,Endothelial,True,train
TCAACGATCCAGTAGT-1_1_1,bpd,Acute26,aCap,aCap,Endothelial,True,train
ACGGAGATCAAAGTAG-1_1_1,bpd,Acute26,aCap,aCap,Endothelial,True,test
AAAGATGTCTACTTAC-1_1_1,bpd,Acute26,aCap,aCap,Endothelial,True,train
CCGTACTCACGGTTTA-1_1_1,bpd,Acute26,aCap,aCap,Endothelial,True,test
GATGAAAGTCGGATCC-1_1_1,bpd,Acute26,aCap,aCap,Endothelial,True,train
AGGTCCGTCGTTTGCC-1_1_1,bpd,Acute26,aCap,aCap,Endothelial,True,train
CGCGTTTGTGATGTCT-1_1_1,bpd,Acute26,aCap,aCap,Endothelial,True,train
GCGCAACAGTACTTGC-1_1_1,bpd,Acute26,aCap,aCap,Endothelial,True,train
CATCAGATCTCTGCTG-1_1_1,bpd,Acute26,aCap,aCap,Endothelial,True,train
TCAACGATCGTGGACC-1_1_1,bpd,Acute26,aCap,aCap,Endothelial,True,test
CCTACACGTCTAGTCA-1_1_1,bpd,Acute26,aCap,aCap,Endothelial,True,train
GAGTCCGGTTATGCGT-1_1_1,bpd,Acute26,aCap,aCap,Endothelial,True,test
CGGACTGTCGGTGTCG-1_1_1,bpd,Acute26,aCap,aCap,Endothelial,True,train
GGGATGATCGCATGAT-1_1_1,bpd,Acute26,aCap,aCap,Endothelial,True,train
TTGGAACCAACTGCTA-1_1_1,bpd,Acute26,aCap,aCap,Endothelial,True,train
TGATTTCGTTATCACG-1_1_1,bpd,Acute26,aCap,aCap,Endothelial,True,test
CTAGTGAAGAGTGACC-1_1_1,bpd,Acute26,aCap,aCap,Endothelial,True,train
TGAGCCGGTCTCCACT-1_1_1,bpd,Acute26,aCap,aCap,Endothelial,True,test
CCTCTGACATTAACCG-1_1_1,bpd,Acute26,aCap,aCap,Endothelial,True,train
ACCAGTAAGTGAATTG-1_1_1,bpd,Acute26,aCap,aCap,Endothelial,True,train
ATCTGCCTCCCAGGTG-1_1_1,bpd,Acute26,aCap,aCap,Endothelial,True,test
ACATACGGTATTCTCT-1_1_1,bpd,Acute26,aCap,aCap,Endothelial,True,train
CTGCTGTCACAGTCGC-1_1_1,bpd,Acute26,aCap,aCap,Endothelial,True,train
TTTGGTTGTAGCGCAA-1_1_1,bpd,Acute26,aCap,aCap,Endothelial,True,train
ACGATGTGTAGCCTCG-1_1_1,bpd,Acute26,aCap,aCap,Endothelial,True,train
GGACAAGGTACCGCTG-1_1_1,bpd,Acute26,aCap,aCap,Endothelial,True,test
AGCCTAAGTGGGTCAA-1_1_1,bpd,Acute26,aCap,aCap,Endothelial,True,test
AGCAGCCCATCTACGA-1_1_1,bpd,Acute26,aCap,aCap,Endothelial,True,train
GCGGGTTAGACACGAC-1_1_1,bpd,Acute26,aCap,aCap,Endothelial,True,train
TACTTGTTCAGCACAT-1_1_1,bpd,Acute26,aCap,aCap,Endothelial,True,train
TGACTTTTCTGGTGTA-1_1_1,bpd,Acute26,aCap,aCap,Endothelial,True,train
GCATGATGTTGTCGCG-1_1_1,bpd,Acute26,aCap,aCap,Endothelial,True,test
GACGTTACAATCCGAT-1_1_1,bpd,Acute26,aCap,aCap,Endothelial,True,train
CGCGGTATCGGCCGAT-1_1_1,bpd,Acute26,aCap,aCap,Endothelial,True,train
TAAGCGTTCCATGAGT-1_1_1,bpd,Acute26,aCap,aCap,Endothelial,True,test
TGAAAGAAGTCAATAG-1_1_1,bpd,Acute26,aCap,aCap,Endothelial,True,train
ACATCAGTCCGAACGC-1_1_1,bpd,Acute26,aCap,aCap,Endothelial,True,train
TTAGGACGTTTAGGAA-1_1_1,bpd,Acute26,aCap,aCap,Endothelial,True,train
TGAGCATGTGTTCTTT-1_1_1,bpd,Acute26,aCap,aCap,Endothelial,True,train
TACTCATGTTTGACTG-1_1_1,bpd,Acute26,aCap,aCap,Endothelial,True,train
TAGACCATCGTACCGG-1_1_1,bpd,Acute26,gCap,gCap,Endothelial,True,train
GCGGGTTGTAGCCTCG-1_1_1,bpd,Acute26,gCap,gCap,Endothelial,True,train
CGCGTTTTCATCTGTT-1_1_1,bpd,Acute26,gCap,gCap,Endothelial,True,train
CGTCTACTCGGAAACG-1_1_1,bpd,Acute26,gCap,gCap,Endothelial,True,train
ACGTCAAGTGTGGCTC-1_1_1,bpd,Acute26,gCap,gCap,Endothelial,True,train
GGATGTTTCCAAAGTC-1_1_1,bpd,Acute26,gCap,gCap,Endothelial,True,train
TACGGTAGTGCACCAC-1_1_1,bpd,Acute26,gCap,gCap,Endothelial,True,train
ACTGAGTAGTCAAGCG-1_1_1,bpd,Acute26,gCap,gCap,Endothelial,True,train
CGCGTTTAGCCAACAG-1_1_1,bpd,Acute26,gCap,gCap,Endothelial,True,train
CGATGTAAGATAGGAG-1_1_1,bpd,Acute26,gCap,gCap,Endothelial,True,train
TACGGTAGTACTCGCG-1_1_1,bpd,Acute26,gCap,gCap,Endothelial,True,train
AGCGGTCCACCGAAAG-1_1_1,bpd,Acute26,gCap,gCap,Endothelial,True,train
TTCTACAAGGATGTAT-1_1_1,bpd,Acute26,gCap,gCap,Endothelial,True,train
CGCTATCCAGTAGAGC-1_1_1,bpd,Acute26,gCap,gCap,Endothelial,True,train
AGTCTTTAGGATGGTC-1_1_1,bpd,Acute26,gCap,gCap,Endothelial,True,train
AGTTGGTGTATATGAG-1_1_1,bpd,Acute26,gCap,gCap,Endothelial,True,train
CCCAATCCACAGACAG-1_1_1,bpd,Acute26,gCap,gCap,Endothelial,True,train
TTCCCAGGTGTAACGG-1_1_1,bpd,Acute26,gCap,gCap,Endothelial,True,train
GGAAAGCGTCGCTTTC-1_1_1,bpd,Acute26,gCap,gCap,Endothelial,True,train
GTACTCCAGTGTCCAT-1_1_1,bpd,Acute26,gCap,gCap,Endothelial,True,test
ATCCACCAGAGATGAG-1_1_1,bpd,Acute26,gCap,gCap,Endothelial,True,test
CGAATGTGTCCCTACT-1_1_1,bpd,Acute26,gCap,gCap,Endothelial,True,train
GAGGTGAGTTGCCTCT-1_1_1,bpd,Acute26,gCap,gCap,Endothelial,True,test
AGCTCCTCACAGACAG-1_1_1,bpd,Acute26,gCap,gCap,Endothelial,True,test
CCTACACGTAAGGGCT-1_1_1,bpd,Acute26,gCap,gCap,Endothelial,True,train
GTGCAGCTCATCTGCC-1_1_1,bpd,Acute26,gCap,gCap,Endothelial,True,train
TAGCCGGTCCAGTAGT-1_1_1,bpd,Acute26,gCap,gCap,Endothelial,True,train
TCAATCTCATTAGGCT-1_1_1,bpd,Acute26,gCap,gCap,Endothelial,True,train
ATCCGAATCTGGAGCC-1_1_1,bpd,Acute26,gCap,gCap,Endothelial,True,train
GCTTGAAGTAGGCATG-1_1_1,bpd,Acute26,gCap,gCap,Endothelial,True,train
CTTCTCTCACCAGGCT-1_1_1,bpd,Acute26,gCap,gCap,Endothelial,True,train
CAGCTAACAAGCCATT-1_1_1,bpd,Acute26,gCap,gCap,Endothelial,True,train
TCGAGGCGTTAGATGA-1_1_1,bpd,Acute26,gCap,gCap,Endothelial,True,train
GGGATGAGTATATCCG-1_1_1,bpd,Acute26,gCap,gCap,Endothelial,True,test
CCATGTCAGCGTTGCC-1_1_1,bpd,Acute26,gCap,gCap,Endothelial,True,train
GTTCATTTCTGGCGTG-1_1_1,bpd,Acute26,gCap,gCap,Endothelial,True,train
CCACTACGTGACCAAG-1_1_1,bpd,Acute26,gCap,gCap,Endothelial,True,train
TTTGGTTTCGGCGGTT-1_1_1,bpd,Acute26,gCap,gCap,Endothelial,True,train
TGATTTCCATGTCCTC-1_1_1,bpd,Acute26,gCap,gCap,Endothelial,True,train
CTGAAGTAGCGATAGC-1_1_1,bpd,Acute26,gCap,gCap,Endothelial,True,train
AAACCTGTCTGGTGTA-1_1_1,bpd,Acute26,gCap,gCap,Endothelial,True,train
GACCTGGCAATGGATA-1_1_1,bpd,Acute26,gCap,gCap,Endothelial,True,train
AGGGTGATCCACGAAT-1_1_1,bpd,Acute26,gCap,gCap,Endothelial,True,train
TCTGGAAAGTGAAGAG-1_1_1,bpd,Acute26,gCap,gCap,Endothelial,True,train
CTGAAACTCGAACGGA-1_1_1,bpd,Acute26,gCap,gCap,Endothelial,True,train
GATCTAGGTAGCCTCG-1_1_1,bpd,Acute26,gCap,gCap,Endothelial,True,train
CACCACTGTCATTAGC-1_1_1,bpd,Acute26,gCap,gCap,Endothelial,True,train
ACGGCCAAGGTGATAT-1_1_1,bpd,Acute26,gCap,gCap,Endothelial,True,train
CAGGTGCTCTCCGGTT-1_1_1,bpd,Acute26,gCap,gCap,Endothelial,True,train
GAACATCTCATATCGG-1_1_1,bpd,Acute26,gCap,gCap,Endothelial,True,train
GATCAGTGTTGTCGCG-1_1_1,bpd,Acute26,gCap,gCap,Endothelial,True,test
TAGTTGGCAAGTCTGT-1_1_1,bpd,Acute26,gCap,gCap,Endothelial,True,test
CTAAGACGTAGGGTAC-1_1_1,bpd,Acute26,gCap,gCap,Endothelial,True,train
ACTGAGTTCGTTTAGG-1_1_1,bpd,Acute26,gCap,gCap,Endothelial,True,train
GACTACAAGTACGCCC-1_1_1,bpd,Acute26,gCap,gCap,Endothelial,True,train
GATTCAGCAATGAATG-1_1_1,bpd,Acute26,gCap,gCap,Endothelial,True,train
CTACACCTCTAACGGT-1_1_1,bpd,Acute26,gCap,gCap,Endothelial,True,train
TGGCCAGAGATCGATA-1_1_1,bpd,Acute26,gCap,gCap,Endothelial,True,train
TTTGGTTCATTTCACT-1_1_1,bpd,Acute26,gCap,gCap,Endothelial,True,train
GACTAACTCCAGATCA-1_1_1,bpd,Acute26,gCap,gCap,Endothelial,True,train
CAACCAATCCGTTGCT-1_1_1,bpd,Acute26,gCap,gCap,Endothelial,True,train
ATGTGTGCAGTACACT-1_1_1,bpd,Acute26,gCap,gCap,Endothelial,True,train
CATATTCGTACCATCA-1_1_1,bpd,Acute26,gCap,gCap,Endothelial,True,test
CAGATCAAGTGGCACA-1_1_1,bpd,Acute26,gCap,gCap,Endothelial,True,train
CAGCTAAGTGATAAAC-1_1_1,bpd,Acute26,gCap,gCap,Endothelial,True,train
AGTGAGGGTTCCACTC-1_1_1,bpd,Acute26,gCap,gCap,Endothelial,True,train
CTTAGGATCGAATGCT-1_1_1,bpd,Acute26,gCap,gCap,Endothelial,True,train
TTGTAGGCACATCTTT-1_1_1,bpd,Acute26,gCap,gCap,Endothelial,True,train
ACTGATGTCGATGAGG-1_1_1,bpd,Acute26,gCap,gCap,Endothelial,True,test
TGTTCCGTCACAATGC-1_1_1,bpd,Acute26,gCap,gCap,Endothelial,True,test
CGTCTACAGCTAGGCA-1_1_1,bpd,Acute26,gCap,gCap,Endothelial,True,train
GCTCCTAGTCGTGGCT-1_1_1,bpd,Acute26,gCap,gCap,Endothelial,True,train
GTACTCCTCACAATGC-1_1_1,bpd,Acute26,gCap,gCap,Endothelial,True,train
TTTGGTTTCACCACCT-1_1_1,bpd,Acute26,gCap,gCap,Endothelial,True,train
ACACTGAAGTCGAGTG-1_1_1,bpd,Acute26,gCap,gCap,Endothelial,True,train
AACTTTCTCTGACCTC-1_1_1,bpd,Acute26,gCap,gCap,Endothelial,True,train
TAGTTGGTCTGAAAGA-1_1_1,bpd,Acute26,gCap,gCap,Endothelial,True,train
AGCTTGATCCTCGCAT-1_1_1,bpd,Acute26,gCap,gCap,Endothelial,True,train
CCTAAAGCACGTCTCT-1_1_1,bpd,Acute26,gCap,gCap,Endothelial,True,train
CATGACACAATCGAAA-1_1_1,bpd,Acute26,gCap,gCap,Endothelial,True,train
CAGCAGCGTGCACTTA-1_1_1,bpd,Acute26,gCap,gCap,Endothelial,True,train
CCCATACTCGACGGAA-1_1_1,bpd,Acute26,gCap,gCap,Endothelial,True,train
GTACGTAGTTAGGGTG-1_1_1,bpd,Acute26,gCap,gCap,Endothelial,True,train
ATTTCTGGTTAAGATG-1_1_1,bpd,Acute26,gCap,gCap,Endothelial,True,train
GCGAGAATCCGTAGGC-1_1_1,bpd,Acute26,gCap,gCap,Endothelial,True,train
TACACGACACGAGGTA-1_1_1,bpd,Acute26,gCap,gCap,Endothelial,True,train
CTAGAGTAGTTGAGTA-1_1_1,bpd,Acute26,gCap,gCap,Endothelial,True,train
TAAGAGAAGATGAGAG-1_1_1,bpd,Acute26,gCap,gCap,Endothelial,True,train
CACACTCCATCGGAAG-1_1_1,bpd,Acute26,gCap,gCap,Endothelial,True,test
CTGGTCTAGGGAACGG-1_1_1,bpd,Acute26,gCap,gCap,Endothelial,True,train
CAGAGAGGTCATCGGC-1_1_1,bpd,Acute26,gCap,gCap,Endothelial,True,train
CATCCACTCACCGTAA-1_1_1,bpd,Acute26,gCap,gCap,Endothelial,True,test
GCGCCAAGTGGGTATG-1_1_1,bpd,Acute26,gCap,gCap,Endothelial,True,train
TGCGGGTGTAGGCATG-1_1_1,bpd,Acute26,gCap,gCap,Endothelial,True,train
ATTCTACAGAGGTAGA-1_1_1,bpd,Acute26,gCap,gCap,Endothelial,True,train
GCATGCGAGCTGGAAC-1_1_1,bpd,Acute26,gCap,gCap,Endothelial,True,test
ATGTGTGGTTCCAACA-1_1_1,bpd,Acute26,gCap,gCap,Endothelial,True,train
TGCCAAATCTTCGGTC-1_1_1,bpd,Acute26,gCap,gCap,Endothelial,True,train
TGGCGCACACAAGTAA-1_1_1,bpd,Acute26,gCap,gCap,Endothelial,True,train
TGAGCCGGTTGGTTTG-1_1_1,bpd,Acute26,gCap,gCap,Endothelial,True,test
ACTGCTCCACACTGCG-1_1_1,bpd,Acute26,gCap,gCap,Endothelial,True,train
TGCCAAATCGCCTGTT-1_1_1,bpd,Acute26,gCap,gCap,Endothelial,True,train
CTCTAATAGACGCAAC-1_1_1,bpd,Acute26,gCap,gCap,Endothelial,True,train
CGAGCCAAGTGTTTGC-1_1_1,bpd,Acute26,gCap,gCap,Endothelial,True,train
CTCTACGGTCTCTTAT-1_1_1,bpd,Acute26,gCap,gCap,Endothelial,True,train
GACGGCTTCTCAAACG-1_1_1,bpd,Acute26,gCap,gCap,Endothelial,True,train
ACATACGAGACAGACC-1_1_1,bpd,Acute26,gCap,gCap,Endothelial,True,train
AACTCAGGTATCACCA-1_1_1,bpd,Acute26,gCap,gCap,Endothelial,True,train
CGAATGTGTACTTCTT-1_1_1,bpd,Acute26,gCap,gCap,Endothelial,True,train
TGGGAAGGTCAATGTC-1_1_1,bpd,Acute26,gCap,gCap,Endothelial,True,train
ACAGCCGCAGATGAGC-1_1_1,bpd,Acute26,gCap,gCap,Endothelial,True,train
ACGGCCAAGACTTGAA-1_1_1,bpd,Acute26,gCap,gCap,Endothelial,True,train
GTGCAGCAGGAGTAGA-1_1_1,bpd,Acute26,gCap,gCap,Endothelial,True,train
GGACGTCTCTTGAGAC-1_1_1,bpd,Acute26,gCap,gCap,Endothelial,True,train
GGACAGATCAGCTTAG-1_1_1,bpd,Acute26,gCap,gCap,Endothelial,True,train
TACGGATCACTTGGAT-1_1_1,bpd,Acute26,gCap,gCap,Endothelial,True,train
AAGGTTCCAACTGGCC-1_1_1,bpd,Acute26,gCap,gCap,Endothelial,True,train
CGTAGCGAGAAGATTC-1_1_1,bpd,Acute26,gCap,gCap,Endothelial,True,train
CGGAGTCTCAAAGTAG-1_1_1,bpd,Acute26,gCap,gCap,Endothelial,True,train
CAGCTGGGTAGCTCCG-1_1_1,bpd,Acute26,gCap,gCap,Endothelial,True,train
TATTACCTCAAACCAC-1_1_1,bpd,Acute26,gCap,gCap,Endothelial,True,train
GGGAGATGTTAAGGGC-1_1_1,bpd,Acute26,gCap,gCap,Endothelial,True,train
AAGGCAGCAGCTGGCT-1_1_1,bpd,Acute26,gCap,gCap,Endothelial,True,train
GGTGTTACATGACGGA-1_1_1,bpd,Acute26,gCap,gCap,Endothelial,True,train
GTAACGTTCACTGGGC-1_1_1,bpd,Acute26,gCap,gCap,Endothelial,True,train
CGCTATCCACTTAAGC-1_1_1,bpd,Acute26,gCap,gCap,Endothelial,True,train
GATGCTAAGAAACCTA-1_1_1,bpd,Acute26,gCap,gCap,Endothelial,True,train
CGTCACTGTCTCGTTC-1_1_1,bpd,Acute26,gCap,gCap,Endothelial,True,train
CCATGTCTCGGATGGA-1_1_1,bpd,Acute26,gCap,gCap,Endothelial,True,train
ATTGGACGTCTAGGTT-1_1_1,bpd,Acute26,gCap,gCap,Endothelial,True,test
ATCACGACAGCTGTTA-1_1_1,bpd,Acute26,gCap,gCap,Endothelial,True,train
TGTGGTAGTTTGGCGC-1_1_1,bpd,Acute26,gCap,gCap,Endothelial,True,train
TTTGTCATCTGTTGAG-1_1_1,bpd,Acute26,gCap,gCap,Endothelial,True,train
CATCAAGTCCTTCAAT-1_1_1,bpd,Acute26,gCap,gCap,Endothelial,True,train
TTGGCAACAAACGTGG-1_1_1,bpd,Acute26,gCap,gCap,Endothelial,True,train
GTGAAGGTCTACCTGC-1_1_1,bpd,Acute26,gCap,gCap,Endothelial,True,train
AGACGTTAGAGCCTAG-1_1_1,bpd,Acute26,gCap,gCap,Endothelial,True,train
CCACGGAAGTTGTAGA-1_1_1,bpd,Acute26,gCap,gCap,Endothelial,True,train
ATCATGGCACTCAGGC-1_1_1,bpd,Acute26,gCap,gCap,Endothelial,True,train
GCCTCTATCCTTTCTC-1_1_1,bpd,Acute26,gCap,gCap,Endothelial,True,train
ATTACTCGTCCAGTAT-1_1_1,bpd,Acute26,gCap,gCap,Endothelial,True,train
CAGCTAAAGAAGGTTT-1_1_1,bpd,Acute26,gCap,gCap,Endothelial,True,train
TGGTTAGAGACCTTTG-1_1_1,bpd,Acute26,gCap,gCap,Endothelial,True,train
CACACTCCACGTGAGA-1_1_1,bpd,Acute26,gCap,gCap,Endothelial,True,train
GACTACACAAGACGTG-1_1_1,bpd,Acute26,gCap,gCap,Endothelial,True,train
GGACAGATCAATACCG-1_1_1,bpd,Acute26,gCap,gCap,Endothelial,True,train
CATATGGCACGGCGTT-1_1_1,bpd,Acute26,gCap,gCap,Endothelial,True,train
TGCCAAACACGGCGTT-1_1_1,bpd,Acute26,gCap,gCap,Endothelial,True,train
CTAAGACTCTCGCATC-1_1_1,bpd,Acute26,gCap,gCap,Endothelial,True,train
AGCCTAATCTTTACAC-1_1_1,bpd,Acute26,gCap,gCap,Endothelial,True,train
CGGAGCTGTGCATCTA-1_1_1,bpd,Acute26,gCap,gCap,Endothelial,True,train
GAGTCCGGTGGTGTAG-1_1_1,bpd,Acute26,gCap,gCap,Endothelial,True,train
ATTCTACTCTTACCGC-1_1_1,bpd,Acute26,gCap,gCap,Endothelial,True,train
GACGTGCCATGTTCCC-1_1_1,bpd,Acute26,gCap,gCap,Endothelial,True,train
CCCAGTTCATCCCACT-1_1_1,bpd,Acute26,gCap,gCap,Endothelial,True,train
TCTTCGGCACAAGTAA-1_1_1,bpd,Acute26,gCap,gCap,Endothelial,True,train
TATCTCACAAGGTTCT-1_1_1,bpd,Acute26,gCap,gCap,Endothelial,True,train
GAATGAACATACTCTT-1_1_1,bpd,Acute26,gCap,gCap,Endothelial,True,train
GGATGTTGTTTCCACC-1_1_1,bpd,Acute26,gCap,gCap,Endothelial,True,test
CAACTAGCATCGGTTA-1_1_1,bpd,Acute26,gCap,gCap,Endothelial,True,train
CCCAATCAGTTTGCGT-1_1_1,bpd,Acute26,gCap,gCap,Endothelial,True,train
CTCGGAGGTCCCGACA-1_1_1,bpd,Acute26,gCap,gCap,Endothelial,True,train
TGGGAAGAGTCAAGGC-1_1_1,bpd,Acute26,gCap,gCap,Endothelial,True,train
CATGACAAGGGAACGG-1_1_1,bpd,Acute26,gCap,gCap,Endothelial,True,test
TTCTCAACAGCTCCGA-1_1_1,bpd,Acute26,gCap,gCap,Endothelial,True,train
TCTCTAACATCATCCC-1_1_1,bpd,Acute26,gCap,gCap,Endothelial,True,train
TTGCCGTAGTATCGAA-1_1_1,bpd,Acute26,gCap,gCap,Endothelial,True,train
GTCACGGCAATTGCTG-1_1_1,bpd,Acute26,gCap,gCap,Endothelial,True,train
CGGCTAGTCCAGTATG-1_1_1,bpd,Acute26,gCap,gCap,Endothelial,True,train
GCCTCTACAGGACGTA-1_1_1,bpd,Acute26,gCap,gCap,Endothelial,True,train
GAGGTGAGTATATGGA-1_1_1,bpd,Acute26,gCap,gCap,Endothelial,True,train
TGGCTGGTCCTTGGTC-1_1_1,bpd,Acute26,gCap,gCap,Endothelial,True,train
CACAGTAGTGTTCGAT-1_1_1,bpd,Acute26,gCap,gCap,Endothelial,True,train
AGGCCGTAGTTAGCGG-1_1_1,bpd,Acute26,gCap,gCap,Endothelial,True,train
GCAATCACAGATAATG-1_1_1,bpd,Acute26,gCap,gCap,Endothelial,True,train
GGCTCGATCATGCTCC-1_1_1,bpd,Acute26,gCap,gCap,Endothelial,True,valid
CTAGTGAAGTAGATGT-1_1_1,bpd,Acute26,gCap,gCap,Endothelial,True,test
GACCTGGCAGGCTGAA-1_1_1,bpd,Acute26,gCap,gCap,Endothelial,True,train
CCGTTCAAGGTCATCT-1_1_1,bpd,Acute26,gCap,gCap,Endothelial,True,test
ATCTGCCTCCGTTGCT-1_1_1,bpd,Acute26,gCap,gCap,Endothelial,True,train
TCGTACCGTCAGCTAT-1_1_1,bpd,Acute26,gCap,gCap,Endothelial,True,train
ACTGAGTAGGTTCCTA-1_1_1,bpd,Acute26,gCap,gCap,Endothelial,True,train
ACATGGTAGATCCCAT-1_1_1,bpd,Acute26,gCap,gCap,Endothelial,True,test
CCATGTCTCAGAGGTG-1_1_1,bpd,Acute26,gCap,gCap,Endothelial,True,test
CGAGCCAGTTTGCATG-1_1_1,bpd,Acute26,gCap,gCap,Endothelial,True,train
GAAGCAGAGGATCGCA-1_1_1,bpd,Acute26,gCap,gCap,Endothelial,True,train
AGGCCGTAGCAACGGT-1_1_1,bpd,Acute26,gCap,gCap,Endothelial,True,test
CCCAATCGTTATTCTC-1_1_1,bpd,Acute26,gCap,gCap,Endothelial,True,train
GTCTCGTGTCAGAAGC-1_1_1,bpd,Acute26,gCap,gCap,Endothelial,True,train
CTCACACAGATGTGGC-1_1_1,bpd,Acute26,gCap,gCap,Endothelial,True,train
CTCGTCACAGGCTCAC-1_1_1,bpd,Acute26,gCap,gCap,Endothelial,True,train
GTAACTGTCAGGTAAA-1_1_1,bpd,Acute26,gCap,gCap,Endothelial,True,train
CGCTATCCAAGCCTAT-1_1_1,bpd,Acute26,gCap,gCap,Endothelial,True,train
CTCTACGAGACAAGCC-1_1_1,bpd,Acute26,gCap,gCap,Endothelial,True,train
TTTGTCACAAGTAATG-1_1_1,bpd,Acute26,gCap,gCap,Endothelial,True,train
ATCATCTCAATAAGCA-1_1_1,bpd,Acute26,gCap,gCap,Endothelial,True,train
CTCGGGACAAGTAGTA-1_1_1,bpd,Acute26,gCap,gCap,Endothelial,True,train
GTGCAGCTCCCTGACT-1_1_1,bpd,Acute26,gCap,gCap,Endothelial,True,train
TCAGGTACAGTATAAG-1_1_1,bpd,Acute26,gCap,gCap,Endothelial,True,train
AGTGAGGAGGCTAGCA-1_1_1,bpd,Acute26,gCap,gCap,Endothelial,True,train
AAGACCTGTCTCTTTA-1_1_1,bpd,Acute26,gCap,gCap,Endothelial,True,train
CATCAGATCCATGAAC-1_1_1,bpd,Acute26,gCap,gCap,Endothelial,True,train
TGACAACCACCGCTAG-1_1_1,bpd,Acute26,gCap,gCap,Endothelial,True,train
CAACTAGTCAAAGTAG-1_1_1,bpd,Acute26,gCap,gCap,Endothelial,True,train
CAGCGACCATAAGACA-1_1_1,bpd,Acute26,gCap,gCap,Endothelial,True,train
ACACTGATCAAGCCTA-1_1_1,bpd,Acute26,gCap,gCap,Endothelial,True,train
CAGTCCTTCGGCTACG-1_1_1,bpd,Acute26,gCap,gCap,Endothelial,True,train
TCACGAAGTATTACCG-1_1_1,bpd,Acute26,gCap,gCap,Endothelial,True,train
GGACAAGCATTACGAC-1_1_1,bpd,Acute26,gCap,gCap,Endothelial,True,test
CTACGTCCAAGTCTAC-1_1_1,bpd,Acute26,gCap,gCap,Endothelial,True,train
GTACGTACAGCAGTTT-1_1_1,bpd,Acute26,gCap,gCap,Endothelial,True,train
ACCGTAACACCAGCAC-1_1_1,bpd,Acute26,gCap,gCap,Endothelial,True,train
GCTCTGTGTCTCTCTG-1_1_1,bpd,Acute26,gCap,gCap,Endothelial,True,train
ACGATACAGATATACG-1_1_1,bpd,Acute26,gCap,gCap,Endothelial,True,train
GACGGCTTCCAAGTAC-1_1_1,bpd,Acute26,gCap,gCap,Endothelial,True,train
GATCAGTTCCTCAACC-1_1_1,bpd,Acute26,gCap,gCap,Endothelial,True,train
CACCAGGAGTTGTAGA-1_1_1,bpd,Acute26,gCap,gCap,Endothelial,True,train
CGATCGGGTCGCGAAA-1_1_1,bpd,Acute26,gCap,gCap,Endothelial,True,train
GCCTCTAGTTAGTGGG-1_1_1,bpd,Acute26,gCap,gCap,Endothelial,True,train
GGGCACTGTTGAGTTC-1_1_1,bpd,Acute26,gCap,gCap,Endothelial,True,test
CTAACTTGTCAATACC-1_1_1,bpd,Acute26,gCap,gCap,Endothelial,True,train
CACCACTCAGAGTGTG-1_1_1,bpd,Acute26,gCap,gCap,Endothelial,True,train
GCAGTTAAGCTTATCG-1_1_1,bpd,Acute26,gCap,gCap,Endothelial,True,train
TCAGATGAGGAGTTGC-1_1_1,bpd,Acute26,gCap,gCap,Endothelial,True,test
AACTCAGTCACCGTAA-1_1_1,bpd,Acute26,gCap,gCap,Endothelial,True,train
TCTGAGAAGGGATCTG-1_1_1,bpd,Acute26,gCap,gCap,Endothelial,True,train
TCACGAAGTATATGAG-1_1_1,bpd,Acute26,gCap,gCap,Endothelial,True,train
GCGCCAACAATGAATG-1_1_1,bpd,Acute26,gCap,gCap,Endothelial,True,train
GGGTTGCAGTTCGCGC-1_1_1,bpd,Acute26,gCap,gCap,Endothelial,True,train
TCACAAGGTCTCACCT-1_1_1,bpd,Acute26,gCap,gCap,Endothelial,True,train
AACTGGTAGATATGCA-1_1_1,bpd,Acute26,gCap,gCap,Endothelial,True,train
ATCTACTTCGCACTCT-1_1_1,bpd,Acute26,gCap,gCap,Endothelial,True,train
ATTATCCTCGGAGCAA-1_1_1,bpd,Acute26,gCap,gCap,Endothelial,True,test
GAATGAATCGCCAGCA-1_1_1,bpd,Acute26,gCap,gCap,Endothelial,True,train
CCTAAAGAGAAAGTGG-1_1_1,bpd,Acute26,gCap,gCap,Endothelial,True,train
AACTGGTGTTGCTCCT-1_1_1,bpd,Acute26,gCap,gCap,Endothelial,True,train
CTGAAGTAGTCCCACG-1_1_1,bpd,Acute26,gCap,gCap,Endothelial,True,train
GCAAACTGTGAGTATA-1_1_1,bpd,Acute26,gCap,gCap,Endothelial,True,train
GAACCTATCTTAGAGC-1_1_1,bpd,Acute26,gCap,gCap,Endothelial,True,train
CCTTTCTTCTTGACGA-1_1_1,bpd,Acute26,gCap,gCap,Endothelial,True,train
GCGCAGTTCCCTTGTG-1_1_1,bpd,Acute26,gCap,gCap,Endothelial,True,test
TGCGGGTCATATGGTC-1_1_1,bpd,Acute26,gCap,gCap,Endothelial,True,train
TACTCGCCAACTGGCC-1_1_1,bpd,Acute26,gCap,gCap,Endothelial,True,train
ACCCACTTCATTTGGG-1_1_1,bpd,Acute26,gCap,gCap,Endothelial,True,test
GAACATCAGTGTTTGC-1_1_1,bpd,Acute26,gCap,gCap,Endothelial,True,test
TGGGCGTAGACACGAC-1_1_1,bpd,Acute26,gCap,gCap,Endothelial,True,train
TAAGAGAAGGACCACA-1_1_1,bpd,Acute26,gCap,gCap,Endothelial,True,test
TGACGGCTCGTCGTTC-1_1_1,bpd,Acute26,gCap,gCap,Endothelial,True,train
GTGCGGTCATCGGACC-1_1_1,bpd,Acute26,gCap,gCap,Endothelial,True,train
TGTATTCTCACAACGT-1_1_1,bpd,Acute26,gCap,gCap,Endothelial,True,train
CGAGCACAGACAGAGA-1_1_1,bpd,Acute26,gCap,gCap,Endothelial,True,train
GCCAAATTCATGTCTT-1_1_1,bpd,Acute26,gCap,gCap,Endothelial,True,train
GTGAAGGAGAAGCCCA-1_1_1,bpd,Acute26,gCap,gCap,Endothelial,True,train
TTCTCCTCATACCATG-1_1_1,bpd,Acute26,gCap,gCap,Endothelial,True,test
GGAGCAAGTAATCACC-1_1_1,bpd,Acute26,gCap,gCap,Endothelial,True,train
TGCGGGTCACCTCGGA-1_1_1,bpd,Acute26,gCap,gCap,Endothelial,True,train
GACTAACGTGTCAATC-1_1_1,bpd,Acute26,gCap,gCap,Endothelial,True,train
GGACATTCAGCCACCA-1_1_1,bpd,Acute26,gCap,gCap,Endothelial,True,test
AATCGGTCATATACGC-1_1_1,bpd,Acute26,gCap,gCap,Endothelial,True,train
CTGAAACCATGCGCAC-1_1_1,bpd,Acute26,gCap,gCap,Endothelial,True,train
AAATGCCCACAGGTTT-1_1_1,bpd,Acute26,gCap,gCap,Endothelial,True,train
CACATTTTCTCGAGTA-1_1_1,bpd,Acute26,gCap,gCap,Endothelial,True,train
AAGGTTCCACGACGAA-1_1_1,bpd,Acute26,gCap,gCap,Endothelial,True,train
TTAACTCTCGCAAACT-1_1_1,bpd,Acute26,gCap,gCap,Endothelial,True,train
GGGTTGCCACGTAAGG-1_1_1,bpd,Acute26,gCap,gCap,Endothelial,True,test
CCTTACGAGTAGGTGC-1_1_1,bpd,Acute26,gCap,gCap,Endothelial,True,train
ACGATGTAGTTAAGTG-1_1_1,bpd,Acute26,gCap,gCap,Endothelial,True,train
ATCATCTAGCCAGTTT-1_1_1,bpd,Acute26,gCap,gCap,Endothelial,True,test
AGTGGGATCTCAAACG-1_1_1,bpd,Acute26,gCap,gCap,Endothelial,True,train
AGTTGGTTCGTGGGAA-1_1_1,bpd,Acute26,gCap,gCap,Endothelial,True,train
ACTATCTTCCCTCTTT-1_1_1,bpd,Acute26,gCap,gCap,Endothelial,True,train
AGCTCTCCAGCCTTTC-1_1_1,bpd,Acute26,gCap,gCap,Endothelial,True,train
TACCTATCAGCCTGTG-1_1_1,bpd,Acute26,gCap,gCap,Endothelial,True,train
TATCTCAAGCTGATAA-1_1_1,bpd,Acute26,gCap,gCap,Endothelial,True,train
TCAGGATGTACTTGAC-1_1_1,bpd,Acute26,gCap,gCap,Endothelial,True,train
CCCAATCCACGTGAGA-1_1_1,bpd,Acute26,gCap,gCap,Endothelial,True,test
CGGACGTAGATCCGAG-1_1_1,bpd,Acute26,gCap,gCap,Endothelial,True,train
ACACCGGCATGCCACG-1_1_1,bpd,Acute26,gCap,gCap,Endothelial,True,train
ATCCACCAGCCTTGAT-1_1_1,bpd,Acute26,gCap,gCap,Endothelial,True,train
GCAATCACAGCTGTGC-1_1_1,bpd,Acute26,gCap,gCap,Endothelial,True,train
ACGAGGAGTCTAGCCG-1_1_1,bpd,Acute26,gCap,gCap,Endothelial,True,train
TAAACCGTCCCAACGG-1_1_1,bpd,Acute26,gCap,gCap,Endothelial,True,train
AGCATACCAGCTGCTG-1_1_1,bpd,Acute26,gCap,gCap,Endothelial,True,train
CACAGTATCCACGTGG-1_1_1,bpd,Acute26,gCap,gCap,Endothelial,True,train
TACTCGCAGGGAAACA-1_1_1,bpd,Acute26,gCap,gCap,Endothelial,True,test
GACTAACAGAGTGAGA-1_1_1,bpd,Acute26,gCap,gCap,Endothelial,True,train
TACACGAGTAGCTTGT-1_1_1,bpd,Acute26,gCap,gCap,Endothelial,True,train
GTCACAAGTCGCGTGT-1_1_1,bpd,Acute26,gCap,gCap,Endothelial,True,train
CTGGTCTGTTAAGACA-1_1_1,bpd,Acute26,gCap,gCap,Endothelial,True,train
GGCGTGTCAGATTGCT-1_1_1,bpd,Acute26,gCap,gCap,Endothelial,True,train
TGCGGGTCATCCGTGG-1_1_1,bpd,Acute26,gCap,gCap,Endothelial,True,test
GTTCTCGGTATTCGTG-1_1_1,bpd,Acute26,gCap,gCap,Endothelial,True,train
TGCGCAGGTCTGGAGA-1_1_1,bpd,Acute26,gCap,gCap,Endothelial,True,train
GGACGTCCATGAAGTA-1_1_1,bpd,Acute26,gCap,gCap,Endothelial,True,train
ACTTTCAGTTGAGGTG-1_1_1,bpd,Acute26,gCap,gCap,Endothelial,True,train
CGATTGATCATAACCG-1_1_1,bpd,Acute26,gCap,gCap,Endothelial,True,train
CGCTTCAAGAGCTGCA-1_1_1,bpd,Acute26,gCap,gCap,Endothelial,True,train
CCAATCCTCAGCACAT-1_1_1,bpd,Acute26,gCap,gCap,Endothelial,True,train
CCTCTGAAGTCCGGTC-1_1_1,bpd,Acute26,gCap,gCap,Endothelial,True,train
CATCAGACACAGAGGT-1_1_1,bpd,Acute26,gCap,gCap,Endothelial,True,train
CGTCTACTCCGCATAA-1_1_1,bpd,Acute26,gCap,gCap,Endothelial,True,train
AGAGCTTGTAGCCTAT-1_1_1,bpd,Acute26,gCap,gCap,Endothelial,True,train
CACAAACCAAGCCGCT-1_1_1,bpd,Acute26,gCap,gCap,Endothelial,True,train
TACCTATGTACTCAAC-1_1_1,bpd,Acute26,gCap,gCap,Endothelial,True,test
GATCAGTAGGCTATCT-1_1_1,bpd,Acute26,gCap,gCap,Endothelial,True,train
CTCCTAGTCCTATGTT-1_1_1,bpd,Acute26,gCap,gCap,Endothelial,True,train
CAGCTGGGTAGGACAC-1_1_1,bpd,Acute26,gCap,gCap,Endothelial,True,train
GACGGCTTCACAATGC-1_1_1,bpd,Acute26,gCap,gCap,Endothelial,True,train
TGCGTGGAGCGATCCC-1_1_1,bpd,Acute26,gCap,gCap,Endothelial,True,train
CATGCCTAGGCAAAGA-1_1_1,bpd,Acute26,gCap,gCap,Endothelial,True,train
ACGCAGCAGAATAGGG-1_1_1,bpd,Acute26,gCap,gCap,Endothelial,True,train
CGACCTTTCAATCTCT-1_1_1,bpd,Acute26,gCap,gCap,Endothelial,True,train
CAGTCCTTCCCTCAGT-1_1_1,bpd,Acute26,gCap,gCap,Endothelial,True,train
GGACAAGTCCCTCAGT-1_1_1,bpd,Acute26,gCap,gCap,Endothelial,True,test
CACAGTATCAACACGT-1_1_1,bpd,Acute26,gCap,gCap,Endothelial,True,test
ACGGGTCAGTCTCGGC-1_1_1,bpd,Acute26,gCap,gCap,Endothelial,True,test
TTATGCTCAGTATGCT-1_1_1,bpd,Acute26,gCap,gCap,Endothelial,True,train
CGAGAAGTCCAGATCA-1_1_1,bpd,Acute26,gCap,gCap,Endothelial,True,train
CGGACACGTGCCTGCA-1_1_1,bpd,Acute26,gCap,gCap,Endothelial,True,train
GTTTCTAGTTACGTCA-1_1_1,bpd,Acute26,gCap,gCap,Endothelial,True,train
TTCTACACAAGCCATT-1_1_1,bpd,Acute26,gCap,gCap,Endothelial,True,train
CCTACACAGATCGGGT-1_1_1,bpd,Acute26,gCap,gCap,Endothelial,True,train
GATGAGGCACTTAAGC-1_1_1,bpd,Acute26,gCap,gCap,Endothelial,True,train
GGGCATCTCATGCTCC-1_1_1,bpd,Acute26,gCap,gCap,Endothelial,True,train
GGGAGATAGAATTGTG-1_1_1,bpd,Acute26,gCap,gCap,Endothelial,True,train
GTCCTCAGTTACAGAA-1_1_1,bpd,Acute26,gCap,gCap,Endothelial,True,test
GCATGCGGTCTCCACT-1_1_1,bpd,Acute26,gCap,gCap,Endothelial,True,train
CAGCATAAGAATTGTG-1_1_1,bpd,Acute26,gCap,gCap,Endothelial,True,train
CCTCTGAGTCCATCCT-1_1_1,bpd,Acute26,gCap,gCap,Endothelial,True,train
AGCTCCTTCGTCCGTT-1_1_1,bpd,Acute26,gCap,gCap,Endothelial,True,train
TTGGCAAAGCTAGTCT-1_1_1,bpd,Acute26,gCap,gCap,Endothelial,True,train
TACGGTATCTGTCCGT-1_1_1,bpd,Acute26,gCap,gCap,Endothelial,True,train
GTCACGGCAGACAAGC-1_1_1,bpd,Acute26,gCap,gCap,Endothelial,True,train
CATCGAATCCACTCCA-1_1_1,bpd,Acute26,gCap,gCap,Endothelial,True,train
CTCGGAGAGAGATGAG-1_1_1,bpd,Acute26,gCap,gCap,Endothelial,True,train
AAGTCTGCATACTACG-1_1_1,bpd,Acute26,gCap,gCap,Endothelial,True,test
ACGCAGCGTTAAGTAG-1_1_1,bpd,Acute26,gCap,gCap,Endothelial,True,train
CCGGTAGTCTGCAGTA-1_1_1,bpd,Acute26,gCap,gCap,Endothelial,True,train
AAGGCAGTCTGTCTCG-1_1_1,bpd,Acute26,gCap,gCap,Endothelial,True,test
TTGCGTCAGGCCCGTT-1_1_1,bpd,Acute26,gCap,gCap,Endothelial,True,train
TTGCGTCCAGCTCGCA-1_1_1,bpd,Acute26,gCap,gCap,Endothelial,True,test
TTGTAGGCATAGGATA-1_1_1,bpd,Acute26,gCap,gCap,Endothelial,True,train
GAGGTGACACCAGTTA-1_1_1,bpd,Acute26,gCap,gCap,Endothelial,True,train
GCAATCAAGTGGACGT-1_1_1,bpd,Acute26,gCap,gCap,Endothelial,True,train
ATCGAGTAGCAGCCTC-1_1_1,bpd,Acute26,gCap,gCap,Endothelial,True,train
TGGTTAGGTGATGTCT-1_1_1,bpd,Acute26,gCap,gCap,Endothelial,True,train
CATATTCTCTGCTTGC-1_1_1,bpd,Acute26,gCap,gCap,Endothelial,True,train
GAAATGATCCCTTGCA-1_1_1,bpd,Acute26,gCap,gCap,Endothelial,True,train
GCGACCAAGATATGGT-1_1_1,bpd,Acute26,gCap,gCap,Endothelial,True,train
ATAAGAGCAGCGAACA-1_1_1,bpd,Acute26,gCap,gCap,Endothelial,True,train
CAGAATCAGTACGATA-1_1_1,bpd,Acute26,gCap,gCap,Endothelial,True,train
ATCGAGTGTCCAACTA-1_1_1,bpd,Acute26,gCap,gCap,Endothelial,True,train
GTCGTAACACATCCGG-1_1_1,bpd,Acute26,gCap,gCap,Endothelial,True,train
AAGGAGCCATGCATGT-1_1_1,bpd,Acute26,gCap,gCap,Endothelial,True,test
GGACAGAGTGCAACGA-1_1_1,bpd,Acute26,gCap,gCap,Endothelial,True,train
TTGACTTTCACCAGGC-1_1_1,bpd,Acute26,gCap,gCap,Endothelial,True,train
GCGGGTTCAAACTGTC-1_1_1,bpd,Acute26,gCap,gCap,Endothelial,True,train
GACACGCAGTTTGCGT-1_1_1,bpd,Acute26,gCap,gCap,Endothelial,True,train
ATAGACCAGACAGACC-1_1_1,bpd,Acute26,gCap,gCap,Endothelial,True,test
TGGGAAGAGCTGCGAA-1_1_1,bpd,Acute26,gCap,gCap,Endothelial,True,test
CGTTCTGGTTCCAACA-1_1_1,bpd,Acute26,gCap,gCap,Endothelial,True,train
CTCAGAACAGTATGCT-1_1_1,bpd,Acute26,gCap,gCap,Endothelial,True,train
AAACGGGAGGTTACCT-1_1_1,bpd,Acute26,gCap,gCap,Endothelial,True,train
CCTCTGATCTATCCTA-1_1_1,bpd,Acute26,gCap,gCap,Endothelial,True,train
GCGGGTTGTCTAGCCG-1_1_1,bpd,Acute26,gCap,gCap,Endothelial,True,train
CATGCCTGTCTCAACA-1_1_1,bpd,Acute26,gCap,gCap,Endothelial,True,train
GCATGTATCGTACCGG-1_1_1,bpd,Acute26,gCap,gCap,Endothelial,True,train
AGTAGTCAGAAGGACA-1_1_1,bpd,Acute26,gCap,gCap,Endothelial,True,train
GGAACTTGTTGAGTTC-1_1_1,bpd,Acute26,gCap,gCap,Endothelial,True,train
ATTATCCTCTCAAGTG-1_1_1,bpd,Acute26,gCap,gCap,Endothelial,True,train
TACTCATGTCAAACTC-1_1_1,bpd,Acute26,gCap,gCap,Endothelial,True,train
ATCACGACATAACCTG-1_1_1,bpd,Acute26,gCap,gCap,Endothelial,True,train
CATCAGAGTCCTAGCG-1_1_1,bpd,Acute26,gCap,gCap,Endothelial,True,train
AAGTCTGTCCTCGCAT-1_1_1,bpd,Acute26,gCap,gCap,Endothelial,True,train
TGGGAAGAGTGGGTTG-1_1_1,bpd,Acute26,gCap,gCap,Endothelial,True,train
CTAAGACGTGCACGAA-1_1_1,bpd,Acute26,gCap,gCap,Endothelial,True,train
ACACCAATCACAGGCC-1_1_1,bpd,Acute26,gCap,gCap,Endothelial,True,train
GTAGGCCTCAACACTG-1_1_1,bpd,Acute26,gCap,gCap,Endothelial,True,train
AACGTTGAGCCATCGC-1_1_1,bpd,Acute26,gCap,gCap,Endothelial,True,train
CCTAAAGGTCTTCGTC-1_1_1,bpd,Acute26,gCap,gCap,Endothelial,True,train
GGTGAAGGTCCGTTAA-1_1_1,bpd,Acute26,gCap,gCap,Endothelial,True,train
CAAGAAAGTTCTGGTA-1_1_1,bpd,Acute26,gCap,gCap,Endothelial,True,train
CACTCCAGTACCGTTA-1_1_1,bpd,Acute26,gCap,gCap,Endothelial,True,train
GGGAGATTCAATAAGG-1_1_1,bpd,Acute26,gCap,gCap,Endothelial,True,train
CTAGTGATCGCTGATA-1_1_1,bpd,Acute26,gCap,gCap,Endothelial,True,train
GGATTACGTTCAGTAC-1_1_1,bpd,Acute26,gCap,gCap,Endothelial,True,train
TCACAAGCACAGGTTT-1_1_1,bpd,Acute26,gCap,gCap,Endothelial,True,train
GCATGATGTCCGTTAA-1_1_1,bpd,Acute26,gCap,gCap,Endothelial,True,train
CATTATCTCTTCCTTC-1_1_1,bpd,Acute26,gCap,gCap,Endothelial,True,train
CGGACACGTACAGACG-1_1_1,bpd,Acute26,gCap,gCap,Endothelial,True,train
TACGGGCAGAGAGCTC-1_1_1,bpd,Acute26,gCap,gCap,Endothelial,True,train
CGATTGACAGAAGCAC-1_1_1,bpd,Acute26,gCap,gCap,Endothelial,True,train
ATGTGTGTCAAAGACA-1_1_1,bpd,Acute26,gCap,gCap,Endothelial,True,train
GCTGCTTAGTATCGAA-1_1_1,bpd,Acute26,gCap,gCap,Endothelial,True,train
ACTGTCCTCAGGCAAG-1_1_1,bpd,Acute26,gCap,gCap,Endothelial,True,train
GCAAACTTCGGAAATA-1_1_1,bpd,Acute26,gCap,gCap,Endothelial,True,train
CATCGAAAGTACACCT-1_1_1,bpd,Acute26,gCap,gCap,Endothelial,True,train
ACGGAGACATTCACTT-1_1_1,bpd,Acute26,gCap,gCap,Endothelial,True,train
GCAGCCATCGTCTGAA-1_1_1,bpd,Acute26,gCap,gCap,Endothelial,True,test
CATGGCGAGGCCCTCA-1_1_1,bpd,Acute26,gCap,gCap,Endothelial,True,train
TCGCGTTGTCAGCTAT-1_1_1,bpd,Acute26,gCap,gCap,Endothelial,True,test
CATGCCTCAAGGTTCT-1_1_1,bpd,Acute26,gCap,gCap,Endothelial,True,test
TATTACCTCAACACAC-1_1_1,bpd,Acute26,gCap,gCap,Endothelial,True,train
CTAGTGAAGTTCCACA-1_1_1,bpd,Acute26,gCap,gCap,Endothelial,True,train
CTCATTAGTCAATACC-1_1_1,bpd,Acute26,gCap,gCap,Endothelial,True,train
CAACCAAAGATGTCGG-1_1_1,bpd,Acute26,gCap,gCap,Endothelial,True,train
CTAGTGATCATCGATG-1_1_1,bpd,Acute26,gCap,gCap,Endothelial,True,test
TCTGGAATCTGTCTAT-1_1_1,bpd,Acute26,gCap,gCap,Endothelial,True,train
CGTCACTGTAGCGTCC-1_1_1,bpd,Acute26,gCap,gCap,Endothelial,True,train
ACTGAGTGTCAGAAGC-1_1_1,bpd,Acute26,gCap,gCap,Endothelial,True,train
TCTTTCCAGTGCCATT-1_1_1,bpd,Acute26,gCap,gCap,Endothelial,True,test
AACTCAGCATGCCTTC-1_1_1,bpd,Acute26,gCap,gCap,Endothelial,True,train
CATCGGGTCGACAGCC-1_1_1,bpd,Acute26,gCap,gCap,Endothelial,True,train
CATTATCCATGTAAGA-1_1_1,bpd,Acute26,gCap,gCap,Endothelial,True,train
TGATTTCTCCAGTAGT-1_1_1,bpd,Acute26,gCap,gCap,Endothelial,True,train
CAGCTAACAGATAATG-1_1_1,bpd,Acute26,gCap,gCap,Endothelial,True,train
CCTAAAGTCGCGATCG-1_1_1,bpd,Acute26,gCap,gCap,Endothelial,True,train
CCGGTAGCACCTGGTG-1_1_1,bpd,Acute26,gCap,gCap,Endothelial,True,train
GGTGAAGTCTTGGGTA-1_1_1,bpd,Acute26,gCap,gCap,Endothelial,True,train
GTACTCCAGGTGATTA-1_1_1,bpd,Acute26,gCap,gCap,Endothelial,True,train
TCGGTAATCACCCGAG-1_1_1,bpd,Acute26,gCap,gCap,Endothelial,True,train
TAAGAGAAGCGATCCC-1_1_1,bpd,Acute26,gCap,gCap,Endothelial,True,train
AGAGTGGGTCTTCAAG-1_1_1,bpd,Acute26,gCap,gCap,Endothelial,True,train
TACTTACCACATGGGA-1_1_1,bpd,Acute26,gCap,gCap,Endothelial,True,train
GACCAATCAACACGCC-1_1_1,bpd,Acute26,gCap,gCap,Endothelial,True,train
CGCTGGAGTTGTGGAG-1_1_1,bpd,Acute26,gCap,gCap,Endothelial,True,train
TCGTAGATCCAGAAGG-1_1_1,bpd,Acute26,gCap,gCap,Endothelial,True,train
CTACGTCGTTAGTGGG-1_1_1,bpd,Acute26,gCap,gCap,Endothelial,True,train
AACTGGTTCCCGACTT-1_1_1,bpd,Acute26,gCap,gCap,Endothelial,True,train
GTATCTTAGGATGGAA-1_1_1,bpd,Acute26,gCap,gCap,Endothelial,True,train
AACTTTCAGGACTGGT-1_1_1,bpd,Acute26,gCap,gCap,Endothelial,True,train
AGTGGGATCGGTGTCG-1_1_1,bpd,Acute26,gCap,gCap,Endothelial,True,train
AATCGGTGTAAATACG-1_1_1,bpd,Acute26,gCap,gCap,Endothelial,True,train
TTAGGCAAGATCCTGT-1_1_1,bpd,Acute26,gCap,gCap,Endothelial,True,train
TCAGGATGTCACCTAA-1_1_1,bpd,Acute26,gCap,gCap,Endothelial,True,test
TGCGGGTTCTCGGACG-1_1_1,bpd,Acute26,gCap,gCap,Endothelial,True,train
CTGAAGTAGTGCTGCC-1_1_1,bpd,Acute26,gCap,gCap,Endothelial,True,train
CATTCGCGTGATGTCT-1_1_1,bpd,Acute26,gCap,gCap,Endothelial,True,train
GCAGTTAAGGATATAC-1_1_1,bpd,Acute26,gCap,gCap,Endothelial,True,train
ACTTGTTAGTAGATGT-1_1_1,bpd,Acute26,gCap,gCap,Endothelial,True,train
GTACGTACACTGTCGG-1_1_1,bpd,Acute26,gCap,gCap,Endothelial,True,train
GGGATGATCTTCTGGC-1_1_1,bpd,Acute26,gCap,gCap,Endothelial,True,test
GTAACTGGTCCGAATT-1_1_1,bpd,Acute26,gCap,gCap,Endothelial,True,train
TTCTACAGTACATGTC-1_1_1,bpd,Acute26,gCap,gCap,Endothelial,True,train
AAGGAGCTCCCAACGG-1_1_1,bpd,Acute26,gCap,gCap,Endothelial,True,train
TACTTGTGTGATGATA-1_1_1,bpd,Acute26,gCap,gCap,Endothelial,True,train
ATCCGAAGTTGTCTTT-1_1_1,bpd,Acute26,gCap,gCap,Endothelial,True,train
CGTCACTGTTACGGAG-1_1_1,bpd,Acute26,gCap,gCap,Endothelial,True,train
TATGCCCTCATCTGTT-1_1_1,bpd,Acute26,gCap,gCap,Endothelial,True,train
TTGGCAATCTGCAAGT-1_1_1,bpd,Acute26,gCap,gCap,Endothelial,True,train
GTGTTAGGTCTAGTGT-1_1_1,bpd,Acute26,gCap,gCap,Endothelial,True,train
ACGGAGATCATTGCGA-1_1_1,bpd,Acute26,gCap,gCap,Endothelial,True,train
TGGTTAGAGCTCTCGG-1_1_1,bpd,Acute26,gCap,gCap,Endothelial,True,train
TTGAACGCACCAGGTC-1_1_1,bpd,Acute26,gCap,gCap,Endothelial,True,train
AGCGTATTCGGTTAAC-1_1_1,bpd,Acute26,gCap,gCap,Endothelial,True,train
CGGACGTCAGGCAGTA-1_1_1,bpd,Acute26,gCap,gCap,Endothelial,True,train
GAATAAGGTATATCCG-1_1_1,bpd,Acute26,gCap,gCap,Endothelial,True,train
GTCGTAATCAGAGGTG-1_1_1,bpd,Acute26,gCap,gCap,Endothelial,True,train
GCGACCACAAACTGCT-1_1_1,bpd,Acute26,gCap,gCap,Endothelial,True,train
CTAAGACGTCTAGGTT-1_1_1,bpd,Acute26,gCap,gCap,Endothelial,True,test
CGCTGGAAGGCGACAT-1_1_1,bpd,Acute26,gCap,gCap,Endothelial,True,train
CTGATAGGTCGCGGTT-1_1_1,bpd,Acute26,gCap,gCap,Endothelial,True,train
GAACCTACAGCTCGAC-1_1_1,bpd,Acute26,gCap,gCap,Endothelial,True,train
TATCAGGAGATATACG-1_1_1,bpd,Acute26,gCap,gCap,Endothelial,True,train
CAGCCGACAAGAGTCG-1_1_1,bpd,Acute26,gCap,gCap,Endothelial,True,train
ATTCTACCATACTACG-1_1_1,bpd,Acute26,gCap,gCap,Endothelial,True,train
AGAATAGCATTGAGCT-1_1_1,bpd,Acute26,gCap,gCap,Endothelial,True,train
AAACCTGTCAGCTCTC-1_1_1,bpd,Acute26,gCap,gCap,Endothelial,True,test
CGAGCCACAGATCCAT-1_1_1,bpd,Acute26,gCap,gCap,Endothelial,True,train
GAGGTGACAGCCTTTC-1_1_1,bpd,Acute26,gCap,gCap,Endothelial,True,train
CATCCACCATGCCTTC-1_1_1,bpd,Acute26,gCap,gCap,Endothelial,True,train
CAGTCCTGTCTGATTG-1_1_1,bpd,Acute26,gCap,gCap,Endothelial,True,test
CAAGTTGGTATTCGTG-1_1_1,bpd,Acute26,gCap,gCap,Endothelial,True,test
TTGCCGTGTCTGCCAG-1_1_1,bpd,Acute26,gCap,gCap,Endothelial,True,train
GAACGGAGTTAAGACA-1_1_1,bpd,Acute26,gCap,gCap,Endothelial,True,train
CTCATTACACCTCGTT-1_1_1,bpd,Acute26,gCap,gCap,Endothelial,True,test
AAAGATGTCTTACCGC-1_1_1,bpd,Acute26,gCap,gCap,Endothelial,True,train
ACATGGTCATACGCCG-1_1_1,bpd,Acute26,gCap,gCap,Endothelial,True,train
ACCCACTTCTATCCTA-1_1_1,bpd,Acute26,gCap,gCap,Endothelial,True,train
TGCGCAGCAGTTAACC-1_1_1,bpd,Acute26,gCap,gCap,Endothelial,True,train
CAGTAACGTTGCGCAC-1_1_1,bpd,Acute26,gCap,gCap,Endothelial,True,train
ATTACTCGTAAGTTCC-1_1_1,bpd,Acute26,gCap,gCap,Endothelial,True,train
AGAGCTTCACAGGCCT-1_1_1,bpd,Acute26,gCap,gCap,Endothelial,True,train
AAACCTGTCTCTTATG-1_1_1,bpd,Acute26,gCap,gCap,Endothelial,True,train
AAGGTTCCAGTATCTG-1_1_1,bpd,Acute26,gCap,gCap,Endothelial,True,train
CCGTGGAAGGCATTGG-1_1_1,bpd,Acute26,gCap,gCap,Endothelial,True,train
TCAACGACAGATAATG-1_1_1,bpd,Acute26,gCap,gCap,Endothelial,True,train
CCTACACAGCTAACAA-1_1_1,bpd,Acute26,gCap,gCap,Endothelial,True,train
GTACTCCGTAGCTAAA-1_1_1,bpd,Acute26,gCap,gCap,Endothelial,True,train
GCGCAGTAGTCCTCCT-1_1_1,bpd,Acute26,gCap,gCap,Endothelial,True,train
TCTATTGCAAGCGTAG-1_1_1,bpd,Acute26,gCap,gCap,Endothelial,True,train
CTCGGAGGTTGATTCG-1_1_1,bpd,Acute26,gCap,gCap,Endothelial,True,train
TGGTTCCCAGACAAGC-1_1_1,bpd,Acute26,gCap,gCap,Endothelial,True,train
AAGACCTAGTTGTAGA-1_1_1,bpd,Acute26,gCap,gCap,Endothelial,True,train
TGCCAAAAGCATGGCA-1_1_1,bpd,Acute26,gCap,gCap,Endothelial,True,train
GCTTGAATCTGGAGCC-1_1_1,bpd,Acute26,gCap,gCap,Endothelial,True,train
AACGTTGCAGCTGTGC-1_1_1,bpd,Acute26,gCap,gCap,Endothelial,True,train
GCGCCAAAGAATGTTG-1_1_1,bpd,Acute26,gCap,gCap,Endothelial,True,train
CTAACTTGTAGAAGGA-1_1_1,bpd,Acute26,gCap,gCap,Endothelial,True,test
ACGAGGAAGTTCGCGC-1_1_1,bpd,Acute26,gCap,gCap,Endothelial,True,train
AATCGGTGTTCCACGG-1_1_1,bpd,Acute26,gCap,gCap,Endothelial,True,test
CACAGGCAGTGTACTC-1_1_1,bpd,Acute26,gCap,gCap,Endothelial,True,train
CCACCTATCAAACAAG-1_1_1,bpd,Acute26,gCap,gCap,Endothelial,True,train
CCTTACGAGTAGCCGA-1_1_1,bpd,Acute26,gCap,gCap,Endothelial,True,train
TACCTATGTTGTCGCG-1_1_1,bpd,Acute26,gCap,gCap,Endothelial,True,train
CACAGGCTCCTAGGGC-1_1_1,bpd,Acute26,gCap,gCap,Endothelial,True,train
GCTCTGTAGTCGTACT-1_1_1,bpd,Acute26,gCap,gCap,Endothelial,True,train
CGTGTCTGTCTCTCTG-1_1_1,bpd,Acute26,gCap,gCap,Endothelial,True,train
TTCTACACAGCCACCA-1_1_1,bpd,Acute26,gCap,gCap,Endothelial,True,train
ACTATCTAGGGTCGAT-1_1_1,bpd,Acute26,gCap,gCap,Endothelial,True,train
GCGCGATCAAGGGTCA-1_1_1,bpd,Acute26,gCap,gCap,Endothelial,True,train
CATATTCCAAGTCTAC-1_1_1,bpd,Acute26,gCap,gCap,Endothelial,True,train
TGACAACTCGGATGTT-1_1_1,bpd,Acute26,gCap,gCap,Endothelial,True,test
TGCTGCTGTGTATGGG-1_1_1,bpd,Acute26,gCap,gCap,Endothelial,True,test
GATGAAAAGCTATGCT-1_1_1,bpd,Acute26,gCap,gCap,Endothelial,True,train
GGCGTGTCATCGATTG-1_1_1,bpd,Acute26,gCap,gCap,Endothelial,True,test
GGGCACTAGTACTTGC-1_1_1,bpd,Acute26,gCap,gCap,Endothelial,True,train
GGATGTTGTGAAAGAG-1_1_1,bpd,Acute26,gCap,gCap,Endothelial,True,train
TACACGAAGCAGACTG-1_1_1,bpd,Acute26,gCap,gCap,Endothelial,True,train
CACAGTACATGAACCT-1_1_1,bpd,Acute26,gCap,gCap,Endothelial,True,train
CATATTCCAGATCTGT-1_1_1,bpd,Acute26,gCap,gCap,Endothelial,True,train
TGGCGCAAGTTGTAGA-1_1_1,bpd,Acute26,gCap,gCap,Endothelial,True,train
GAACCTACAAGCGTAG-1_1_1,bpd,Acute26,gCap,gCap,Endothelial,True,train
CGCGGTAGTTAAAGAC-1_1_1,bpd,Acute26,gCap,gCap,Endothelial,True,train
AACTGGTCATGATCCA-1_1_1,bpd,Acute26,gCap,gCap,Endothelial,True,train
CCACGGAAGTCATGCT-1_1_1,bpd,Acute26,gCap,gCap,Endothelial,True,test
TACCTATCATTCCTCG-1_1_1,bpd,Acute26,gCap,gCap,Endothelial,True,train
AGAGCGAAGACAAAGG-1_1_1,bpd,Acute26,gCap,gCap,Endothelial,True,train
CTAACTTTCCGTAGTA-1_1_1,bpd,Acute26,gCap,gCap,Endothelial,True,train
ATCTACTAGCGATTCT-1_1_1,bpd,Acute26,gCap,gCap,Endothelial,True,train
AAGGCAGTCTGTTTGT-1_1_1,bpd,Acute26,gCap,gCap,Endothelial,True,train
CGCCAAGAGATGCCAG-1_1_1,bpd,Acute26,gCap,gCap,Endothelial,True,train
CGTCACTGTGATAAAC-1_1_1,bpd,Acute26,gCap,gCap,Endothelial,True,train
GGCAATTAGTCAATAG-1_1_1,bpd,Acute26,gCap,gCap,Endothelial,True,train
CCACGGACACGAAATA-1_1_1,bpd,Acute26,gCap,gCap,Endothelial,True,test
CTCACACAGTGTTGAA-1_1_1,bpd,Acute26,gCap,gCap,Endothelial,True,train
CGGAGTCGTAGCGTCC-1_1_1,bpd,Acute26,gCap,gCap,Endothelial,True,test
CTGCCTAGTAGCTAAA-1_1_1,bpd,Acute26,gCap,gCap,Endothelial,True,train
CGAATGTTCAGCACAT-1_1_1,bpd,Acute26,gCap,gCap,Endothelial,True,train
CACAAACAGATCACGG-1_1_1,bpd,Acute26,gCap,gCap,Endothelial,True,train
GTCACAACAGGTTTCA-1_1_1,bpd,Acute26,gCap,gCap,Endothelial,True,train
TGGGAAGGTACAGTGG-1_1_1,bpd,Acute26,gCap,gCap,Endothelial,True,train
ACGGGTCCACATTAGC-1_1_1,bpd,Acute26,gCap,gCap,Endothelial,True,train
TAGGCATCACAGACAG-1_1_1,bpd,Acute26,gCap,gCap,Endothelial,True,train
GAATAAGTCAGTTAGC-1_1_1,bpd,Acute26,gCap,gCap,Endothelial,True,train
GGCGTGTGTGAACCTT-1_1_1,bpd,Acute26,gCap,gCap,Endothelial,True,test
CATATTCAGTCGAGTG-1_1_1,bpd,Acute26,gCap,gCap,Endothelial,True,train
ACAGCTAGTCCAGTTA-1_1_1,bpd,Acute26,gCap,gCap,Endothelial,True,test
CATCGGGAGAAGGGTA-1_1_1,bpd,Acute26,gCap,gCap,Endothelial,True,train
GTGCTTCGTTCGTTGA-1_1_1,bpd,Acute26,gCap,gCap,Endothelial,True,train
CTAGCCTCAACGATCT-1_1_1,bpd,Acute26,gCap,gCap,Endothelial,True,valid
TCTGAGAAGTGCGATG-1_1_1,bpd,Acute26,gCap,gCap,Endothelial,True,train
ACTTGTTGTCAAAGCG-1_1_1,bpd,Acute26,gCap,gCap,Endothelial,True,train
TCAGGATTCAAGAAGT-1_1_1,bpd,Acute26,gCap,gCap,Endothelial,True,train
GTTTCTAGTAAATGAC-1_1_1,bpd,Acute26,gCap,gCap,Endothelial,True,train
TCGCGAGCAGGTCCAC-1_1_1,bpd,Acute26,gCap,gCap,Endothelial,True,train
GGAACTTCATCACAAC-1_1_1,bpd,Acute26,gCap,gCap,Endothelial,True,train
GGCTCGAGTCGAGATG-1_1_1,bpd,Acute26,gCap,gCap,Endothelial,True,train
TTGGCAAAGCAGCGTA-1_1_1,bpd,Acute26,gCap,gCap,Endothelial,True,train
TAGTTGGTCTTGTTTG-1_1_1,bpd,Acute26,gCap,gCap,Endothelial,True,train
GCGGGTTGTCATATCG-1_1_1,bpd,Acute26,gCap,gCap,Endothelial,True,train
AGATCTGGTACAGACG-1_1_1,bpd,Acute26,gCap,gCap,Endothelial,True,train
CATCGAAAGTTACCCA-1_1_1,bpd,Acute26,gCap,gCap,Endothelial,True,test
TTCTTAGCACCCATTC-1_1_1,bpd,Acute26,gCap,gCap,Endothelial,True,train
TGGTTAGGTTCCAACA-1_1_1,bpd,Acute26,gCap,gCap,Endothelial,True,train
GCGCAACTCTATGTGG-1_1_1,bpd,Acute26,gCap,gCap,Endothelial,True,train
GGACATTCAGACGTAG-1_1_1,bpd,Acute26,gCap,gCap,Endothelial,True,test
GGCAATTCATGGGAAC-1_1_1,bpd,Acute26,gCap,gCap,Endothelial,True,train
AGCATACGTTGCGTTA-1_1_1,bpd,Acute26,gCap,gCap,Endothelial,True,train
GGGCACTCACCTCGTT-1_1_1,bpd,Acute26,gCap,gCap,Endothelial,True,train
GGGATGAAGATTACCC-1_1_1,bpd,Acute26,gCap,gCap,Endothelial,True,train
GACAGAGCACGTGAGA-1_1_1,bpd,Acute26,gCap,gCap,Endothelial,True,train
CAACTAGCATATACCG-1_1_1,bpd,Acute26,gCap,gCap,Endothelial,True,train
CAAGGCCAGCAGCGTA-1_1_1,bpd,Acute26,gCap,gCap,Endothelial,True,train
GATCGTAGTTCCTCCA-1_1_1,bpd,Acute26,gCap,gCap,Endothelial,True,train
GCGCAGTCATGACATC-1_1_1,bpd,Acute26,gCap,gCap,Endothelial,True,test
GCACATATCCGTACAA-1_1_1,bpd,Acute26,gCap,gCap,Endothelial,True,train
ATTATCCGTATGCTTG-1_1_1,bpd,Acute26,gCap,gCap,Endothelial,True,train
GATCTAGCAGCATACT-1_1_1,bpd,Acute26,gCap,gCap,Endothelial,True,train
TAGGCATTCTGCGACG-1_1_1,bpd,Acute26,gCap,gCap,Endothelial,True,train
CGAGAAGGTCATGCCG-1_1_1,bpd,Acute26,gCap,gCap,Endothelial,True,test
GCTCTGTCATTGGGCC-1_1_1,bpd,Acute26,gCap,gCap,Endothelial,True,test
TACAGTGCATGTCTCC-1_1_1,bpd,Acute26,gCap,gCap,Endothelial,True,train
GCAGTTACAATCGAAA-1_1_1,bpd,Acute26,gCap,gCap,Endothelial,True,test
GATCAGTCAAAGAATC-1_1_1,bpd,Acute26,gCap,gCap,Endothelial,True,train
CCTTACGGTGGTTTCA-1_1_1,bpd,Acute26,gCap,gCap,Endothelial,True,train
CCTCTGAGTTCCGGCA-1_1_1,bpd,Acute26,gCap,gCap,Endothelial,True,train
AACTCTTTCAGTTTGG-1_1_1,bpd,Acute26,gCap,gCap,Endothelial,True,train
TGGACGCAGCGGCTTC-1_1_1,bpd,Acute26,gCap,gCap,Endothelial,True,test
CATATTCAGCGTAATA-1_1_1,bpd,Acute26,gCap,gCap,Endothelial,True,train
ACCAGTATCCTAGTGA-1_1_1,bpd,Acute26,gCap,gCap,Endothelial,True,train
CGACCTTGTGTGAAAT-1_1_1,bpd,Acute26,gCap,gCap,Endothelial,True,train
GCGCAACAGTCGTTTG-1_1_1,bpd,Acute26,gCap,gCap,Endothelial,True,train
GGAATAAGTCTAGTCA-1_1_1,bpd,Acute26,gCap,gCap,Endothelial,True,train
GTCATTTGTCTTCAAG-1_1_1,bpd,Acute26,gCap,gCap,Endothelial,True,train
GGAAAGCCATAAGACA-1_1_1,bpd,Acute26,gCap,gCap,Endothelial,True,train
AGAGCTTAGCAATATG-1_1_1,bpd,Acute26,gCap,gCap,Endothelial,True,train
TAAGAGATCATTGCCC-1_1_1,bpd,Acute26,gCap,gCap,Endothelial,True,train
ACACTGACACCGAATT-1_1_1,bpd,Acute26,gCap,gCap,Endothelial,True,test
CTAACTTCAAACGCGA-1_1_1,bpd,Acute26,gCap,gCap,Endothelial,True,train
AGCATACTCAAACGGG-1_1_1,bpd,Acute26,gCap,gCap,Endothelial,True,train
TCAGCTCGTTGGTTTG-1_1_1,bpd,Acute26,gCap,gCap,Endothelial,True,train
GATGAAAGTGTTTGTG-1_1_1,bpd,Acute26,gCap,gCap,Endothelial,True,test
ACATACGAGTAACCCT-1_1_1,bpd,Acute26,gCap,gCap,Endothelial,True,train
GCTTGAAAGTGGTAGC-1_1_1,bpd,Acute26,gCap,gCap,Endothelial,True,test
TTAGGACGTTGATTCG-1_1_1,bpd,Acute26,gCap,gCap,Endothelial,True,train
GGGCATCCAGCGTAAG-1_1_1,bpd,Acute26,gCap,gCap,Endothelial,True,test
CTCTGGTCACTCGACG-1_1_1,bpd,Acute26,gCap,gCap,Endothelial,True,train
ACCAGTATCAGAGGTG-1_1_1,bpd,Acute26,gCap,gCap,Endothelial,True,train
GGAACTTGTGGGTATG-1_1_1,bpd,Acute26,gCap,gCap,Endothelial,True,train
TATCAGGCATGTAAGA-1_1_1,bpd,Acute26,gCap,gCap,Endothelial,True,train
CATCAGATCAGTTCGA-1_1_1,bpd,Acute26,gCap,gCap,Endothelial,True,train
GTCACGGCATCTATGG-1_1_1,bpd,Acute26,gCap,gCap,Endothelial,True,train
ATCACGAGTTAAGAAC-1_1_1,bpd,Acute26,gCap,gCap,Endothelial,True,train
ACACTGAAGAAGGTTT-1_1_1,bpd,Acute26,gCap,gCap,Endothelial,True,train
GCGCAACCACATCCAA-1_1_1,bpd,Acute26,gCap,gCap,Endothelial,True,train
TGGGAAGGTACTTCTT-1_1_1,bpd,Acute26,gCap,gCap,Endothelial,True,train
CTAACTTTCCACGTGG-1_1_1,bpd,Acute26,gCap,gCap,Endothelial,True,train
GAAATGAGTCTGCCAG-1_1_1,bpd,Acute26,gCap,gCap,Endothelial,True,train
CGGAGCTAGAAGGTTT-1_1_1,bpd,Acute26,gCap,gCap,Endothelial,True,train
AAACCTGAGAGTCGGT-1_1_1,bpd,Acute26,gCap,gCap,Endothelial,True,train
TGAGCCGAGCTGAACG-1_1_1,bpd,Acute26,gCap,gCap,Endothelial,True,train
GGCCGATAGTACGTAA-1_1_1,bpd,Acute26,gCap,gCap,Endothelial,True,train
CCTTCGAAGGCACATG-1_1_1,bpd,Acute26,gCap,gCap,Endothelial,True,train
CTAGTGATCCCAACGG-1_1_1,bpd,Acute26,gCap,gCap,Endothelial,True,train
TTTGTCAAGGACACCA-1_1_1,bpd,Acute26,gCap,gCap,Endothelial,True,train
GTGGGTCAGCTCAACT-1_1_1,bpd,Acute26,gCap,gCap,Endothelial,True,train
AGGGAGTGTGGTAACG-1_1_1,bpd,Acute26,gCap,gCap,Endothelial,True,train
AACTCAGAGTACGTTC-1_1_1,bpd,Acute26,gCap,gCap,Endothelial,True,train
GGAACTTAGACGCTTT-1_1_1,bpd,Acute26,gCap,gCap,Endothelial,True,train
GGGATGACACACAGAG-1_1_1,bpd,Acute26,gCap,gCap,Endothelial,True,train
ACATGGTCAGTCAGCC-1_1_1,bpd,Acute26,gCap,gCap,Endothelial,True,test
GGCGACTTCAGGATCT-1_1_1,bpd,Acute26,gCap,gCap,Endothelial,True,train
TTCTACAAGACAAAGG-1_1_1,bpd,Acute26,gCap,gCap,Endothelial,True,train
GTCAAGTGTCGCGGTT-1_1_1,bpd,Acute26,gCap,gCap,Endothelial,True,train
TACCTTAAGAGCAATT-1_1_1,bpd,Acute26,gCap,gCap,Endothelial,True,train
TTTCCTCTCGAGAGCA-1_1_1,bpd,Acute26,gCap,gCap,Endothelial,True,train
GTCCTCAAGTACGACG-1_1_1,bpd,Acute26,gCap,gCap,Endothelial,True,train
TCGTAGATCTAAGCCA-1_1_1,bpd,Acute26,gCap,gCap,Endothelial,True,train
GTGCAGCAGCCACTAT-1_1_1,bpd,Acute26,gCap,gCap,Endothelial,True,train
TGGTTAGTCTGGTTCC-1_1_1,bpd,Acute26,gCap,gCap,Endothelial,True,train
GGGATGAAGAAACCTA-1_1_1,bpd,Acute26,gCap,gCap,Endothelial,True,train
GAACCTACAGGATTGG-1_1_1,bpd,Acute26,gCap,gCap,Endothelial,True,train
AAAGCAACAGACTCGC-1_1_1,bpd,Acute26,gCap,gCap,Endothelial,True,train
GGGTTGCCATGACGGA-1_1_1,bpd,Acute26,gCap,gCap,Endothelial,True,test
GCATGATGTACCAGTT-1_1_1,bpd,Acute26,gCap,gCap,Endothelial,True,train
AGCTTGATCGTAGATC-1_1_1,bpd,Acute26,gCap,gCap,Endothelial,True,test
TGCCCTAGTGACAAAT-1_1_1,bpd,Acute26,gCap,gCap,Endothelial,True,train
CAGCTAATCCCTAACC-1_1_1,bpd,Acute26,gCap,gCap,Endothelial,True,train
CTTTGCGTCTCTGCTG-1_1_1,bpd,Acute26,gCap,gCap,Endothelial,True,train
TAGGCATAGGAACTGC-1_1_1,bpd,Acute26,gCap,gCap,Endothelial,True,train
ATAACGCGTAGCCTAT-1_1_1,bpd,Acute26,gCap,gCap,Endothelial,True,train
GACAGAGCAAAGGCGT-1_1_1,bpd,Acute26,gCap,gCap,Endothelial,True,train
TACTCATAGGCTACGA-1_1_1,bpd,Acute26,gCap,gCap,Endothelial,True,train
TAGGCATTCATCGATG-1_1_1,bpd,Acute26,gCap,gCap,Endothelial,True,train
CTTTGCGGTGCACTTA-1_1_1,bpd,Acute26,gCap,gCap,Endothelial,True,train
GGCTCGATCTCTGAGA-1_1_1,bpd,Acute26,gCap,gCap,Endothelial,True,train
GGGATGACATCCTAGA-1_1_1,bpd,Acute26,gCap,gCap,Endothelial,True,train
GTGAAGGTCAAGCCTA-1_1_1,bpd,Acute26,gCap,gCap,Endothelial,True,train
TTTGTCACATGGTCAT-1_1_1,bpd,Acute26,gCap,gCap,Endothelial,True,test
ACGATACTCGAACTGT-1_1_1,bpd,Acute26,gCap,gCap,Endothelial,True,train
CCTAAAGAGCTCAACT-1_1_1,bpd,Acute26,gCap,gCap,Endothelial,True,train
ATGTGTGCACCATGTA-1_1_1,bpd,Acute26,gCap,gCap,Endothelial,True,train
AGATTGCGTCGCCATG-1_1_1,bpd,Acute26,gCap,gCap,Endothelial,True,train
GCAGTTAGTTAAAGTG-1_1_1,bpd,Acute26,gCap,gCap,Endothelial,True,train
CGTAGGCGTACACCGC-1_1_1,bpd,Acute26,gCap,gCap,Endothelial,True,train
CAACCTCGTAACGACG-1_1_1,bpd,Acute26,gCap,gCap,Endothelial,True,train
CGACTTCAGAAGGCCT-1_1_1,bpd,Acute26,gCap,gCap,Endothelial,True,train
CGATGGCCAGATGGCA-1_1_1,bpd,Acute26,gCap,gCap,Endothelial,True,train
TAGACCATCAGATAAG-1_1_1,bpd,Acute26,gCap,gCap,Endothelial,True,train
TGAGAGGAGACAAGCC-1_1_1,bpd,Acute26,gCap,gCap,Endothelial,True,train
AGGGATGTCACGCGGT-1_1_1,bpd,Acute26,gCap,gCap,Endothelial,True,train
AACGTTGTCGCTGATA-1_1_1,bpd,Acute26,gCap,gCap,Endothelial,True,train
CGGGTCATCCTCTAGC-1_1_1,bpd,Acute26,gCap,gCap,Endothelial,True,test
GAATGAAAGCAGGCTA-1_1_1,bpd,Acute26,gCap,gCap,Endothelial,True,train
AAATGCCAGGATGTAT-1_1_1,bpd,Acute26,gCap,gCap,Endothelial,True,train
AAGGCAGTCCGGCACA-1_1_1,bpd,Acute26,gCap,gCap,Endothelial,True,train
TAGTGGTTCGGAAATA-1_1_1,bpd,Acute26,gCap,gCap,Endothelial,True,train
CGTAGGCTCTTTCCTC-1_1_1,bpd,Acute26,gCap,gCap,Endothelial,True,train
ATTATCCTCCCATTAT-1_1_1,bpd,Acute26,gCap,gCap,Endothelial,True,train
CTCGTCAAGGTCGGAT-1_1_1,bpd,Acute26,gCap,gCap,Endothelial,True,train
GCTCTGTAGGTGATTA-1_1_1,bpd,Acute26,gCap,gCap,Endothelial,True,train
GTGGGTCTCCGCGTTT-1_1_1,bpd,Acute26,gCap,gCap,Endothelial,True,train
CGTTCTGCACTCGACG-1_1_1,bpd,Acute26,gCap,gCap,Endothelial,True,train
TAGAGCTTCGGCATCG-1_1_1,bpd,Acute26,gCap,gCap,Endothelial,True,train
GATCGCGGTAGCACGA-1_1_1,bpd,Acute26,gCap,gCap,Endothelial,True,train
CATGCCTTCCCGACTT-1_1_1,bpd,Acute26,gCap,gCap,Endothelial,True,train
ACGCCGACACGGACAA-1_1_1,bpd,Acute26,gCap,gCap,Endothelial,True,train
ACATGGTTCCTTTCGG-1_1_1,bpd,Acute26,gCap,gCap,Endothelial,True,train
CCAATCCCAACGCACC-1_1_1,bpd,Acute26,gCap,gCap,Endothelial,True,train
TCATTACGTCTAGTCA-1_1_1,bpd,Acute26,gCap,gCap,Endothelial,True,train
CTGATAGTCAGGCCCA-1_1_1,bpd,Acute26,gCap,gCap,Endothelial,True,train
ATTCTACCAAGGCTCC-1_1_1,bpd,Acute26,gCap,gCap,Endothelial,True,test
GTCACGGTCGTCTGAA-1_1_1,bpd,Acute26,gCap,gCap,Endothelial,True,train
AGTCTTTTCGGTCTAA-1_1_1,bpd,Acute26,gCap,gCap,Endothelial,True,train
ATCTACTAGGAATGGA-1_1_1,bpd,Acute26,gCap,gCap,Endothelial,True,train
CCATTCGCACACTGCG-1_1_1,bpd,Acute26,gCap,gCap,Endothelial,True,train
ACTGTCCGTGAAAGAG-1_1_1,bpd,Acute26,gCap,gCap,Endothelial,True,train
GCGAGAAGTATTCTCT-1_1_1,bpd,Acute26,gCap,gCap,Endothelial,True,train
CACAAACGTGTAACGG-1_1_1,bpd,Acute26,gCap,gCap,Endothelial,True,test
GCAGCCATCCCTCTTT-1_1_1,bpd,Acute26,gCap,gCap,Endothelial,True,train
CACAGGCAGGACCACA-1_1_1,bpd,Acute26,gCap,gCap,Endothelial,True,train
GAGTCCGTCTTACCGC-1_1_1,bpd,Acute26,gCap,gCap,Endothelial,True,train
GGGCACTAGACCTTTG-1_1_1,bpd,Acute26,gCap,gCap,Endothelial,True,test
TTTGGTTGTCTCCATC-1_1_1,bpd,Acute26,gCap,gCap,Endothelial,True,train
CGGTTAATCCATTCTA-1_1_1,bpd,Acute26,gCap,gCap,Endothelial,True,train
AAACGGGTCGCGGATC-1_1_1,bpd,Acute26,gCap,gCap,Endothelial,True,train
GTGAAGGGTCATTAGC-1_1_1,bpd,Acute26,gCap,gCap,Endothelial,True,train
CGAATGTTCATAACCG-1_1_1,bpd,Acute26,gCap,gCap,Endothelial,True,train
ATTCTACGTATTCTCT-1_1_1,bpd,Acute26,gCap,gCap,Endothelial,True,train
CCCAGTTTCCCGACTT-1_1_1,bpd,Acute26,gCap,gCap,Endothelial,True,train
AAAGTAGGTAGGCATG-1_1_1,bpd,Acute26,gCap,gCap,Endothelial,True,train
CCGTGGATCGCGCCAA-1_1_1,bpd,Acute26,gCap,gCap,Endothelial,True,test
TTCGAAGAGCAGCGTA-1_1_1,bpd,Acute26,gCap,gCap,Endothelial,True,train
GTTAAGCTCTCTAAGG-1_1_1,bpd,Acute26,gCap,gCap,Endothelial,True,train
CGGCTAGTCATGCTCC-1_1_1,bpd,Acute26,gCap,gCap,Endothelial,True,train
ACCTTTATCGCTGATA-1_1_1,bpd,Acute26,gCap,gCap,Endothelial,True,train
GGACAAGAGATCCCAT-1_1_1,bpd,Acute26,gCap,gCap,Endothelial,True,train
ATCACGATCAGTTAGC-1_1_1,bpd,Acute26,gCap,gCap,Endothelial,True,train
GACCAATCAGATGGGT-1_1_1,bpd,Acute26,gCap,gCap,Endothelial,True,train
TCGCGAGCAAATTGCC-1_1_1,bpd,Acute26,gCap,gCap,Endothelial,True,train
TACTTACTCTGTCAAG-1_1_1,bpd,Acute26,gCap,gCap,Endothelial,True,train
ATGCGATAGCCGATTT-1_1_1,bpd,Acute26,gCap,gCap,Endothelial,True,train
TATCAGGGTCGATTGT-1_1_1,bpd,Acute26,gCap,gCap,Endothelial,True,train
TGGTTCCAGAAACGCC-1_1_1,bpd,Acute26,gCap,gCap,Endothelial,True,train
TGTGGTACAATGGAAT-1_1_1,bpd,Acute26,gCap,gCap,Endothelial,True,train
GTACTCCCAGGTTTCA-1_1_1,bpd,Acute26,gCap,gCap,Endothelial,True,train
CTGGTCTAGTGTTGAA-1_1_1,bpd,Acute26,gCap,gCap,Endothelial,True,train
TGCTACCCAATTCCTT-1_1_1,bpd,Acute26,gCap,gCap,Endothelial,True,train
AAGGTTCTCAAACCAC-1_1_1,bpd,Acute26,gCap,gCap,Endothelial,True,train
ACTGAGTCATGCCACG-1_1_1,bpd,Acute26,gCap,gCap,Endothelial,True,train
CATCAAGAGGCGCTCT-1_1_1,bpd,Acute26,gCap,gCap,Endothelial,True,test
GTGCAGCAGCTCCTTC-1_1_1,bpd,Acute26,gCap,gCap,Endothelial,True,train
CAGAGAGGTTGGTAAA-1_1_1,bpd,Acute26,gCap,gCap,Endothelial,True,train
CGATCGGAGAAGGACA-1_1_1,bpd,Acute26,gCap,gCap,Endothelial,True,train
GACAGAGTCCGAAGAG-1_1_1,bpd,Acute26,gCap,gCap,Endothelial,True,train
ACATGGTTCCCACTTG-1_1_1,bpd,Acute26,gCap,gCap,Endothelial,True,train
TAAGAGATCGATAGAA-1_1_1,bpd,Acute26,gCap,gCap,Endothelial,True,train
GATGAGGTCATGTGGT-1_1_1,bpd,Acute26,gCap,gCap,Endothelial,True,train
GTGCATATCTAACGGT-1_1_1,bpd,Acute26,gCap,gCap,Endothelial,True,test
TGAAAGAGTCACTTCC-1_1_1,bpd,Acute26,gCap,gCap,Endothelial,True,train
GGGTCTGAGCGAAGGG-1_1_1,bpd,Acute26,gCap,gCap,Endothelial,True,test
AGTCTTTCACAGTCGC-1_1_1,bpd,Acute26,gCap,gCap,Endothelial,True,train
TCATTTGAGTGGGTTG-1_1_1,bpd,Acute26,gCap,gCap,Endothelial,True,train
CAGGTGCGTTGGTAAA-1_1_1,bpd,Acute26,gCap,gCap,Endothelial,True,train
CGATTGATCCGTTGTC-1_1_1,bpd,Acute26,gCap,gCap,Endothelial,True,test
TTCTCCTTCACCGTAA-1_1_1,bpd,Acute26,gCap,gCap,Endothelial,True,train
GTATTCTTCATATCGG-1_1_1,bpd,Acute26,gCap,gCap,Endothelial,True,train
TGTTCCGTCTGGTGTA-1_1_1,bpd,Acute26,gCap,gCap,Endothelial,True,train
ATCATGGGTCTGCGGT-1_1_1,bpd,Acute26,gCap,gCap,Endothelial,True,train
CCACTACCAGACTCGC-1_1_1,bpd,Acute26,gCap,gCap,Endothelial,True,train
CTCTACGCAATCGAAA-1_1_1,bpd,Acute26,gCap,gCap,Endothelial,True,train
GCACATAAGTGCTGCC-1_1_1,bpd,Acute26,gCap,gCap,Endothelial,True,train
GTACTTTGTCGCATCG-1_1_1,bpd,Acute26,gCap,gCap,Endothelial,True,train
GCGCGATAGAGGGATA-1_1_1,bpd,Acute26,gCap,gCap,Endothelial,True,train
GCTCCTATCGATGAGG-1_1_1,bpd,Acute26,gCap,gCap,Endothelial,True,train
CTTTGCGGTACCGTAT-1_1_1,bpd,Acute26,gCap,gCap,Endothelial,True,train
AGAATAGCAGGAACGT-1_1_1,bpd,Acute26,gCap,gCap,Endothelial,True,train
TCGGGACCACCATCCT-1_1_1,bpd,Acute26,gCap,gCap,Endothelial,True,train
TCCCGATTCGGTGTTA-1_1_1,bpd,Acute26,gCap,gCap,Endothelial,True,train
CGGAGTCAGAGGGATA-1_1_1,bpd,Acute26,gCap,gCap,Endothelial,True,train
TGTCCCAGTACGACCC-1_1_1,bpd,Acute26,gCap,gCap,Endothelial,True,train
GGGCATCCAGGGCATA-1_1_1,bpd,Acute26,gCap,gCap,Endothelial,True,train
CGTAGCGGTGCCTGGT-1_1_1,bpd,Acute26,gCap,gCap,Endothelial,True,train
CCCAATCTCTAACTGG-1_1_1,bpd,Acute26,gCap,gCap,Endothelial,True,train
GATTCAGAGGGTATCG-1_1_1,bpd,Acute26,gCap,gCap,Endothelial,True,train
TCGTAGACAATGACCT-1_1_1,bpd,Acute26,gCap,gCap,Endothelial,True,train
GTGCAGCAGAATAGGG-1_1_1,bpd,Acute26,gCap,gCap,Endothelial,True,train
TTTGCGCGTCCTAGCG-1_1_1,bpd,Acute26,gCap,gCap,Endothelial,True,train
TGTGTTTTCTCTAGGA-1_1_1,bpd,Acute26,gCap,gCap,Endothelial,True,train
AGTGTCACAAAGGCGT-1_1_1,bpd,Acute26,gCap,gCap,Endothelial,True,train
ACTGCTCCATCCTTGC-1_1_1,bpd,Acute26,gCap,gCap,Endothelial,True,train
GCCAAATGTCTCACCT-1_1_1,bpd,Acute26,gCap,gCap,Endothelial,True,train
AAAGTAGAGTTCGCAT-1_1_1,bpd,Acute26,gCap,gCap,Endothelial,True,train
AGCTCCTTCAGTGTTG-1_1_1,bpd,Acute26,gCap,gCap,Endothelial,True,train
CGATGTAAGATCCCGC-1_1_1,bpd,Acute26,gCap,gCap,Endothelial,True,train
GCGCCAACACTCAGGC-1_1_1,bpd,Acute26,gCap,gCap,Endothelial,True,train
AGTCTTTCACCATCCT-1_1_1,bpd,Acute26,gCap,gCap,Endothelial,True,test
GTAACTGGTCCTCTTG-1_1_1,bpd,Acute26,gCap,gCap,Endothelial,True,train
AGACGTTCACGAAATA-1_1_1,bpd,Acute26,gCap,gCap,Endothelial,True,train
AAGGCAGCAGGAATCG-1_1_1,bpd,Acute26,gCap,gCap,Endothelial,True,train
TCTTTCCAGAATTCCC-1_1_1,bpd,Acute26,gCap,gCap,Endothelial,True,train
GTTCATTGTATGAATG-1_1_1,bpd,Acute26,gCap,gCap,Endothelial,True,train
CAGCGACGTGTCCTCT-1_1_1,bpd,Acute26,gCap,gCap,Endothelial,True,train
CTCGGGATCATGCAAC-1_1_1,bpd,Acute26,gCap,gCap,Endothelial,True,train
GGACATTTCAGGCGAA-1_1_1,bpd,Acute26,gCap,gCap,Endothelial,True,train
TGTCCCACACACATGT-1_1_1,bpd,Acute26,gCap,gCap,Endothelial,True,test
CGGACTGGTGTAATGA-1_1_1,bpd,Acute26,gCap,gCap,Endothelial,True,train
CATGCCTCACAGACTT-1_1_1,bpd,Acute26,gCap,gCap,Endothelial,True,train
CGATCGGGTACCCAAT-1_1_1,bpd,Acute26,gCap,gCap,Endothelial,True,train
GAATAAGGTACCAGTT-1_1_1,bpd,Acute26,gCap,gCap,Endothelial,True,test
CAGAATCCACAACGCC-1_1_1,bpd,Acute26,gCap,gCap,Endothelial,True,train
GTCGGGTGTTTGTTGG-1_1_1,bpd,Acute26,gCap,gCap,Endothelial,True,train
GGACAGATCGAATCCA-1_1_1,bpd,Acute26,gCap,gCap,Endothelial,True,train
TCACGAACAAGTTGTC-1_1_1,bpd,Acute26,gCap,gCap,Endothelial,True,train
TCGAGGCTCTCTTATG-1_1_1,bpd,Acute26,gCap,gCap,Endothelial,True,train
CTTCTCTAGCTAGGCA-1_1_1,bpd,Acute26,gCap,gCap,Endothelial,True,train
CACTCCATCACATGCA-1_1_1,bpd,Acute26,gCap,gCap,Endothelial,True,train
ATTTCTGTCAGTGTTG-1_1_1,bpd,Acute26,gCap,gCap,Endothelial,True,train
TGCTACCGTATGCTTG-1_1_1,bpd,Acute26,gCap,gCap,Endothelial,True,train
CGTTGGGCAGTATGCT-1_1_1,bpd,Acute26,gCap,gCap,Endothelial,True,train
GTCTTCGTCACTTATC-1_1_1,bpd,Acute26,gCap,gCap,Endothelial,True,train
GCTGGGTGTTACAGAA-1_1_1,bpd,Acute26,gCap,gCap,Endothelial,True,train
AACTCTTGTATATCCG-1_1_1,bpd,Acute26,gCap,gCap,Endothelial,True,train
TACTTGTAGCAGATCG-1_1_1,bpd,Acute26,gCap,gCap,Endothelial,True,train
TTCTTAGAGTTCCACA-1_1_1,bpd,Acute26,gCap,gCap,Endothelial,True,train
AAGGTTCTCAGTTGAC-1_1_1,bpd,Acute26,gCap,gCap,Endothelial,True,train
TTGGAACCATGCATGT-1_1_1,bpd,Acute26,gCap,gCap,Endothelial,True,train
TGAGCATTCAGCAACT-1_1_1,bpd,Acute26,gCap,gCap,Endothelial,True,train
CTTAACTCAATCAGAA-1_1_1,bpd,Acute26,gCap,gCap,Endothelial,True,train
CGTGTAACACGGTAGA-1_1_1,bpd,Acute26,gCap,gCap,Endothelial,True,train
AACTCTTTCGGATGTT-1_1_1,bpd,Acute26,gCap,gCap,Endothelial,True,test
GGGAATGGTAGTGAAT-1_1_1,bpd,Acute26,gCap,gCap,Endothelial,True,test
ACCAGTACAGTGACAG-1_1_1,bpd,Acute26,gCap,gCap,Endothelial,True,train
ATGCGATCAATGTTGC-1_1_1,bpd,Acute26,gCap,gCap,Endothelial,True,train
CGTGTAATCGGTCCGA-1_1_1,bpd,Acute26,gCap,gCap,Endothelial,True,train
TAAGCGTTCATAACCG-1_1_1,bpd,Acute26,gCap,gCap,Endothelial,True,train
GAGTCCGTCAAAGACA-1_1_1,bpd,Acute26,gCap,gCap,Endothelial,True,train
GGCGTGTCAGCGTCCA-1_1_1,bpd,Acute26,gCap,gCap,Endothelial,True,train
TAGAGCTTCTGACCTC-1_1_1,bpd,Acute26,gCap,gCap,Endothelial,True,test
CGAGCACTCAACACGT-1_1_1,bpd,Acute26,gCap,gCap,Endothelial,True,train
ACCGTAATCACTTATC-1_1_1,bpd,Acute26,gCap,gCap,Endothelial,True,train
GGGTTGCAGTTAACGA-1_1_1,bpd,Acute26,gCap,gCap,Endothelial,True,train
CTACGTCAGGAATTAC-1_1_1,bpd,Acute26,gCap,gCap,Endothelial,True,train
TTGCGTCAGTAACCCT-1_1_1,bpd,Acute26,gCap,gCap,Endothelial,True,test
AGCATACAGTGTGGCA-1_1_1,bpd,Acute26,gCap,gCap,Endothelial,True,train
TTCTCCTCACGGTAGA-1_1_1,bpd,Acute26,gCap,gCap,Endothelial,True,train
CATTATCGTAGCGCAA-1_1_1,bpd,Acute26,gCap,gCap,Endothelial,True,train
TCAATCTCAAGAGGCT-1_1_1,bpd,Acute26,gCap,gCap,Endothelial,True,test
TCAGGATGTTTCCACC-1_1_1,bpd,Acute26,gCap,gCap,Endothelial,True,train
TTGGCAATCCTCGCAT-1_1_1,bpd,Acute26,gCap,gCap,Endothelial,True,train
CGTCAGGTCGGTTCGG-1_1_1,bpd,Acute26,gCap,gCap,Endothelial,True,train
AACTGGTCATCAGTAC-1_1_1,bpd,Acute26,gCap,gCap,Endothelial,True,train
CAACCAATCAGAGACG-1_1_1,bpd,Acute26,gCap,gCap,Endothelial,True,train
GGATTACCACTCTGTC-1_1_1,bpd,Acute26,gCap,gCap,Endothelial,True,train
CCTTCGAGTACCGTTA-1_1_1,bpd,Acute26,gCap,gCap,Endothelial,True,train
TGAAAGAGTGAGTATA-1_1_1,bpd,Acute26,gCap,gCap,Endothelial,True,train
CATGGCGCAGTAAGAT-1_1_1,bpd,Acute26,gCap,gCap,Endothelial,True,train
GCGCAACCAATCAGAA-1_1_1,bpd,Acute26,gCap,gCap,Endothelial,True,train
ACGAGGACATATGAGA-1_1_1,bpd,Acute26,gCap,gCap,Endothelial,True,train
GATCTAGAGGTCATCT-1_1_1,bpd,Acute26,gCap,gCap,Endothelial,True,train
CTCTAATTCTCAACTT-1_1_1,bpd,Acute26,gCap,gCap,Endothelial,True,train
TCTTTCCGTCGCTTTC-1_1_1,bpd,Acute26,gCap,gCap,Endothelial,True,train
GGGACCTGTTAGGGTG-1_1_1,bpd,Acute26,gCap,gCap,Endothelial,True,train
GGGATGACAGTAAGCG-1_1_1,bpd,Acute26,gCap,gCap,Endothelial,True,train
CACACTCCAGCGTTCG-1_1_1,bpd,Acute26,gCap,gCap,Endothelial,True,train
GACGGCTGTACCGCTG-1_1_1,bpd,Acute26,gCap,gCap,Endothelial,True,train
AGTGGGAAGGTCATCT-1_1_1,bpd,Acute26,gCap,gCap,Endothelial,True,train
GTACGTACACCGATAT-1_1_1,bpd,Acute26,gCap,gCap,Endothelial,True,train
TCAGCTCGTGACTACT-1_1_1,bpd,Acute26,gCap,gCap,Endothelial,True,train
CGATCGGGTTAGTGGG-1_1_1,bpd,Acute26,gCap,gCap,Endothelial,True,test
TGCGGGTGTCAGAGGT-1_1_1,bpd,Acute26,gCap,gCap,Endothelial,True,train
GTGCAGCCATTGGCGC-1_1_1,bpd,Acute26,gCap,gCap,Endothelial,True,train
ATTCTACAGCTAGTTC-1_1_1,bpd,Acute26,gCap,gCap,Endothelial,True,train
AGAATAGCATCCCACT-1_1_1,bpd,Acute26,gCap,gCap,Endothelial,True,train
CAAGAAAAGCCCTAAT-1_1_1,bpd,Acute26,gCap,gCap,Endothelial,True,train
CCATTCGGTCATGCCG-1_1_1,bpd,Acute26,gCap,gCap,Endothelial,True,train
GGACGTCAGAGTGAGA-1_1_1,bpd,Acute26,gCap,gCap,Endothelial,True,train
AACCGCGGTCGTTGTA-1_1_1,bpd,Acute26,gCap,gCap,Endothelial,True,train
CCTAAAGGTTATGCGT-1_1_1,bpd,Acute26,gCap,gCap,Endothelial,True,test
CGGTTAATCCAAATGC-1_1_1,bpd,Acute26,gCap,gCap,Endothelial,True,train
CACAGGCGTCTAGGTT-1_1_1,bpd,Acute26,gCap,gCap,Endothelial,True,train
GTTACAGCATCCGTGG-1_1_1,bpd,Acute26,gCap,gCap,Endothelial,True,train
CAGTCCTGTCTAAACC-1_1_1,bpd,Acute26,gCap,gCap,Endothelial,True,train
TGCCCTACAGCTGGCT-1_1_1,bpd,Acute26,gCap,gCap,Endothelial,True,train
CGATGGCAGTCTCAAC-1_1_1,bpd,Acute26,gCap,gCap,Endothelial,True,train
CTAGAGTTCAACACAC-1_1_1,bpd,Acute26,gCap,gCap,Endothelial,True,train
CTCACACGTTAGATGA-1_1_1,bpd,Acute26,gCap,gCap,Endothelial,True,train
GACGGCTCACAGATTC-1_1_1,bpd,Acute26,gCap,gCap,Endothelial,True,train
GTATTCTTCAACACTG-1_1_1,bpd,Acute26,gCap,gCap,Endothelial,True,train
TGAGCATTCTTTACAC-1_1_1,bpd,Acute26,gCap,gCap,Endothelial,True,train
CCCAATCTCGGCGCTA-1_1_1,bpd,Acute26,gCap,gCap,Endothelial,True,train
GTACGTACAGTAACGG-1_1_1,bpd,Acute26,gCap,gCap,Endothelial,True,test
CCTAAAGCAAAGAATC-1_1_1,bpd,Acute26,gCap,gCap,Endothelial,True,train
CGACCTTCACCGAATT-1_1_1,bpd,Acute26,gCap,gCap,Endothelial,True,train
CGACTTCCACGGCGTT-1_1_1,bpd,Acute26,gCap,gCap,Endothelial,True,train
CATGGCGTCAGCATGT-1_1_1,bpd,Acute26,gCap,gCap,Endothelial,True,test
ACTGAACTCACATGCA-1_1_1,bpd,Acute26,gCap,gCap,Endothelial,True,train
TTGCGTCCATGAACCT-1_1_1,bpd,Acute26,gCap,gCap,Endothelial,True,train
ATTACTCAGTCCTCCT-1_1_1,bpd,Acute26,gCap,gCap,Endothelial,True,train
GGGTTGCCACCGATAT-1_1_1,bpd,Acute26,gCap,gCap,Endothelial,True,train
CACACTCCACAAGTAA-1_1_1,bpd,Acute26,gCap,gCap,Endothelial,True,train
CGTGAGCGTAGAGGAA-1_1_1,bpd,Acute26,gCap,gCap,Endothelial,True,train
ATTACTCCACGTCTCT-1_1_1,bpd,Acute26,gCap,gCap,Endothelial,True,train
GGGAATGGTTGTGGCC-1_1_1,bpd,Acute26,gCap,gCap,Endothelial,True,train
ACGATGTTCTCGTATT-1_1_1,bpd,Acute26,gCap,gCap,Endothelial,True,train
GTGTTAGGTTTGACTG-1_1_1,bpd,Acute26,gCap,gCap,Endothelial,True,train
GGGTTGCGTCCGAGTC-1_1_1,bpd,Acute26,gCap,gCap,Endothelial,True,train
ACTGCTCTCGGAGGTA-1_1_1,bpd,Acute26,gCap,gCap,Endothelial,True,train
AACTCTTCAATAGCAA-1_1_1,bpd,Acute26,gCap,gCap,Endothelial,True,train
GTGAAGGGTGAAATCA-1_1_1,bpd,Acute26,gCap,gCap,Endothelial,True,train
CATTATCTCGTATCAG-1_1_1,bpd,Acute26,gCap,gCap,Endothelial,True,test
TTAGGACTCGCCAGCA-1_1_1,bpd,Acute26,gCap,gCap,Endothelial,True,test
TAGACCACACGTCAGC-1_1_1,bpd,Acute26,gCap,gCap,Endothelial,True,train
GCATACAGTCGAGTTT-1_1_1,bpd,Acute26,gCap,gCap,Endothelial,True,train
AAGGAGCTCTACTCAT-1_1_1,bpd,Acute26,gCap,gCap,Endothelial,True,test
GGCAATTGTTCAGACT-1_1_1,bpd,Acute26,gCap,gCap,Endothelial,True,train
GACGTGCAGCCCTAAT-1_1_1,bpd,Acute26,gCap,gCap,Endothelial,True,train
CGTTGGGAGTCGTACT-1_1_1,bpd,Acute26,gCap,gCap,Endothelial,True,train
CCTAAAGTCACCAGGC-1_1_1,bpd,Acute26,gCap,gCap,Endothelial,True,train
ACGTCAACATCACCCT-1_1_1,bpd,Acute26,gCap,gCap,Endothelial,True,train
ATGTGTGGTTCGTGAT-1_1_1,bpd,Acute26,gCap,gCap,Endothelial,True,valid
CGTGTCTGTGAGGGAG-1_1_1,bpd,Acute26,gCap,gCap,Endothelial,True,test
TTAGTTCTCGAGCCCA-1_1_1,bpd,Acute26,gCap,gCap,Endothelial,True,train
TCGAGGCAGGTCGGAT-1_1_1,bpd,Acute26,gCap,gCap,Endothelial,True,train
GTCGTAAAGACGACGT-1_1_1,bpd,Acute26,gCap,gCap,Endothelial,True,train
TAGCCGGAGACTAGGC-1_1_1,bpd,Acute26,gCap,gCap,Endothelial,True,train
GTGCATATCACATAGC-1_1_1,bpd,Acute26,gCap,gCap,Endothelial,True,train
TCACAAGCAGGTCGTC-1_1_1,bpd,Acute26,gCap,gCap,Endothelial,True,train
GTGCGGTTCCGTAGTA-1_1_1,bpd,Acute26,gCap,gCap,Endothelial,True,train
GCAGTTAAGCGTAATA-1_1_1,bpd,Acute26,gCap,gCap,Endothelial,True,train
CTGATCCAGAAGGTGA-1_1_1,bpd,Acute26,gCap,gCap,Endothelial,True,train
ATTCTACCAATTGCTG-1_1_1,bpd,Acute26,gCap,gCap,Endothelial,True,train
AGGGATGAGACTTGAA-1_1_1,bpd,Acute26,gCap,gCap,Endothelial,True,train
ATCGAGTCACATGTGT-1_1_1,bpd,Acute26,gCap,gCap,Endothelial,True,train
TATCTCAAGCTAGTCT-1_1_1,bpd,Acute26,gCap,gCap,Endothelial,True,train
AACTGGTGTAGCGCTC-1_1_1,bpd,Acute26,gCap,gCap,Endothelial,True,train
GAGGTGAGTCATATGC-1_1_1,bpd,Acute26,gCap,gCap,Endothelial,True,train
GGAAAGCAGAGTCGGT-1_1_1,bpd,Acute26,gCap,gCap,Endothelial,True,train
GATCGATGTGGAAAGA-1_1_1,bpd,Acute26,gCap,gCap,Endothelial,True,train
TCGGTAAGTGTGCGTC-1_1_1,bpd,Acute26,gCap,gCap,Endothelial,True,train
TGGACGCTCCGAGCCA-1_1_1,bpd,Acute26,gCap,gCap,Endothelial,True,train
ACACTGAAGCGATATA-1_1_1,bpd,Acute26,gCap,gCap,Endothelial,True,train
TCGTAGAAGCGTAATA-1_1_1,bpd,Acute26,gCap,gCap,Endothelial,True,train
GCGCCAACACAAGACG-1_1_1,bpd,Acute26,gCap,gCap,Endothelial,True,train
AGCAGCCGTATATGAG-1_1_1,bpd,Acute26,gCap,gCap,Endothelial,True,train
AGTTGGTGTTGCGCAC-1_1_1,bpd,Acute26,gCap,gCap,Endothelial,True,train
CCTTACGGTAGCACGA-1_1_1,bpd,Acute26,gCap,gCap,Endothelial,True,train
GATCAGTTCGCCAGCA-1_1_1,bpd,Acute26,gCap,gCap,Endothelial,True,train
AACACGTGTTGTACAC-1_1_1,bpd,Acute26,gCap,gCap,Endothelial,True,train
GCATGATGTTCTGTTT-1_1_1,bpd,Acute26,gCap,gCap,Endothelial,True,train
TCATTTGGTCCAGTTA-1_1_1,bpd,Acute26,gCap,gCap,Endothelial,True,test
ATCCACCCAAAGTCAA-1_1_1,bpd,Acute26,gCap,gCap,Endothelial,True,train
TCGTACCAGTAGGCCA-1_1_1,bpd,Acute26,gCap,gCap,Endothelial,True,train
TCGGGACAGGTGCTAG-1_1_1,bpd,Acute26,gCap,gCap,Endothelial,True,train
CAGTCCTGTCAACATC-1_1_1,bpd,Acute26,gCap,gCap,Endothelial,True,train
GTACTTTGTTAGAACA-1_1_1,bpd,Acute26,gCap,gCap,Endothelial,True,train
CCGGTAGCATGAGCGA-1_1_1,bpd,Acute26,gCap,gCap,Endothelial,True,train
TACTTGTTCACTTATC-1_1_1,bpd,Acute26,gCap,gCap,Endothelial,True,train
CATGGCGTCCCATTAT-1_1_1,bpd,Acute26,gCap,gCap,Endothelial,True,train
GCAAACTTCTGCGACG-1_1_1,bpd,Acute26,gCap,gCap,Endothelial,True,train
CCGTGGAGTTTCGCTC-1_1_1,bpd,Acute26,gCap,gCap,Endothelial,True,train
TGGTTCCGTGAACCTT-1_1_1,bpd,Acute26,gCap,gCap,Endothelial,True,train
CCTCTGAGTGTGACGA-1_1_1,bpd,Acute26,gCap,gCap,Endothelial,True,train
CACACAAGTCGGCACT-1_1_1,bpd,Acute26,gCap,gCap,Endothelial,True,train
CGTCACTGTACACCGC-1_1_1,bpd,Acute26,gCap,gCap,Endothelial,True,train
GAATAAGCACAAGCCC-1_1_1,bpd,Acute26,gCap,gCap,Endothelial,True,train
GACGTTACAACAACCT-1_1_1,bpd,Acute26,gCap,gCap,Endothelial,True,train
GATCGCGCACGACGAA-1_1_1,bpd,Acute26,gCap,gCap,Endothelial,True,train
AGAGCGATCATTCACT-1_1_1,bpd,Acute26,gCap,gCap,Endothelial,True,train
TGACTAGTCACTGGGC-1_1_1,bpd,Acute26,gCap,gCap,Endothelial,True,train
AACGTTGTCTCTAAGG-1_1_1,bpd,Acute26,gCap,gCap,Endothelial,True,train
AGAGCGACACTGTCGG-1_1_1,bpd,Acute26,gCap,gCap,Endothelial,True,train
AGGTCATGTAAGGGCT-1_1_1,bpd,Acute26,gCap,gCap,Endothelial,True,train
TTGGAACAGTACGTAA-1_1_1,bpd,Acute26,gCap,gCap,Endothelial,True,test
CGTCTACGTATAATGG-1_1_1,bpd,Acute26,gCap,gCap,Endothelial,True,train
CAAGAAATCCTAAGTG-1_1_1,bpd,Acute26,gCap,gCap,Endothelial,True,train
CACCAGGGTTCGTTGA-1_1_1,bpd,Acute26,gCap,gCap,Endothelial,True,train
TCAGGTAGTTGACGTT-1_1_1,bpd,Acute26,gCap,gCap,Endothelial,True,train
GAAATGAAGATGTGGC-1_1_1,bpd,Acute26,gCap,gCap,Endothelial,True,train
AGTGGGAGTCGGATCC-1_1_1,bpd,Acute26,gCap,gCap,Endothelial,True,test
CAAGAAAGTAACGTTC-1_1_1,bpd,Acute26,gCap,gCap,Endothelial,True,train
AGCATACTCTTAGCCC-1_1_1,bpd,Acute26,gCap,gCap,Endothelial,True,train
ATCATCTCAATCGGTT-1_1_1,bpd,Acute26,gCap,gCap,Endothelial,True,train
CGATGGCAGAACTCGG-1_1_1,bpd,Acute26,gCap,gCap,Endothelial,True,train
AGAGCGATCACTTATC-1_1_1,bpd,Acute26,gCap,gCap,Endothelial,True,train
ACCTTTAGTCATTAGC-1_1_1,bpd,Acute26,gCap,gCap,Endothelial,True,test
AACGTTGAGACAAGCC-1_1_1,bpd,Acute26,gCap,gCap,Endothelial,True,train
TCCCGATAGGGTCTCC-1_1_1,bpd,Acute26,gCap,gCap,Endothelial,True,test
TTAACTCAGGGTCGAT-1_1_1,bpd,Acute26,gCap,gCap,Endothelial,True,train
TGGACGCTCCGCGTTT-1_1_1,bpd,Acute26,gCap,gCap,Endothelial,True,test
CATCCACCAGTTCCCT-1_1_1,bpd,Acute26,gCap,gCap,Endothelial,True,train
CGACCTTCACTTACGA-1_1_1,bpd,Acute26,gCap,gCap,Endothelial,True,train
TATGCCCCATCCCACT-1_1_1,bpd,Acute26,gCap,gCap,Endothelial,True,train
CCTCAGTCATGGTCTA-1_1_1,bpd,Acute26,gCap,gCap,Endothelial,True,train
TCGGTAAGTCTAAACC-1_1_1,bpd,Acute26,gCap,gCap,Endothelial,True,train
CGGAGCTTCCTCCTAG-1_1_1,bpd,Acute26,gCap,gCap,Endothelial,True,train
TTTGTCATCGCCCTTA-1_1_1,bpd,Acute26,gCap,gCap,Endothelial,True,test
GAGTCCGTCGAGAGCA-1_1_1,bpd,Acute26,gCap,gCap,Endothelial,True,train
GTCACGGCACCATGTA-1_1_1,bpd,Acute26,gCap,gCap,Endothelial,True,train
GGGCATCAGGAATCGC-1_1_1,bpd,Acute26,gCap,gCap,Endothelial,True,test
TGGTTAGCATGAGCGA-1_1_1,bpd,Acute26,gCap,gCap,Endothelial,True,train
GTCGTAAGTCTGATCA-1_1_1,bpd,Acute26,gCap,gCap,Endothelial,True,train
AACCGCGAGGCCATAG-1_1_1,bpd,Acute26,gCap,gCap,Endothelial,True,test
TTAGGCATCCAGTAGT-1_1_1,bpd,Acute26,gCap,gCap,Endothelial,True,train
CAGCAGCTCAACACAC-1_1_1,bpd,Acute26,gCap,gCap,Endothelial,True,train
GTGCTTCAGGGCTTCC-1_1_1,bpd,Acute26,gCap,gCap,Endothelial,True,train
GTCGTAAAGCGATATA-1_1_1,bpd,Acute26,gCap,gCap,Endothelial,True,train
GCGGGTTCACATCTTT-1_1_1,bpd,Acute26,gCap,gCap,Endothelial,True,train
ATCACGATCCTAAGTG-1_1_1,bpd,Acute26,gCap,gCap,Endothelial,True,train
GTCACGGGTTGACGTT-1_1_1,bpd,Acute26,gCap,gCap,Endothelial,True,train
TCATTTGTCAGTCAGT-1_1_1,bpd,Acute26,gCap,gCap,Endothelial,True,train
TCAGGATAGCGTAATA-1_1_1,bpd,Acute26,gCap,gCap,Endothelial,True,train
TTCGGTCGTTTAGCTG-1_1_1,bpd,Acute26,gCap,gCap,Endothelial,True,test
ATGTGTGCATTCCTGC-1_1_1,bpd,Acute26,gCap,gCap,Endothelial,True,train
TTGAACGTCGCCAGCA-1_1_1,bpd,Acute26,gCap,gCap,Endothelial,True,test
CTACGTCAGATGTGTA-1_1_1,bpd,Acute26,gCap,gCap,Endothelial,True,train
CCGTACTCACGGTGTC-1_1_1,bpd,Acute26,gCap,gCap,Endothelial,True,train
GAACATCAGGAGTTGC-1_1_1,bpd,Acute26,gCap,gCap,Endothelial,True,train
GTGCAGCCAATCTACG-1_1_1,bpd,Acute26,gCap,gCap,Endothelial,True,train
TATCAGGCAAACTGTC-1_1_1,bpd,Acute26,gCap,gCap,Endothelial,True,train
TACCTTAGTATTACCG-1_1_1,bpd,Acute26,gCap,gCap,Endothelial,True,train
CGCTATCGTTAGGGTG-1_1_1,bpd,Acute26,gCap,gCap,Endothelial,True,valid
ATCGAGTTCGAGGTAG-1_1_1,bpd,Acute26,gCap,gCap,Endothelial,True,test
ACGGAGAAGCCCTAAT-1_1_1,bpd,Acute26,gCap,gCap,Endothelial,True,train
AGCGGTCTCGCTAGCG-1_1_1,bpd,Acute26,gCap,gCap,Endothelial,True,train
TGGACGCGTGTAATGA-1_1_1,bpd,Acute26,gCap,gCap,Endothelial,True,train
GCATACAGTGATGTGG-1_1_1,bpd,Acute26,gCap,gCap,Endothelial,True,train
TCATTACGTGGAAAGA-1_1_1,bpd,Acute26,gCap,gCap,Endothelial,True,train
GCAAACTCAGCCTGTG-1_1_1,bpd,Acute26,gCap,gCap,Endothelial,True,train
TAAGTGCTCGCGTTTC-1_1_1,bpd,Acute26,gCap,gCap,Endothelial,True,train
AGTTGGTCACCCAGTG-1_1_1,bpd,Acute26,gCap,gCap,Endothelial,True,train
CGATCGGAGCCCGAAA-1_1_1,bpd,Acute26,gCap,gCap,Endothelial,True,train
CTCGTCAAGCTGAAAT-1_1_1,bpd,Acute26,gCap,gCap,Endothelial,True,train
CAGCGACGTAAGTGTA-1_1_1,bpd,Acute26,gCap,gCap,Endothelial,True,train
CCTCAGTTCAGAGGTG-1_1_1,bpd,Acute26,gCap,gCap,Endothelial,True,train
CAAGTTGGTAAGCACG-1_1_1,bpd,Acute26,gCap,gCap,Endothelial,True,train
CGCTATCCACGACGAA-1_1_1,bpd,Acute26,gCap,gCap,Endothelial,True,train
ACGCCAGGTTGGAGGT-1_1_1,bpd,Acute26,gCap,gCap,Endothelial,True,train
TTCTCCTCACGGATAG-1_1_1,bpd,Acute26,gCap,gCap,Endothelial,True,train
CTCGAAATCGCGTAGC-1_1_1,bpd,Acute26,gCap,gCap,Endothelial,True,train
CTCTGGTTCATCATTC-1_1_1,bpd,Acute26,gCap,gCap,Endothelial,True,train
CCGGTAGGTAAACCTC-1_1_1,bpd,Acute26,gCap,gCap,Endothelial,True,test
CGTGTCTTCGAGAGCA-1_1_1,bpd,Acute26,gCap,gCap,Endothelial,True,train
AAACCTGCACAGGAGT-1_1_1,bpd,Acute26,gCap,gCap,Endothelial,True,train
ACATCAGAGGCGATAC-1_1_1,bpd,Acute26,gCap,gCap,Endothelial,True,train
TGCTACCCAATCGGTT-1_1_1,bpd,Acute26,gCap,gCap,Endothelial,True,train
CAAGGCCCAAAGGCGT-1_1_1,bpd,Acute26,gCap,gCap,Endothelial,True,train
TCGTACCTCTCCAGGG-1_1_1,bpd,Acute26,gCap,gCap,Endothelial,True,train
TAGTGGTCAGGGTTAG-1_1_1,bpd,Acute26,gCap,gCap,Endothelial,True,train
ACGAGGAAGACACGAC-1_1_1,bpd,Acute26,gCap,gCap,Endothelial,True,train
AAGGAGCCAAGTTAAG-1_1_1,bpd,Acute26,gCap,gCap,Endothelial,True,train
CGATGTATCATGCAAC-1_1_1,bpd,Acute26,gCap,gCap,Endothelial,True,train
GACTAACCAACCGCCA-1_1_1,bpd,Acute26,gCap,gCap,Endothelial,True,train
AGCGTCGCACATCTTT-1_1_1,bpd,Acute26,gCap,gCap,Endothelial,True,train
ACCCACTCAGCCTGTG-1_1_1,bpd,Acute26,gCap,gCap,Endothelial,True,test
TCATTACTCCAGATCA-1_1_1,bpd,Acute26,gCap,gCap,Endothelial,True,train
GGGTTGCTCTACCAGA-1_1_1,bpd,Acute26,gCap,gCap,Endothelial,True,train
CTAACTTTCGGATGTT-1_1_1,bpd,Acute26,gCap,gCap,Endothelial,True,train
ACGGCCAAGAAAGTGG-1_1_1,bpd,Acute26,gCap,gCap,Endothelial,True,train
ATGTGTGTCGGCGCTA-1_1_1,bpd,Acute26,gCap,gCap,Endothelial,True,train
CATCAGACATGAGCGA-1_1_1,bpd,Acute26,gCap,gCap,Endothelial,True,train
GTCACAACACCAGGCT-1_1_1,bpd,Acute26,gCap,gCap,Endothelial,True,train
CCGGTAGCATGGGACA-1_1_1,bpd,Acute26,gCap,gCap,Endothelial,True,train
GTCTTCGGTTCAGGCC-1_1_1,bpd,Acute26,gCap,gCap,Endothelial,True,train
GTACTTTAGGGAAACA-1_1_1,bpd,Acute26,gCap,gCap,Endothelial,True,train
TGGTTCCAGCACACAG-1_1_1,bpd,Acute26,gCap,gCap,Endothelial,True,train
TTGCGTCCACTTAAGC-1_1_1,bpd,Acute26,gCap,gCap,Endothelial,True,train
GATCGATCATATGGTC-1_1_1,bpd,Acute26,gCap,gCap,Endothelial,True,train
CAGTCCTAGTCACGCC-1_1_1,bpd,Acute26,gCap,gCap,Endothelial,True,train
TGTTCCGTCCCAACGG-1_1_1,bpd,Acute26,gCap,gCap,Endothelial,True,train
ATCGAGTAGCCTTGAT-1_1_1,bpd,Acute26,gCap,gCap,Endothelial,True,test
CAAGGCCGTTTGTTTC-1_1_1,bpd,Acute26,gCap,gCap,Endothelial,True,test
AGTTGGTGTTCAGACT-1_1_1,bpd,Acute26,gCap,gCap,Endothelial,True,train
GGAACTTCAAGGTTTC-1_1_1,bpd,Acute26,gCap,gCap,Endothelial,True,test
CATGGCGAGGCCGAAT-1_1_1,bpd,Acute26,gCap,gCap,Endothelial,True,train
GGGAATGGTTCTGAAC-1_1_1,bpd,Acute26,gCap,gCap,Endothelial,True,train
GTTCGGGAGTGGGTTG-1_1_1,bpd,Acute26,gCap,gCap,Endothelial,True,test
TAGGCATTCGCATGGC-1_1_1,bpd,Acute26,gCap,gCap,Endothelial,True,train
TATCAGGTCGACAGCC-1_1_1,bpd,Acute26,gCap,gCap,Endothelial,True,train
TGCTGCTAGTCGTACT-1_1_1,bpd,Acute26,gCap,gCap,Endothelial,True,train
TGTGGTAGTGACCAAG-1_1_1,bpd,Acute26,gCap,gCap,Endothelial,True,train
ATCGAGTAGGTGACCA-1_1_1,bpd,Acute26,gCap,gCap,Endothelial,True,train
TTTCCTCGTTTGCATG-1_1_1,bpd,Acute26,gCap,gCap,Endothelial,True,train
CTCACACAGCAACGGT-1_1_1,bpd,Acute26,gCap,gCap,Endothelial,True,train
CTTTGCGGTAATAGCA-1_1_1,bpd,Acute26,gCap,gCap,Endothelial,True,train
GCAAACTCAATAAGCA-1_1_1,bpd,Acute26,gCap,gCap,Endothelial,True,train
AGTAGTCTCTCCGGTT-1_1_1,bpd,Acute26,gCap,gCap,Endothelial,True,train
TTTACTGTCAGGTTCA-1_1_1,bpd,Acute26,gCap,gCap,Endothelial,True,train
TCTCTAAGTCTCTCTG-1_1_1,bpd,Acute26,gCap,gCap,Endothelial,True,train
CGGGTCACACAGCCCA-1_1_1,bpd,Acute26,gCap,gCap,Endothelial,True,train
TGCCAAAGTAGCGTCC-1_1_1,bpd,Acute26,gCap,gCap,Endothelial,True,train
AGCCTAAGTAGCTGCC-1_1_1,bpd,Acute26,gCap,gCap,Endothelial,True,train
CCGTGGAAGCAGACTG-1_1_1,bpd,Acute26,gCap,gCap,Endothelial,True,train
CGAGAAGGTTCAGGCC-1_1_1,bpd,Acute26,gCap,gCap,Endothelial,True,train
AATCGGTGTACACCGC-1_1_1,bpd,Acute26,gCap,gCap,Endothelial,True,train
ATAAGAGGTATGAATG-1_1_1,bpd,Acute26,gCap,gCap,Endothelial,True,train
ACACTGACATGTAAGA-1_1_1,bpd,Acute26,gCap,gCap,Endothelial,True,train
CAGCAGCTCAAGGCTT-1_1_1,bpd,Acute26,gCap,gCap,Endothelial,True,train
AACTGGTGTGACAAAT-1_1_1,bpd,Acute26,gCap,gCap,Endothelial,True,train
GTGCAGCCACGGCTAC-1_1_1,bpd,Acute26,gCap,gCap,Endothelial,True,train
AAGACCTGTAGGGACT-1_1_1,bpd,Acute26,gCap,gCap,Endothelial,True,train
GACTACATCTACCAGA-1_1_1,bpd,Acute26,gCap,gCap,Endothelial,True,train
CAAGAAACATTACGAC-1_1_1,bpd,Acute26,gCap,gCap,Endothelial,True,train
ATAGACCAGGTGATTA-1_1_1,bpd,Acute26,gCap,gCap,Endothelial,True,test
GGACATTCATCACGAT-1_1_1,bpd,Acute26,gCap,gCap,Endothelial,True,train
GACTAACTCTTAGCCC-1_1_1,bpd,Acute26,gCap,gCap,Endothelial,True,train
CGACCTTTCGTTTATC-1_1_1,bpd,Acute26,gCap,gCap,Endothelial,True,test
AATCCAGCATCGACGC-1_1_1,bpd,Acute26,gCap,gCap,Endothelial,True,train
CAAGTTGGTTCAGGCC-1_1_1,bpd,Acute26,gCap,gCap,Endothelial,True,train
CGTTCTGAGTTAACGA-1_1_1,bpd,Acute26,gCap,gCap,Endothelial,True,test
GATGCTAAGTCCGGTC-1_1_1,bpd,Acute26,gCap,gCap,Endothelial,True,train
GATTCAGAGCTGTCTA-1_1_1,bpd,Acute26,gCap,gCap,Endothelial,True,train
CGATGTAAGTTGAGAT-1_1_1,bpd,Acute26,gCap,gCap,Endothelial,True,train
GATGAAATCTTTAGGG-1_1_1,bpd,Acute26,gCap,gCap,Endothelial,True,test
AGATCTGGTAGGGACT-1_1_1,bpd,Acute26,gCap,gCap,Endothelial,True,train
AGTGTCACACCCATGG-1_1_1,bpd,Acute26,gCap,gCap,Endothelial,True,train
CACATTTTCGGATGGA-1_1_1,bpd,Acute26,gCap,gCap,Endothelial,True,train
TTGGCAATCAGTGCAT-1_1_1,bpd,Acute26,gCap,gCap,Endothelial,True,train
GGCAATTCACGGACAA-1_1_1,bpd,Acute26,gCap,gCap,Endothelial,True,train
GTTACAGCATATGAGA-1_1_1,bpd,Acute26,gCap,gCap,Endothelial,True,train
CTGTGCTAGTGAAGAG-1_1_1,bpd,Acute26,gCap,gCap,Endothelial,True,train
CTACGTCAGCGTGAGT-1_1_1,bpd,Acute26,gCap,gCap,Endothelial,True,train
AAGTCTGAGGGCATGT-1_1_1,bpd,Acute26,gCap,gCap,Endothelial,True,train
CTACGTCCACCAGCAC-1_1_1,bpd,Acute26,gCap,gCap,Endothelial,True,train
GCGCGATTCCACTCCA-1_1_1,bpd,Acute26,gCap,gCap,Endothelial,True,test
CGTGTAAAGGTGACCA-1_1_1,bpd,Acute26,gCap,gCap,Endothelial,True,train
CGAGAAGGTATTAGCC-1_1_1,bpd,Acute26,gCap,gCap,Endothelial,True,train
CGCGTTTTCATATCGG-1_1_1,bpd,Acute26,gCap,gCap,Endothelial,True,train
ATAACGCCATATACGC-1_1_1,bpd,Acute26,gCap,gCap,Endothelial,True,train
GATGAAAAGGAATTAC-1_1_1,bpd,Acute26,gCap,gCap,Endothelial,True,train
CGTCACTCACTTGGAT-1_1_1,bpd,Acute26,gCap,gCap,Endothelial,True,test
CAGCCGAAGCAGCGTA-1_1_1,bpd,Acute26,gCap,gCap,Endothelial,True,train
AGATTGCGTAGCTGCC-1_1_1,bpd,Acute26,gCap,gCap,Endothelial,True,train
GGGTTGCGTCTCTCTG-1_1_1,bpd,Acute26,gCap,gCap,Endothelial,True,train
ACATACGGTTCAGGCC-1_1_1,bpd,Acute26,gCap,gCap,Endothelial,True,train
CGTCACTTCCGTTGTC-1_1_1,bpd,Acute26,gCap,gCap,Endothelial,True,train
CTTAGGACACATTAGC-1_1_1,bpd,Acute26,gCap,gCap,Endothelial,True,train
GGACATTGTAGGCTGA-1_1_1,bpd,Acute26,gCap,gCap,Endothelial,True,train
TCGGGACAGAATGTTG-1_1_1,bpd,Acute26,gCap,gCap,Endothelial,True,train
AAGGCAGTCATTGCCC-1_1_1,bpd,Acute26,gCap,gCap,Endothelial,True,train
CTCTAATAGCGTTCCG-1_1_1,bpd,Acute26,gCap,gCap,Endothelial,True,train
GATTCAGGTTCGCGAC-1_1_1,bpd,Acute26,gCap,gCap,Endothelial,True,train
AAACCTGAGACAGACC-1_1_1,bpd,Acute26,gCap,gCap,Endothelial,True,train
GGCTCGAGTTACAGAA-1_1_1,bpd,Acute26,gCap,gCap,Endothelial,True,train
AATCGGTCACAGCCCA-1_1_1,bpd,Acute26,gCap,gCap,Endothelial,True,train
TTGGAACAGAGACTTA-1_1_1,bpd,Acute26,gCap,gCap,Endothelial,True,train
TACGGTATCTGTGCAA-1_1_1,bpd,Acute26,gCap,gCap,Endothelial,True,train
TCAGCAACAGCCAATT-1_1_1,bpd,Acute26,gCap,gCap,Endothelial,True,train
TGACGGCGTCATGCAT-1_1_1,bpd,Acute26,gCap,gCap,Endothelial,True,train
GCAATCAGTGCGAAAC-1_1_1,bpd,Acute26,gCap,gCap,Endothelial,True,test
CGGAGTCCAAGGACTG-1_1_1,bpd,Acute26,gCap,gCap,Endothelial,True,test
TCTGAGATCACGCATA-1_1_1,bpd,Acute26,gCap,gCap,Endothelial,True,test
AGACGTTGTGAGGCTA-1_1_1,bpd,Acute26,gCap,gCap,Endothelial,True,train
CGCGGTATCCTGTAGA-1_1_1,bpd,Acute26,gCap,gCap,Endothelial,True,train
CGTTGGGGTCAGTGGA-1_1_1,bpd,Acute26,gCap,gCap,Endothelial,True,train
ACGTCAATCAGCAACT-1_1_1,bpd,Acute26,gCap,gCap,Endothelial,True,train
CCGTGGATCTTGTACT-1_1_1,bpd,Acute26,gCap,gCap,Endothelial,True,train
GAATGAAGTGCCTGGT-1_1_1,bpd,Acute26,gCap,gCap,Endothelial,True,train
CTCATTAAGCAGCCTC-1_1_1,bpd,Acute26,gCap,gCap,Endothelial,True,train
TCATTACCAGGCGATA-1_1_1,bpd,Acute26,gCap,gCap,Endothelial,True,test
TTGGCAAGTGACCAAG-1_1_1,bpd,Acute26,gCap,gCap,Endothelial,True,train
GTATTCTTCACATACG-1_1_1,bpd,Acute26,gCap,gCap,Endothelial,True,train
AAGGAGCAGTGGGCTA-1_1_1,bpd,Acute26,gCap,gCap,Endothelial,True,train
AACACGTGTTCGAATC-1_1_1,bpd,Acute26,gCap,gCap,Endothelial,True,train
TCACAAGAGTCACGCC-1_1_1,bpd,Acute26,gCap,gCap,Endothelial,True,train
TAGTGGTTCTCAAACG-1_1_1,bpd,Acute26,gCap,gCap,Endothelial,True,train
AGACGTTGTTACCAGT-1_1_1,bpd,Acute26,gCap,gCap,Endothelial,True,train
GTACTTTAGGCTAGGT-1_1_1,bpd,Acute26,gCap,gCap,Endothelial,True,train
TGCGGGTGTGTTTGTG-1_1_1,bpd,Acute26,gCap,gCap,Endothelial,True,test
TCTGAGAAGTACGCGA-1_1_1,bpd,Acute26,gCap,gCap,Endothelial,True,train
TCACAAGAGCCAGGAT-1_1_1,bpd,Acute26,gCap,gCap,Endothelial,True,train
CCCATACGTCTCCATC-1_1_1,bpd,Acute26,gCap,gCap,Endothelial,True,train
ATTACTCTCTGAAAGA-1_1_1,bpd,Acute26,gCap,gCap,Endothelial,True,test
TAGACCATCACCCGAG-1_1_1,bpd,Acute26,gCap,gCap,Endothelial,True,test
TATGCCCAGCGTGAAC-1_1_1,bpd,Acute26,gCap,gCap,Endothelial,True,train
CATTATCGTCAAAGCG-1_1_1,bpd,Acute26,gCap,gCap,Endothelial,True,train
TACAGTGAGTTACCCA-1_1_1,bpd,Acute26,gCap,gCap,Endothelial,True,train
GTCCTCAGTTCCACAA-1_1_1,bpd,Acute26,gCap,gCap,Endothelial,True,train
CAGCTGGAGTCAAGGC-1_1_1,bpd,Acute26,gCap,gCap,Endothelial,True,train
GGGATGAAGATGTAAC-1_1_1,bpd,Acute26,gCap,gCap,Endothelial,True,train
AGAGTGGCACGGCTAC-1_1_1,bpd,Acute26,gCap,gCap,Endothelial,True,train
CCATGTCAGTCTCAAC-1_1_1,bpd,Acute26,gCap,gCap,Endothelial,True,test
CCTTTCTCAGTAAGCG-1_1_1,bpd,Acute26,gCap,gCap,Endothelial,True,train
GCAGTTAAGACTGGGT-1_1_1,bpd,Acute26,gCap,gCap,Endothelial,True,train
TGTTCCGCACGGCCAT-1_1_1,bpd,Acute26,gCap,gCap,Endothelial,True,train
TTCTCAAAGTTACCCA-1_1_1,bpd,Acute26,gCap,gCap,Endothelial,True,train
TGACAACGTTGGTTTG-1_1_1,bpd,Acute26,gCap,gCap,Endothelial,True,train
TACGGATCAATGTAAG-1_1_1,bpd,Acute26,gCap,gCap,Endothelial,True,train
GGACAGACACGAAGCA-1_1_1,bpd,Acute26,gCap,gCap,Endothelial,True,train
GCTTGAAAGCTTATCG-1_1_1,bpd,Acute26,gCap,gCap,Endothelial,True,train
AGTTGGTGTGTTTGTG-1_1_1,bpd,Acute26,gCap,gCap,Endothelial,True,train
AACGTTGGTGTGACGA-1_1_1,bpd,Acute26,gCap,gCap,Endothelial,True,train
ACGCCAGAGGGTCGAT-1_1_1,bpd,Acute26,gCap,gCap,Endothelial,True,train
AGCATACTCTTTACGT-1_1_1,bpd,Acute26,gCap,gCap,Endothelial,True,train
GATCAGTTCTGGTGTA-1_1_1,bpd,Acute26,gCap,gCap,Endothelial,True,train
GGAACTTAGCGAGAAA-1_1_1,bpd,Acute26,gCap,gCap,Endothelial,True,train
GTTTCTATCAAGGCTT-1_1_1,bpd,Acute26,gCap,gCap,Endothelial,True,train
CCTATTAAGGCCCTCA-1_1_1,bpd,Acute26,gCap,gCap,Endothelial,True,train
GCGCCAAAGAGCCTAG-1_1_1,bpd,Acute26,gCap,gCap,Endothelial,True,test
AGAGTGGTCCTAGAAC-1_1_1,bpd,Acute26,gCap,gCap,Endothelial,True,valid
GGGATGAGTCTCATCC-1_1_1,bpd,Acute26,gCap,gCap,Endothelial,True,train
CGTAGGCAGAGTTGGC-1_1_1,bpd,Acute26,gCap,gCap,Endothelial,True,train
AGCGTATTCCGTAGTA-1_1_1,bpd,Acute26,gCap,gCap,Endothelial,True,train
GATCTAGTCGGGAGTA-1_1_1,bpd,Acute26,gCap,gCap,Endothelial,True,test
CCGGTAGAGTACCGGA-1_1_1,bpd,Acute26,gCap,gCap,Endothelial,True,train
AGACGTTGTCAATGTC-1_1_1,bpd,Acute26,gCap,gCap,Endothelial,True,train
CCTAAAGCAGACTCGC-1_1_1,bpd,Acute26,gCap,gCap,Endothelial,True,train
CTCTAATCAGTGGAGT-1_1_1,bpd,Acute26,gCap,gCap,Endothelial,True,train
GAAGCAGAGAAGGGTA-1_1_1,bpd,Acute26,gCap,gCap,Endothelial,True,train
AGTGTCACATTGCGGC-1_1_1,bpd,Acute26,gCap,gCap,Endothelial,True,test
CATTCGCCATCGATGT-1_1_1,bpd,Acute26,gCap,gCap,Endothelial,True,train
CGTTGGGAGTGGTAGC-1_1_1,bpd,Acute26,gCap,gCap,Endothelial,True,train
AAAGCAATCTAGCACA-1_1_1,bpd,Acute26,gCap,gCap,Endothelial,True,train
GAAACTCCACGGTGTC-1_1_1,bpd,Acute26,gCap,gCap,Endothelial,True,train
CAGCATAGTCGAATCT-1_1_1,bpd,Acute26,gCap,gCap,Endothelial,True,train
CTGATCCCACATCCGG-1_1_1,bpd,Acute26,gCap,gCap,Endothelial,True,test
CCGTTCACATGTCCTC-1_1_1,bpd,Acute26,gCap,gCap,Endothelial,True,test
GCATACAGTGTCGCTG-1_1_1,bpd,Acute26,gCap,gCap,Endothelial,True,train
CACAGTAAGCCAGTAG-1_1_1,bpd,Acute26,gCap,gCap,Endothelial,True,train
CGGGTCATCTATCCCG-1_1_1,bpd,Acute26,gCap,gCap,Endothelial,True,test
GGATGTTAGGTTCCTA-1_1_1,bpd,Acute26,gCap,gCap,Endothelial,True,train
GGCTCGATCGGCGCAT-1_1_1,bpd,Acute26,gCap,gCap,Endothelial,True,train
GCAATCACACAGGAGT-1_1_1,bpd,Acute26,gCap,gCap,Endothelial,True,test
GCAGTTATCCTAGGGC-1_1_1,bpd,Acute26,gCap,gCap,Endothelial,True,train
CATGACAAGGGCATGT-1_1_1,bpd,Acute26,gCap,gCap,Endothelial,True,train
TTCTCAAGTGAGCGAT-1_1_1,bpd,Acute26,gCap,gCap,Endothelial,True,train
TACGGGCAGACAAGCC-1_1_1,bpd,Acute26,gCap,gCap,Endothelial,True,train
TTTCCTCAGAATGTGT-1_1_1,bpd,Acute26,gCap,gCap,Endothelial,True,test
ATCTACTTCCTTCAAT-1_1_1,bpd,Acute26,gCap,gCap,Endothelial,True,train
TCGTAGAAGTGGCACA-1_1_1,bpd,Acute26,gCap,gCap,Endothelial,True,train
GAGCAGATCCCATTTA-1_1_1,bpd,Acute26,gCap,gCap,Endothelial,True,train
TTACGCCTCAATCCAG-1_1,bpd,BPD7mo,Pericyte,Pericyte,Mesenchymal,True,train
CATGGATGTGTATTGC-1_1,bpd,BPD7mo,Pericyte,Pericyte,Mesenchymal,True,train
ACGTAACCAGAGTGTG-1_1,bpd,BPD7mo,Pericyte,Pericyte,Mesenchymal,True,train
GAAACCTTCGTAGGGA-1_1,bpd,BPD7mo,Pericyte,Pericyte,Mesenchymal,True,train
CAATGACCAAATCCCA-1_1,bpd,BPD7mo,Pericyte,Pericyte,Mesenchymal,True,train
TTCATTGTCCATTGCC-1_1,bpd,BPD7mo,Pericyte,Pericyte,Mesenchymal,True,test
ATAGGCTAGTTGCTGT-1_1,bpd,BPD7mo,Pericyte,Pericyte,Mesenchymal,True,train
TCTGCCAAGGTCATAA-1_1,bpd,BPD7mo,Pericyte,Pericyte,Mesenchymal,True,test
GTGGTTATCGGACAAG-1_1,bpd,BPD7mo,Pericyte,Pericyte,Mesenchymal,True,train
TACTTACTCAGGGTAG-1_1,bpd,BPD7mo,Pericyte,Pericyte,Mesenchymal,True,train
CATGGATTCGGTAAGG-1_1,bpd,BPD7mo,Pericyte,Pericyte,Mesenchymal,True,train
CTCATCGTCAAGTGGG-1_1,bpd,BPD7mo,Pericyte,Pericyte,Mesenchymal,True,test
GTGAGGAGTGAAGCTG-1_1,bpd,BPD7mo,Pericyte,Pericyte,Mesenchymal,True,train
ATAGACCGTCGTTGCG-1_1,bpd,BPD7mo,Pericyte,Pericyte,Mesenchymal,True,test
GGACGTCCATGAGGGT-1_1,bpd,BPD7mo,Pericyte,Pericyte,Mesenchymal,True,train
CCACCATCAGGACTTT-1_2,bpd,BPD7mo,Pericyte,Pericyte,Mesenchymal,True,train
CTCAAGAAGCCGGATA-1_2,bpd,BPD7mo,Pericyte,Pericyte,Mesenchymal,True,train
TTCACCGCACTTCCTG-1_2,bpd,BPD7mo,Pericyte,Pericyte,Mesenchymal,True,train
CATACTTTCTACACAG-1_2,bpd,BPD7mo,Pericyte,Pericyte,Mesenchymal,True,train
TTACGCCGTATGCGGA-1_2,bpd,BPD7mo,Pericyte,Pericyte,Mesenchymal,True,test
TCATGGAGTATTTCCT-1_2,bpd,BPD7mo,Pericyte,Pericyte,Mesenchymal,True,test
GTCGTTCCAAGGTCTT-1_2,bpd,BPD7mo,Pericyte,Pericyte,Mesenchymal,True,train
CGCCAGAAGTATGTAG-1_2,bpd,BPD7mo,Pericyte,Pericyte,Mesenchymal,True,test
TAAGCACAGTACCCTA-1_2,bpd,BPD7mo,Pericyte,Pericyte,Mesenchymal,True,train
CTGTGGGAGTCTCGTA-1_2,bpd,BPD7mo,Pericyte,Pericyte,Mesenchymal,True,train
GCAGGCTCATACTGAC-1_2,bpd,BPD7mo,Pericyte,Pericyte,Mesenchymal,True,train
ATTCCTAGTTACTCAG-1_2,bpd,BPD7mo,Pericyte,Pericyte,Mesenchymal,True,train
CTAGGTAAGGCACTCC-1_1,bpd,BPD7mo,Pulmonary venous EC,Pulmonary venous EC,Endothelial,True,train
GTAACACTCTATTTCG-1_1,bpd,BPD7mo,Pulmonary venous EC,Pulmonary venous EC,Endothelial,True,train
ATCCATTGTGATACAA-1_1,bpd,BPD7mo,Pulmonary venous EC,Pulmonary venous EC,Endothelial,True,train
GGAATCTCAAGAGATT-1_1,bpd,BPD7mo,Pulmonary venous EC,Pulmonary venous EC,Endothelial,True,test
CATCAAGTCTAAACGC-1_1,bpd,BPD7mo,Pulmonary venous EC,Pulmonary venous EC,Endothelial,True,train
GGTGTCGGTCACCGAC-1_1,bpd,BPD7mo,Pulmonary venous EC,Pulmonary venous EC,Endothelial,True,train
TGACCCTTCCCTCTTT-1_1,bpd,BPD7mo,Pulmonary venous EC,Pulmonary venous EC,Endothelial,True,train
ACGGTCGCATAGAATG-1_1,bpd,BPD7mo,Pulmonary venous EC,Pulmonary venous EC,Endothelial,True,train
GAACGTTGTCGTCATA-1_1,bpd,BPD7mo,Pulmonary venous EC,Pulmonary venous EC,Endothelial,True,valid
TAGGAGGTCTGTGTGA-1_1,bpd,BPD7mo,Pulmonary venous EC,Pulmonary venous EC,Endothelial,True,test
CGCGTGAGTGGACTAG-1_1,bpd,BPD7mo,Pulmonary venous EC,Pulmonary venous EC,Endothelial,True,train
GTTGCGGGTCGTCGGT-1_1,bpd,BPD7mo,Pulmonary venous EC,Pulmonary venous EC,Endothelial,True,train
ACTTTCAGTGCCTGCA-1_1,bpd,BPD7mo,Pulmonary venous EC,Pulmonary venous EC,Endothelial,True,train
CGTCCATTCTGTCTCG-1_1,bpd,BPD7mo,Pulmonary venous EC,Pulmonary venous EC,Endothelial,True,train
AGAGCAGGTACAGGTG-1_1,bpd,BPD7mo,Pulmonary venous EC,Pulmonary venous EC,Endothelial,True,train
TCCTGCAGTCAGTCCG-1_1,bpd,BPD7mo,Pulmonary venous EC,Pulmonary venous EC,Endothelial,True,train
CGTTAGATCCGATCTC-1_1,bpd,BPD7mo,Pulmonary venous EC,Pulmonary venous EC,Endothelial,True,test
ACCATTTGTCGTCTCT-1_1,bpd,BPD7mo,Pulmonary venous EC,Pulmonary venous EC,Endothelial,True,train
AATCGTGAGGACTTCT-1_1,bpd,BPD7mo,Pulmonary venous EC,Pulmonary venous EC,Endothelial,True,test
GGGCTACTCGCCAGTG-1_2,bpd,BPD7mo,Pulmonary venous EC,Pulmonary venous EC,Endothelial,True,train
CTGCCATAGCGTCAGA-1_2,bpd,BPD7mo,Pulmonary venous EC,Pulmonary venous EC,Endothelial,True,train
TGTAAGCGTGCCGAAA-1_2,bpd,BPD7mo,Pulmonary venous EC,Pulmonary venous EC,Endothelial,True,train
CACGTTCGTCTGCAAT-1_2,bpd,BPD7mo,Pulmonary venous EC,Pulmonary venous EC,Endothelial,True,train
GTGAGGAGTGTCTCCT-1_2,bpd,BPD7mo,Pulmonary venous EC,Pulmonary venous EC,Endothelial,True,test
CTCCAACAGCTGACCC-1_2,bpd,BPD7mo,Pulmonary venous EC,Pulmonary venous EC,Endothelial,True,train
ACCCTTGAGACTTAAG-1_2,bpd,BPD7mo,Pulmonary venous EC,Pulmonary venous EC,Endothelial,True,train
CTGCCATAGCCTGTCG-1_2,bpd,BPD7mo,Pulmonary venous EC,Pulmonary venous EC,Endothelial,True,train
TTACCGCAGGATACCG-1_2,bpd,BPD7mo,Pulmonary venous EC,Pulmonary venous EC,Endothelial,True,valid
ACCATTTGTTAGCTAC-1_2,bpd,BPD7mo,Pulmonary venous EC,Pulmonary venous EC,Endothelial,True,train
GGTGAAGAGCCTGAAG-1_2,bpd,BPD7mo,Pulmonary venous EC,Pulmonary venous EC,Endothelial,True,test
TATGTTCGTATGCTAC-1_2,bpd,BPD7mo,Pulmonary venous EC,Pulmonary venous EC,Endothelial,True,train
CTACCTGCATAAGATG-1_2,bpd,BPD7mo,Pulmonary venous EC,Pulmonary venous EC,Endothelial,True,train
GTGCTGGAGCCATTTG-1_2,bpd,BPD7mo,Pulmonary venous EC,Pulmonary venous EC,Endothelial,True,test
TAAGCCAAGTTTGAGA-1_2,bpd,BPD7mo,Pulmonary venous EC,Pulmonary venous EC,Endothelial,True,test
CATAGACGTCCAATCA-1_2,bpd,BPD7mo,Pulmonary venous EC,Pulmonary venous EC,Endothelial,True,train
CACACAATCGGCTTCT-1_2,bpd,BPD7mo,Pulmonary venous EC,Pulmonary venous EC,Endothelial,True,train
GGAACCCAGGTCCCTG-1_2,bpd,BPD7mo,Pulmonary venous EC,Pulmonary venous EC,Endothelial,True,train
CGTAAGTTCAAGTAAG-1_2,bpd,BPD7mo,Pulmonary venous EC,Pulmonary venous EC,Endothelial,True,train
AAGGTAATCGCCGTGA-1_2,bpd,BPD7mo,Pulmonary venous EC,Pulmonary venous EC,Endothelial,True,test
CATTGCCGTATGAGCG-1_2,bpd,BPD7mo,Pulmonary venous EC,Pulmonary venous EC,Endothelial,True,test
GGAATCTTCTTTCCAA-1_2,bpd,BPD7mo,Pulmonary venous EC,Pulmonary venous EC,Endothelial,True,train
GCCAGCAGTACAATAG-1_2,bpd,BPD7mo,Pulmonary venous EC,Pulmonary venous EC,Endothelial,True,train
GCATCGGAGTCGCCAC-1_2,bpd,BPD7mo,Pulmonary venous EC,Pulmonary venous EC,Endothelial,True,train
TGGCGTGAGAAGTCTA-1_2,bpd,BPD7mo,Pulmonary venous EC,Pulmonary venous EC,Endothelial,True,train
CATACCCCAAATGGTA-1_1,bpd,BPD7mo,aCap,aCap,Endothelial,True,train
AGGCCACGTGAACCGA-1_1,bpd,BPD7mo,aCap,aCap,Endothelial,True,train
CTTTCAATCCAACCAA-1_1,bpd,BPD7mo,aCap,aCap,Endothelial,True,train
AATGACCCATCGATCA-1_1,bpd,BPD7mo,aCap,aCap,Endothelial,True,train
CCAATGACAAGCTACT-1_1,bpd,BPD7mo,aCap,aCap,Endothelial,True,train
TCTTGCGAGTTTGCTG-1_1,bpd,BPD7mo,aCap,aCap,Endothelial,True,train
TCGGATAAGGCTTCCG-1_1,bpd,BPD7mo,aCap,aCap,Endothelial,True,test
GACTTCCCAAGCAGGT-1_1,bpd,BPD7mo,aCap,aCap,Endothelial,True,train
GTGTTAGTCGTCACCT-1_1,bpd,BPD7mo,aCap,aCap,Endothelial,True,train
TGTCCACTCGGTTAGT-1_1,bpd,BPD7mo,aCap,aCap,Endothelial,True,test
AATGAAGGTGGAAGTC-1_1,bpd,BPD7mo,aCap,aCap,Endothelial,True,test
ACCGTTCGTAGGACTG-1_1,bpd,BPD7mo,aCap,aCap,Endothelial,True,test
AGCTTCCTCTTCGGTC-1_1,bpd,BPD7mo,aCap,aCap,Endothelial,True,test
CATCCGTGTACCGTCG-1_1,bpd,BPD7mo,aCap,aCap,Endothelial,True,train
GTCTAGAAGTGCAAAT-1_1,bpd,BPD7mo,aCap,aCap,Endothelial,True,test
TACGTCCCAGGCACAA-1_1,bpd,BPD7mo,aCap,aCap,Endothelial,True,train
GGGAGATAGCCTCAGC-1_1,bpd,BPD7mo,aCap,aCap,Endothelial,True,train
CTATAGGGTGGTAACG-1_1,bpd,BPD7mo,aCap,aCap,Endothelial,True,train
TTCAATCTCAGCTGTA-1_2,bpd,BPD7mo,aCap,aCap,Endothelial,True,train
TCCATGCGTTCAAGGG-1_2,bpd,BPD7mo,aCap,aCap,Endothelial,True,train
GTCATCCAGAGTGACC-1_2,bpd,BPD7mo,aCap,aCap,Endothelial,True,train
CTCTCGATCCGATGTA-1_2,bpd,BPD7mo,aCap,aCap,Endothelial,True,train
TTCACCGGTACCGGCT-1_2,bpd,BPD7mo,aCap,aCap,Endothelial,True,test
GATGGAGAGGAGTATT-1_2,bpd,BPD7mo,aCap,aCap,Endothelial,True,train
ACAACCAAGAAACTCA-1_2,bpd,BPD7mo,aCap,aCap,Endothelial,True,test
AGGAGGTGTAACTAAG-1_2,bpd,BPD7mo,aCap,aCap,Endothelial,True,test
AAACCCACAGAGAGGG-1_2,bpd,BPD7mo,aCap,aCap,Endothelial,True,train
AGTTAGCAGCTGACAG-1_2,bpd,BPD7mo,aCap,aCap,Endothelial,True,train
CCTGCATAGAAGATCT-1_2,bpd,BPD7mo,aCap,aCap,Endothelial,True,train
TACGGGCTCTGAGATC-1_1,bpd,BPD7mo,gCap,gCap,Endothelial,True,train
TGTTCATCACTGTCGG-1_1,bpd,BPD7mo,gCap,gCap,Endothelial,True,train
CCGTGAGAGATGGCGT-1_1,bpd,BPD7mo,gCap,gCap,Endothelial,True,train
AGGGCTCCACCCAAGC-1_1,bpd,BPD7mo,gCap,gCap,Endothelial,True,train
ATTCCCGGTGACAGCA-1_1,bpd,BPD7mo,gCap,gCap,Endothelial,True,test
AGGATAAAGGTACTGG-1_1,bpd,BPD7mo,gCap,gCap,Endothelial,True,train
TACGGTAGTCACTTAG-1_1,bpd,BPD7mo,gCap,gCap,Endothelial,True,test
AGAGCAGGTCATATGC-1_1,bpd,BPD7mo,gCap,gCap,Endothelial,True,train
GAAACCTGTAACCCGC-1_1,bpd,BPD7mo,gCap,gCap,Endothelial,True,train
TACATTCCAGTAACCT-1_1,bpd,BPD7mo,gCap,gCap,Endothelial,True,test
AAGATAGCAGCACAAG-1_1,bpd,BPD7mo,gCap,gCap,Endothelial,True,train
TCTATACGTGACTCTA-1_1,bpd,BPD7mo,gCap,gCap,Endothelial,True,train
CTAAGTGAGGGATCTG-1_1,bpd,BPD7mo,gCap,gCap,Endothelial,True,test
CCTGTTGGTATCACGT-1_1,bpd,BPD7mo,gCap,gCap,Endothelial,True,test
CACTGAATCCATATGG-1_1,bpd,BPD7mo,gCap,gCap,Endothelial,True,train
ACTACGAAGCGTGCCT-1_1,bpd,BPD7mo,gCap,gCap,Endothelial,True,train
GTTACCCAGAGTGTGC-1_1,bpd,BPD7mo,gCap,gCap,Endothelial,True,train
CTTCCTTAGTTGTACC-1_1,bpd,BPD7mo,gCap,gCap,Endothelial,True,train
TGGGATTTCCACGGAC-1_1,bpd,BPD7mo,gCap,gCap,Endothelial,True,train
ATTACTCCACCAGGTC-1_1,bpd,BPD7mo,gCap,gCap,Endothelial,True,train
TTACCGCAGGTCGTAG-1_1,bpd,BPD7mo,gCap,gCap,Endothelial,True,test
CTAGGTATCAATCGGT-1_1,bpd,BPD7mo,gCap,gCap,Endothelial,True,test
TCCTCGACAACCGCTG-1_1,bpd,BPD7mo,gCap,gCap,Endothelial,True,train
GGTCTGGAGTTTAGGA-1_1,bpd,BPD7mo,gCap,gCap,Endothelial,True,train
TGGTACAGTGGACAGT-1_1,bpd,BPD7mo,gCap,gCap,Endothelial,True,train
TATTGCTGTGTTGACT-1_1,bpd,BPD7mo,gCap,gCap,Endothelial,True,train
CACAGGCCACGAGAAC-1_1,bpd,BPD7mo,gCap,gCap,Endothelial,True,train
CGATCGGGTGTGTGTT-1_1,bpd,BPD7mo,gCap,gCap,Endothelial,True,train
CCCGGAACAAGTTGGG-1_1,bpd,BPD7mo,gCap,gCap,Endothelial,True,train
CAACAGTTCATTACCT-1_1,bpd,BPD7mo,gCap,gCap,Endothelial,True,test
TACTGCCCAGCCTACG-1_1,bpd,BPD7mo,gCap,gCap,Endothelial,True,train
ATGTCCCCAAGTTGGG-1_1,bpd,BPD7mo,gCap,gCap,Endothelial,True,train
AAGACAAAGGGAGTTC-1_1,bpd,BPD7mo,gCap,gCap,Endothelial,True,test
AAGACTCAGCACACCC-1_1,bpd,BPD7mo,gCap,gCap,Endothelial,True,train
AGAAGTAAGTGAGCCA-1_1,bpd,BPD7mo,gCap,gCap,Endothelial,True,train
AGGTAGGGTTCTCCAC-1_1,bpd,BPD7mo,gCap,gCap,Endothelial,True,train
TGATGCAAGCATGCGA-1_1,bpd,BPD7mo,gCap,gCap,Endothelial,True,train
CAACAACTCGGATACT-1_1,bpd,BPD7mo,gCap,gCap,Endothelial,True,train
TGCTTGCGTGGAACCA-1_1,bpd,BPD7mo,gCap,gCap,Endothelial,True,train
TCGATTTAGAAGGATG-1_1,bpd,BPD7mo,gCap,gCap,Endothelial,True,valid
TTAATCCTCTTGTGCC-1_1,bpd,BPD7mo,gCap,gCap,Endothelial,True,train
CTACGGGCATCCGGTG-1_1,bpd,BPD7mo,gCap,gCap,Endothelial,True,valid
GGAACCCCATGTTACG-1_1,bpd,BPD7mo,gCap,gCap,Endothelial,True,train
CTGCCATTCGTAGGAG-1_1,bpd,BPD7mo,gCap,gCap,Endothelial,True,train
TCCTAATAGGAACTAT-1_1,bpd,BPD7mo,gCap,gCap,Endothelial,True,train
AGGGTTTCATTCAGCA-1_1,bpd,BPD7mo,gCap,gCap,Endothelial,True,train
GGGACCTTCTTCCTAA-1_1,bpd,BPD7mo,gCap,gCap,Endothelial,True,train
ACTTCGCTCGGACCAC-1_1,bpd,BPD7mo,gCap,gCap,Endothelial,True,train
GTGTAACAGTTAGAAC-1_1,bpd,BPD7mo,gCap,gCap,Endothelial,True,train
TGACGCGGTAGGTGCA-1_1,bpd,BPD7mo,gCap,gCap,Endothelial,True,train
ATCTTCAAGTAGTCTC-1_1,bpd,BPD7mo,gCap,gCap,Endothelial,True,train
GGCTGTGGTCTGCCTT-1_1,bpd,BPD7mo,gCap,gCap,Endothelial,True,train
AAAGTGATCTGTCAGA-1_1,bpd,BPD7mo,gCap,gCap,Endothelial,True,train
CCGGACACACTCCGGA-1_1,bpd,BPD7mo,gCap,gCap,Endothelial,True,train
CGTTGGGAGGACTTCT-1_1,bpd,BPD7mo,gCap,gCap,Endothelial,True,train
AGTCACAGTCTACTGA-1_1,bpd,BPD7mo,gCap,gCap,Endothelial,True,train
AGAGCAGGTACACTCA-1_1,bpd,BPD7mo,gCap,gCap,Endothelial,True,train
GCGATCGGTAAGACCG-1_1,bpd,BPD7mo,gCap,gCap,Endothelial,True,train
GTCCTCAAGTCATCCA-1_1,bpd,BPD7mo,gCap,gCap,Endothelial,True,test
GTAGAAATCCTTACCG-1_1,bpd,BPD7mo,gCap,gCap,Endothelial,True,train
GCGTGCATCTATGTGG-1_1,bpd,BPD7mo,gCap,gCap,Endothelial,True,train
TCTGTCGTCAGCTCTC-1_1,bpd,BPD7mo,gCap,gCap,Endothelial,True,train
ATTTACCCATAATGCC-1_1,bpd,BPD7mo,gCap,gCap,Endothelial,True,train
CACTGGGGTAGATGTA-1_1,bpd,BPD7mo,gCap,gCap,Endothelial,True,train
TCACACCAGCTAATCC-1_2,bpd,BPD7mo,gCap,gCap,Endothelial,True,train
TGCGACGCAAATGCTC-1_2,bpd,BPD7mo,gCap,gCap,Endothelial,True,test
TAACTTCCATCCTTCG-1_2,bpd,BPD7mo,gCap,gCap,Endothelial,True,train
AAGTTCGAGCTGCCTG-1_2,bpd,BPD7mo,gCap,gCap,Endothelial,True,train
CTAGACACAACTCCCT-1_2,bpd,BPD7mo,gCap,gCap,Endothelial,True,train
CACAGATAGGCTCACC-1_2,bpd,BPD7mo,gCap,gCap,Endothelial,True,test
ACACTGATCTGTAACG-1_2,bpd,BPD7mo,gCap,gCap,Endothelial,True,train
ATCCACCTCAAGCGTT-1_2,bpd,BPD7mo,gCap,gCap,Endothelial,True,valid
GGTCTGGCAGCGTGCT-1_2,bpd,BPD7mo,gCap,gCap,Endothelial,True,train
TTAGGGTTCGCGCTGA-1_2,bpd,BPD7mo,gCap,gCap,Endothelial,True,train
GTTTGGAAGTTACGTC-1_2,bpd,BPD7mo,gCap,gCap,Endothelial,True,train
CATCCACCACTTGGCG-1_2,bpd,BPD7mo,gCap,gCap,Endothelial,True,train
ACATCCCTCTGTACAG-1_2,bpd,BPD7mo,gCap,gCap,Endothelial,True,train
CATTCCGCAAGACTGG-1_2,bpd,BPD7mo,gCap,gCap,Endothelial,True,test
CTTCTAAAGGTCGAGT-1_2,bpd,BPD7mo,gCap,gCap,Endothelial,True,train
CGAGGAATCTCCTGCA-1_2,bpd,BPD7mo,gCap,gCap,Endothelial,True,test
GAGACTTTCTTTGCGC-1_2,bpd,BPD7mo,gCap,gCap,Endothelial,True,train
ACTGCAACAAGTCATC-1_2,bpd,BPD7mo,gCap,gCap,Endothelial,True,valid
GGTAACTAGGAACGTC-1_2,bpd,BPD7mo,gCap,gCap,Endothelial,True,train
CATGCCTGTCGAGCTC-1_2,bpd,BPD7mo,gCap,gCap,Endothelial,True,train
CCGGGTAAGGATATAC-1_2,bpd,BPD7mo,gCap,gCap,Endothelial,True,train
CTACTATAGTTCCGGC-1_2,bpd,BPD7mo,gCap,gCap,Endothelial,True,train
GATAGCTGTACTTCCC-1_2,bpd,BPD7mo,gCap,gCap,Endothelial,True,train
TCGACGGGTAGAAACT-1_2,bpd,BPD7mo,gCap,gCap,Endothelial,True,test
GATCGTATCTGAGCAT-1_2,bpd,BPD7mo,gCap,gCap,Endothelial,True,train
ACACTGAGTACAGAAT-1_2,bpd,BPD7mo,gCap,gCap,Endothelial,True,train
AGCCACGAGATGCCGA-1_2,bpd,BPD7mo,gCap,gCap,Endothelial,True,train
TTTAGTCTCCGGACTG-1_2,bpd,BPD7mo,gCap,gCap,Endothelial,True,train
CGGGCATCATTGCCGG-1_2,bpd,BPD7mo,gCap,gCap,Endothelial,True,train
AATAGAGTCTGATGGT-1_2,bpd,BPD7mo,gCap,gCap,Endothelial,True,train
AGTGACTTCCTTCTTC-1_2,bpd,BPD7mo,gCap,gCap,Endothelial,True,train
TAGACCATCTCCGATC-1_2,bpd,BPD7mo,gCap,gCap,Endothelial,True,train
GATTGGTTCCAATCCC-1_2,bpd,BPD7mo,gCap,gCap,Endothelial,True,train
GATAGAACAAGACGAC-1_2,bpd,BPD7mo,gCap,gCap,Endothelial,True,test
GGGACAAGTTGTGGCC-1_2,bpd,BPD7mo,gCap,gCap,Endothelial,True,train
CACAACATCAATCTCT-1_2,bpd,BPD7mo,gCap,gCap,Endothelial,True,train
ATTCAGGCAATGCAAA-1_2,bpd,BPD7mo,gCap,gCap,Endothelial,True,train
ATCGTAGTCATCCTGC-1_2,bpd,BPD7mo,gCap,gCap,Endothelial,True,train
GGAACCCGTATGAGGC-1_2,bpd,BPD7mo,gCap,gCap,Endothelial,True,train
GTGTGATGTCCAGCGT-1_2,bpd,BPD7mo,gCap,gCap,Endothelial,True,test
ATCGTCCTCCGATAAC-1_2,bpd,BPD7mo,gCap,gCap,Endothelial,True,train
TCTATACCAGACATCT-1_2,bpd,BPD7mo,gCap,gCap,Endothelial,True,train
CTACCTGAGTCATCCA-1_2,bpd,BPD7mo,gCap,gCap,Endothelial,True,train
TACTGCCGTTGGCTAT-1_2,bpd,BPD7mo,gCap,gCap,Endothelial,True,train
GGGCCATTCGCCTTTG-1_2,bpd,BPD7mo,gCap,gCap,Endothelial,True,train
ACTATCTCATCGGAGA-1_2,bpd,BPD7mo,gCap,gCap,Endothelial,True,train
GGCTTGGCATCTGGGC-1_2,bpd,BPD7mo,gCap,gCap,Endothelial,True,train
CATACTTTCGTGGTAT-1_2,bpd,BPD7mo,gCap,gCap,Endothelial,True,train
ACTGTGACAAGTGGTG-1_2,bpd,BPD7mo,gCap,gCap,Endothelial,True,train
CAGTGCGAGAAGAGCA-1_2,bpd,BPD7mo,gCap,gCap,Endothelial,True,train
TTCTAGTAGTCAAGCG-1_2,bpd,BPD7mo,gCap,gCap,Endothelial,True,train
GGAACCCAGGCTCAAG-1_2,bpd,BPD7mo,gCap,gCap,Endothelial,True,train
ACGTTCCTCCCGTGAG-1_2,bpd,BPD7mo,gCap,gCap,Endothelial,True,test
GTAGCTAAGTAGTCCT-1_2,bpd,BPD7mo,gCap,gCap,Endothelial,True,train
CTGCTCATCTCATTAC-1_2,bpd,BPD7mo,gCap,gCap,Endothelial,True,train
TCAAGACTCGTTCCCA-1_2,bpd,BPD7mo,gCap,gCap,Endothelial,True,train
CAGATACTCCACTGAA-1_2,bpd,BPD7mo,gCap,gCap,Endothelial,True,train
AGACCATGTACCGGAA-1_2,bpd,BPD7mo,gCap,gCap,Endothelial,True,train
CCCGGAATCATTGAGC-1_2,bpd,BPD7mo,gCap,gCap,Endothelial,True,valid
GGGATCCGTCCATACA-1_2,bpd,BPD7mo,gCap,gCap,Endothelial,True,train
CGCAGGTAGAAGTATC-1_2,bpd,BPD7mo,gCap,gCap,Endothelial,True,test
TTCGGTCTCATTGTGG-1_2,bpd,BPD7mo,gCap,gCap,Endothelial,True,train
GGTCTGGAGTGTCATC-1_2,bpd,BPD7mo,gCap,gCap,Endothelial,True,train
TCCTAATTCTGTGTGA-1_2,bpd,BPD7mo,gCap,gCap,Endothelial,True,train
GATGACTTCCATGATG-1_2,bpd,BPD7mo,gCap,gCap,Endothelial,True,train
CATTCTAAGCCACAAG-1_2,bpd,BPD7mo,gCap,gCap,Endothelial,True,train
TGTAGACCAATTTCGG-1_2,bpd,BPD7mo,gCap,gCap,Endothelial,True,train
CATCCCACAAGCACCC-1_2,bpd,BPD7mo,gCap,gCap,Endothelial,True,train
ATTGTTCTCCACTTTA-1_2,bpd,BPD7mo,gCap,gCap,Endothelial,True,test
TTCTTGAGTTGCCAAT-1_2,bpd,BPD7mo,gCap,gCap,Endothelial,True,train
CGAGGAATCCGACATA-1_2,bpd,BPD7mo,gCap,gCap,Endothelial,True,train
AGGGTGATCACCCTTG-1_2,bpd,BPD7mo,gCap,gCap,Endothelial,True,train
AGCGCTGCAATTGCTG-1_2,bpd,BPD7mo,gCap,gCap,Endothelial,True,test
TGTGTGATCACCATCC-1_2,bpd,BPD7mo,gCap,gCap,Endothelial,True,train
CTGCTGTTCGCCCTTA-1_2_1,bpd,BPDPH7mo,Pericyte,Pericyte,Mesenchymal,True,train
CTTACCGGTTATCCGA-1_2_1,bpd,BPDPH7mo,Pericyte,Pericyte,Mesenchymal,True,train
TGGCCAGCAAGGTTTC-1_2_1,bpd,BPDPH7mo,Pericyte,Pericyte,Mesenchymal,True,train
CCCAGTTGTTCCATGA-1_2_1,bpd,BPDPH7mo,Pericyte,Pericyte,Mesenchymal,True,valid
GAAACTCGTCAGCTAT-1_2_1,bpd,BPDPH7mo,Pericyte,Pericyte,Mesenchymal,True,train
AACTGGTTCGGTCCGA-1_2_1,bpd,BPDPH7mo,Pericyte,Pericyte,Mesenchymal,True,train
ACAGCTAAGCCACTAT-1_2_1,bpd,BPDPH7mo,Pericyte,Pericyte,Mesenchymal,True,train
AAGGCAGCACAACTGT-1_2_1,bpd,BPDPH7mo,Pericyte,Pericyte,Mesenchymal,True,test
TTAGGACTCAGCTCGG-1_2_1,bpd,BPDPH7mo,Pericyte,Pericyte,Mesenchymal,True,train
GCAATCATCTCGAGTA-1_2_1,bpd,BPDPH7mo,Pericyte,Pericyte,Mesenchymal,True,train
CAAGGCCAGATATGCA-1_2_1,bpd,BPDPH7mo,Pericyte,Pericyte,Mesenchymal,True,train
GACGGCTGTTAGTGGG-1_2_1,bpd,BPDPH7mo,Pericyte,Pericyte,Mesenchymal,True,train
CAGTAACGTAGCAAAT-1_2_1,bpd,BPDPH7mo,Pericyte,Pericyte,Mesenchymal,True,train
CGTCTACGTGTGCGTC-1_2_1,bpd,BPDPH7mo,Pericyte,Pericyte,Mesenchymal,True,test
TTCTCAATCCAAACAC-1_2_1,bpd,BPDPH7mo,Pericyte,Pericyte,Mesenchymal,True,train
TTGGAACTCGGCCGAT-1_2_1,bpd,BPDPH7mo,Pericyte,Pericyte,Mesenchymal,True,train
TTAGGACAGAAGATTC-1_2_1,bpd,BPDPH7mo,Pericyte,Pericyte,Mesenchymal,True,train
ATAAGAGGTGTCAATC-1_2_1,bpd,BPDPH7mo,Pericyte,Pericyte,Mesenchymal,True,train
TTTGGTTCAGCCTATA-1_2_1,bpd,BPDPH7mo,Pericyte,Pericyte,Mesenchymal,True,train
TCTTTCCCAAAGGAAG-1_2_1,bpd,BPDPH7mo,Pericyte,Pericyte,Mesenchymal,True,train
GAAATGATCTGGTATG-1_2_1,bpd,BPDPH7mo,Pericyte,Pericyte,Mesenchymal,True,train
AACCGCGAGCCAGTTT-1_2_1,bpd,BPDPH7mo,Pericyte,Pericyte,Mesenchymal,True,train
AGCGTCGAGAGACTTA-1_2_1,bpd,BPDPH7mo,Pericyte,Pericyte,Mesenchymal,True,train
AAACGGGGTGTGCCTG-1_2_1,bpd,BPDPH7mo,Pericyte,Pericyte,Mesenchymal,True,train
CACCAGGCACATTTCT-1_2_1,bpd,BPDPH7mo,Pericyte,Pericyte,Mesenchymal,True,test
GCCAAATCAATCGAAA-1_2_1,bpd,BPDPH7mo,Pericyte,Pericyte,Mesenchymal,True,train
GGGAATGGTGTGACCC-1_2_1,bpd,BPDPH7mo,Pericyte,Pericyte,Mesenchymal,True,train
TCTCTAAAGACTAGAT-1_2_1,bpd,BPDPH7mo,Pericyte,Pericyte,Mesenchymal,True,train
GGTGAAGTCTCCTATA-1_2_1,bpd,BPDPH7mo,Pericyte,Pericyte,Mesenchymal,True,train
GGGACCTCAGCATACT-1_2_1,bpd,BPDPH7mo,Pericyte,Pericyte,Mesenchymal,True,train
TACACGATCGGATGGA-1_2_1,bpd,BPDPH7mo,Pericyte,Pericyte,Mesenchymal,True,train
GGGAGATTCTCTTGAT-1_2_1,bpd,BPDPH7mo,Pericyte,Pericyte,Mesenchymal,True,train
GTATCTTTCATGTCTT-1_2_1,bpd,BPDPH7mo,Pericyte,Pericyte,Mesenchymal,True,train
CCTAAAGAGGATATAC-1_2_1,bpd,BPDPH7mo,Pericyte,Pericyte,Mesenchymal,True,train
ATTCTACAGGCGACAT-1_2_1,bpd,BPDPH7mo,Pericyte,Pericyte,Mesenchymal,True,train
TTTACTGAGTATGACA-1_2_1,bpd,BPDPH7mo,Pericyte,Pericyte,Mesenchymal,True,train
ATGCGATAGGCAATTA-1_2_1,bpd,BPDPH7mo,Pericyte,Pericyte,Mesenchymal,True,train
GCACATACATGCTAGT-1_2_1,bpd,BPDPH7mo,Pericyte,Pericyte,Mesenchymal,True,train
CAGAATCAGGACAGCT-1_2_1,bpd,BPDPH7mo,Pericyte,Pericyte,Mesenchymal,True,test
CCACGGAGTTCCATGA-1_2_1,bpd,BPDPH7mo,Pericyte,Pericyte,Mesenchymal,True,train
TCAGATGTCGAACTGT-1_2_1,bpd,BPDPH7mo,Pericyte,Pericyte,Mesenchymal,True,train
GCATGATTCTGCAAGT-1_2_1,bpd,BPDPH7mo,Pericyte,Pericyte,Mesenchymal,True,train
AGGGATGCAGCAGTTT-1_2_1,bpd,BPDPH7mo,Pericyte,Pericyte,Mesenchymal,True,train
GTGCAGCTCTTCAACT-1_2_1,bpd,BPDPH7mo,Pericyte,Pericyte,Mesenchymal,True,train
CTGCCTAAGGCAATTA-1_2_1,bpd,BPDPH7mo,Pericyte,Pericyte,Mesenchymal,True,test
ATGGGAGTCCACTGGG-1_2_1,bpd,BPDPH7mo,Pericyte,Pericyte,Mesenchymal,True,train
CCGTTCAGTTACGACT-1_2_1,bpd,BPDPH7mo,Pericyte,Pericyte,Mesenchymal,True,train
TTGAACGAGATCACGG-1_2_1,bpd,BPDPH7mo,Pericyte,Pericyte,Mesenchymal,True,train
TCGTAGAAGGCAATTA-1_2_1,bpd,BPDPH7mo,Pericyte,Pericyte,Mesenchymal,True,train
ATCTGCCAGTGTTTGC-1_2_1,bpd,BPDPH7mo,Pericyte,Pericyte,Mesenchymal,True,train
GCCAAATAGGTAAACT-1_2_1,bpd,BPDPH7mo,Pericyte,Pericyte,Mesenchymal,True,train
CTCGTACGTAAACACA-1_2_1,bpd,BPDPH7mo,Pericyte,Pericyte,Mesenchymal,True,train
CTCACACAGACTAAGT-1_2_1,bpd,BPDPH7mo,Pericyte,Pericyte,Mesenchymal,True,train
AATCCAGAGGCACATG-1_2_1,bpd,BPDPH7mo,Pericyte,Pericyte,Mesenchymal,True,train
ACCCACTGTGCAGTAG-1_2_1,bpd,BPDPH7mo,Pericyte,Pericyte,Mesenchymal,True,train
CCATTCGCATGACGGA-1_2_1,bpd,BPDPH7mo,Pericyte,Pericyte,Mesenchymal,True,train
CGCTTCATCTAGAGTC-1_2_1,bpd,BPDPH7mo,Pericyte,Pericyte,Mesenchymal,True,test
CATATTCCAGCCAGAA-1_2_1,bpd,BPDPH7mo,Pericyte,Pericyte,Mesenchymal,True,train
GCTGGGTGTGGTCTCG-1_2_1,bpd,BPDPH7mo,Pericyte,Pericyte,Mesenchymal,True,test
AGGTCCGCATATACCG-1_2_1,bpd,BPDPH7mo,Pericyte,Pericyte,Mesenchymal,True,train
ACTGCTCCAGTAGAGC-1_2_1,bpd,BPDPH7mo,Pericyte,Pericyte,Mesenchymal,True,train
ATCCGAACACCTATCC-1_2_1,bpd,BPDPH7mo,Pericyte,Pericyte,Mesenchymal,True,train
CCGTACTGTTTGACAC-1_2_1,bpd,BPDPH7mo,Pericyte,Pericyte,Mesenchymal,True,train
ACTATCTGTTCGTCTC-1_2_1,bpd,BPDPH7mo,Pericyte,Pericyte,Mesenchymal,True,train
TGGCCAGTCGTGACAT-1_2_1,bpd,BPDPH7mo,Pericyte,Pericyte,Mesenchymal,True,train
CTAAGACGTTTCGCTC-1_2_1,bpd,BPDPH7mo,Pericyte,Pericyte,Mesenchymal,True,train
TGGTTAGTCAACACCA-1_2_1,bpd,BPDPH7mo,Pericyte,Pericyte,Mesenchymal,True,train
TACTTGTGTTCGTCTC-1_2_1,bpd,BPDPH7mo,Pericyte,Pericyte,Mesenchymal,True,train
CACACAAGTCATTAGC-1_2_1,bpd,BPDPH7mo,Pericyte,Pericyte,Mesenchymal,True,train
ACGATGTCATCGTCGG-1_2_1,bpd,BPDPH7mo,Pericyte,Pericyte,Mesenchymal,True,train
AGCAGCCCAGCCTTTC-1_2_1,bpd,BPDPH7mo,Pericyte,Pericyte,Mesenchymal,True,train
AGCGGTCTCACTTCAT-1_2_1,bpd,BPDPH7mo,Pericyte,Pericyte,Mesenchymal,True,train
GGGACCTCACTCGACG-1_2_1,bpd,BPDPH7mo,Pericyte,Pericyte,Mesenchymal,True,train
GGGTTGCTCATTGCCC-1_2_1,bpd,BPDPH7mo,Pericyte,Pericyte,Mesenchymal,True,train
TGACAACCACACAGAG-1_2_1,bpd,BPDPH7mo,Pericyte,Pericyte,Mesenchymal,True,test
TAGTTGGGTATCTGCA-1_2_1,bpd,BPDPH7mo,Pericyte,Pericyte,Mesenchymal,True,train
TGGCTGGTCTACGAGT-1_2_1,bpd,BPDPH7mo,Pericyte,Pericyte,Mesenchymal,True,train
CATATTCCACACATGT-1_2_1,bpd,BPDPH7mo,Pericyte,Pericyte,Mesenchymal,True,train
GAAATGATCTTTAGTC-1_2_1,bpd,BPDPH7mo,Pericyte,Pericyte,Mesenchymal,True,train
CTGGTCTGTAGCGTCC-1_2_1,bpd,BPDPH7mo,Pericyte,Pericyte,Mesenchymal,True,train
CCGGTAGTCACCGTAA-1_2_1,bpd,BPDPH7mo,Pericyte,Pericyte,Mesenchymal,True,train
ATTTCTGTCTGTGCAA-1_2_1,bpd,BPDPH7mo,Pericyte,Pericyte,Mesenchymal,True,train
CCTTCGATCGAGAGCA-1_2_1,bpd,BPDPH7mo,Pericyte,Pericyte,Mesenchymal,True,train
CGAGCACTCAGCACAT-1_2_1,bpd,BPDPH7mo,Pericyte,Pericyte,Mesenchymal,True,train
TTGTAGGGTGGCCCTA-1_2_1,bpd,BPDPH7mo,Pericyte,Pericyte,Mesenchymal,True,train
ACGCCAGTCCTAGAAC-1_2_1,bpd,BPDPH7mo,Pericyte,Pericyte,Mesenchymal,True,test
CAACTAGTCCGGCACA-1_2_1,bpd,BPDPH7mo,Pericyte,Pericyte,Mesenchymal,True,train
GATTCAGAGTGCTGCC-1_2_1,bpd,BPDPH7mo,Pericyte,Pericyte,Mesenchymal,True,test
ACCTTTACATGCAATC-1_2_1,bpd,BPDPH7mo,Pericyte,Pericyte,Mesenchymal,True,train
CCTTACGGTAAATACG-1_2_1,bpd,BPDPH7mo,Pericyte,Pericyte,Mesenchymal,True,train
TGGCCAGTCTAACTTC-1_2_1,bpd,BPDPH7mo,Pericyte,Pericyte,Mesenchymal,True,train
CCTTACGGTATAATGG-1_2_1,bpd,BPDPH7mo,Pericyte,Pericyte,Mesenchymal,True,test
CATCGGGCATATGAGA-1_2_1,bpd,BPDPH7mo,Pericyte,Pericyte,Mesenchymal,True,train
CTTAACTCAATCGAAA-1_2_1,bpd,BPDPH7mo,Pericyte,Pericyte,Mesenchymal,True,train
ATCGAGTAGAGTGAGA-1_2_1,bpd,BPDPH7mo,Pericyte,Pericyte,Mesenchymal,True,train
TGACTAGTCACGAAGG-1_2_1,bpd,BPDPH7mo,Pericyte,Pericyte,Mesenchymal,True,train
CAAGGCCGTCTTGTCC-1_2_1,bpd,BPDPH7mo,Pericyte,Pericyte,Mesenchymal,True,train
AGCTCCTAGGGTCTCC-1_2_1,bpd,BPDPH7mo,Pericyte,Pericyte,Mesenchymal,True,train
GCATGCGGTCGAAAGC-1_2_1,bpd,BPDPH7mo,Pericyte,Pericyte,Mesenchymal,True,train
CGACCTTCAGGATTGG-1_2_1,bpd,BPDPH7mo,Pericyte,Pericyte,Mesenchymal,True,train
CTAAGACTCGGTTAAC-1_2_1,bpd,BPDPH7mo,Pericyte,Pericyte,Mesenchymal,True,train
GTATCTTAGACAGAGA-1_2_1,bpd,BPDPH7mo,Pericyte,Pericyte,Mesenchymal,True,train
ATTATCCGTGCGAAAC-1_2_1,bpd,BPDPH7mo,Pericyte,Pericyte,Mesenchymal,True,test
GTTCATTAGGAGTAGA-1_2_1,bpd,BPDPH7mo,Pericyte,Pericyte,Mesenchymal,True,test
AGTCTTTCACCACCAG-1_2_1,bpd,BPDPH7mo,Pericyte,Pericyte,Mesenchymal,True,train
TCGGTAAAGGTGTTAA-1_2_1,bpd,BPDPH7mo,Pericyte,Pericyte,Mesenchymal,True,train
ACATCAGTCAACGCTA-1_2_1,bpd,BPDPH7mo,Pericyte,Pericyte,Mesenchymal,True,train
CGGACGTTCCAGTAGT-1_2_1,bpd,BPDPH7mo,Pericyte,Pericyte,Mesenchymal,True,train
TGACTAGTCGCCATAA-1_2_1,bpd,BPDPH7mo,Pericyte,Pericyte,Mesenchymal,True,train
TTGCCGTCACTGTTAG-1_2_1,bpd,BPDPH7mo,Pericyte,Pericyte,Mesenchymal,True,train
TGCCCATAGCTGATAA-1_2_1,bpd,BPDPH7mo,Pericyte,Pericyte,Mesenchymal,True,train
GCATGCGGTGGCGAAT-1_2_1,bpd,BPDPH7mo,Pericyte,Pericyte,Mesenchymal,True,train
GGAAAGCTCAGAGCTT-1_2_1,bpd,BPDPH7mo,Pericyte,Pericyte,Mesenchymal,True,train
GGCGTGTCACGTAAGG-1_2_1,bpd,BPDPH7mo,Pericyte,Pericyte,Mesenchymal,True,train
CTGGTCTCAGTGGAGT-1_2_1,bpd,BPDPH7mo,Pericyte,Pericyte,Mesenchymal,True,train
CACTCCATCGCTTGTC-1_2_1,bpd,BPDPH7mo,Pericyte,Pericyte,Mesenchymal,True,train
ATAGACCCACATTTCT-1_2_1,bpd,BPDPH7mo,Pericyte,Pericyte,Mesenchymal,True,train
CAAGGCCAGGATTCGG-1_2_1,bpd,BPDPH7mo,Pericyte,Pericyte,Mesenchymal,True,train
CGATTGACAAGAAGAG-1_2_1,bpd,BPDPH7mo,Pericyte,Pericyte,Mesenchymal,True,train
TTCTACATCAACACTG-1_2_1,bpd,BPDPH7mo,Pericyte,Pericyte,Mesenchymal,True,train
GGGAATGCAAGTTAAG-1_2_1,bpd,BPDPH7mo,Pericyte,Pericyte,Mesenchymal,True,train
TATCTCACACCGCTAG-1_2_1,bpd,BPDPH7mo,Pericyte,Pericyte,Mesenchymal,True,test
AGATCTGGTCTGCAAT-1_2_1,bpd,BPDPH7mo,Pericyte,Pericyte,Mesenchymal,True,train
GCGCGATGTCTGATTG-1_2_1,bpd,BPDPH7mo,Pericyte,Pericyte,Mesenchymal,True,train
ATCCACCAGCCCGAAA-1_2_1,bpd,BPDPH7mo,Pericyte,Pericyte,Mesenchymal,True,train
CAGATCAAGACAGACC-1_2_1,bpd,BPDPH7mo,Pericyte,Pericyte,Mesenchymal,True,train
AGCTCTCAGGAGTTTA-1_2_1,bpd,BPDPH7mo,Pericyte,Pericyte,Mesenchymal,True,train
TTTGGTTAGGGATCTG-1_2_1,bpd,BPDPH7mo,Pericyte,Pericyte,Mesenchymal,True,train
GGACAAGTCAGCAACT-1_2_1,bpd,BPDPH7mo,Pericyte,Pericyte,Mesenchymal,True,train
GTTCATTCATTATCTC-1_2_1,bpd,BPDPH7mo,Pericyte,Pericyte,Mesenchymal,True,train
GATTCAGTCCGCAGTG-1_2_1,bpd,BPDPH7mo,Pericyte,Pericyte,Mesenchymal,True,train
GGGAATGAGGCACATG-1_2_1,bpd,BPDPH7mo,Pericyte,Pericyte,Mesenchymal,True,train
AGCGGTCGTCACAAGG-1_2_1,bpd,BPDPH7mo,Pericyte,Pericyte,Mesenchymal,True,train
CAGCATATCTTGTCAT-1_2_1,bpd,BPDPH7mo,Pericyte,Pericyte,Mesenchymal,True,train
AGCAGCCGTGAAAGAG-1_2_1,bpd,BPDPH7mo,Pericyte,Pericyte,Mesenchymal,True,train
AGATCTGGTTCCACGG-1_2_1,bpd,BPDPH7mo,Pericyte,Pericyte,Mesenchymal,True,train
TCAACGATCTTGGGTA-1_2_1,bpd,BPDPH7mo,Pericyte,Pericyte,Mesenchymal,True,train
TGCGCAGGTAACGCGA-1_2_1,bpd,BPDPH7mo,Pericyte,Pericyte,Mesenchymal,True,train
GATCTAGGTGCAGTAG-1_2_1,bpd,BPDPH7mo,Pericyte,Pericyte,Mesenchymal,True,train
TTGTAGGGTCCAAGTT-1_2_1,bpd,BPDPH7mo,Pericyte,Pericyte,Mesenchymal,True,train
TAAGAGACAAGTTAAG-1_2_1,bpd,BPDPH7mo,Pericyte,Pericyte,Mesenchymal,True,train
CTACATTAGAAACCGC-1_2_1,bpd,BPDPH7mo,Pericyte,Pericyte,Mesenchymal,True,train
TGTGTTTCAGCCAGAA-1_2_1,bpd,BPDPH7mo,Pericyte,Pericyte,Mesenchymal,True,test
GACTGCGTCTACTCAT-1_2_1,bpd,BPDPH7mo,Pericyte,Pericyte,Mesenchymal,True,test
TTTATGCGTAGGCTGA-1_2_1,bpd,BPDPH7mo,Pericyte,Pericyte,Mesenchymal,True,train
ACGCCAGGTGTTCGAT-1_2_1,bpd,BPDPH7mo,Pericyte,Pericyte,Mesenchymal,True,test
CGGCTAGGTGCAACGA-1_2_1,bpd,BPDPH7mo,Pericyte,Pericyte,Mesenchymal,True,train
TCTCTAAAGCTGATAA-1_2_1,bpd,BPDPH7mo,Pericyte,Pericyte,Mesenchymal,True,train
CTAACTTCACTCAGGC-1_2_1,bpd,BPDPH7mo,Pericyte,Pericyte,Mesenchymal,True,test
CTCAGAACATGCCTTC-1_2_1,bpd,BPDPH7mo,Pericyte,Pericyte,Mesenchymal,True,train
CTAGAGTGTAGCGCTC-1_2_1,bpd,BPDPH7mo,Pericyte,Pericyte,Mesenchymal,True,train
GTATTCTAGGTAGCTG-1_2_1,bpd,BPDPH7mo,Pericyte,Pericyte,Mesenchymal,True,test
TGACGGCGTGAAGGCT-1_2_1,bpd,BPDPH7mo,Pericyte,Pericyte,Mesenchymal,True,test
GACCTGGTCCTTCAAT-1_2_1,bpd,BPDPH7mo,Pericyte,Pericyte,Mesenchymal,True,train
GTGAAGGTCTCCGGTT-1_2_1,bpd,BPDPH7mo,Pericyte,Pericyte,Mesenchymal,True,test
AGTGTCAGTTCTCATT-1_2_1,bpd,BPDPH7mo,Pericyte,Pericyte,Mesenchymal,True,train
ACTGTCCGTGTCGCTG-1_2_1,bpd,BPDPH7mo,Pericyte,Pericyte,Mesenchymal,True,train
ATAGACCAGTTACCCA-1_2_1,bpd,BPDPH7mo,Pericyte,Pericyte,Mesenchymal,True,train
GCGGGTTAGTGTACCT-1_2_1,bpd,BPDPH7mo,Pericyte,Pericyte,Mesenchymal,True,train
CTCAGAATCGGGAGTA-1_1,bpd,BPDPH7mo,Pericyte,Pericyte,Mesenchymal,True,train
CTCGTCATCAACACGT-1_1,bpd,BPDPH7mo,Pericyte,Pericyte,Mesenchymal,True,test
TCACAAGAGAGACTAT-1_1,bpd,BPDPH7mo,Pericyte,Pericyte,Mesenchymal,True,train
CCTTTCTCATACGCCG-1_1,bpd,BPDPH7mo,Pericyte,Pericyte,Mesenchymal,True,train
GTACTTTAGGTTACCT-1_1,bpd,BPDPH7mo,Pericyte,Pericyte,Mesenchymal,True,train
TCTCATATCCCTAACC-1_1,bpd,BPDPH7mo,Pericyte,Pericyte,Mesenchymal,True,train
CCTTACGAGGCTCATT-1_1,bpd,BPDPH7mo,Pericyte,Pericyte,Mesenchymal,True,train
TCAGATGGTCGCGAAA-1_1,bpd,BPDPH7mo,Pericyte,Pericyte,Mesenchymal,True,test
CTAGAGTAGATGTTAG-1_1,bpd,BPDPH7mo,Pericyte,Pericyte,Mesenchymal,True,train
CACCACTAGTTGTCGT-1_1,bpd,BPDPH7mo,Pericyte,Pericyte,Mesenchymal,True,train
TCGGGACGTATCGCAT-1_1,bpd,BPDPH7mo,Pericyte,Pericyte,Mesenchymal,True,train
AGCGTATTCTGAAAGA-1_1,bpd,BPDPH7mo,Pericyte,Pericyte,Mesenchymal,True,train
TTGCCGTTCACCGTAA-1_1,bpd,BPDPH7mo,Pericyte,Pericyte,Mesenchymal,True,test
CTGAAACGTTCAGGCC-1_1,bpd,BPDPH7mo,Pericyte,Pericyte,Mesenchymal,True,train
ACGATACAGGGATGGG-1_1,bpd,BPDPH7mo,Pericyte,Pericyte,Mesenchymal,True,train
GTACTCCGTTGGTAAA-1_1,bpd,BPDPH7mo,Pericyte,Pericyte,Mesenchymal,True,train
TTTGGTTGTTCGAATC-1_1,bpd,BPDPH7mo,Pericyte,Pericyte,Mesenchymal,True,test
TACAGTGTCTGAGTGT-1_1,bpd,BPDPH7mo,Pericyte,Pericyte,Mesenchymal,True,train
TGCCAAACACGGTAGA-1_1,bpd,BPDPH7mo,Pericyte,Pericyte,Mesenchymal,True,test
TTCTCAAAGACTGGGT-1_1,bpd,BPDPH7mo,Pericyte,Pericyte,Mesenchymal,True,train
GCATGCGTCCAAACAC-1_1,bpd,BPDPH7mo,Pericyte,Pericyte,Mesenchymal,True,test
GCAGTTAAGCCAGGAT-1_1,bpd,BPDPH7mo,Pericyte,Pericyte,Mesenchymal,True,train
CTAGCCTAGACACGAC-1_1,bpd,BPDPH7mo,Pericyte,Pericyte,Mesenchymal,True,train
TCCCGATAGGCATGTG-1_1,bpd,BPDPH7mo,Pericyte,Pericyte,Mesenchymal,True,train
ATTACTCAGTGGAGTC-1_1,bpd,BPDPH7mo,Pericyte,Pericyte,Mesenchymal,True,test
TCAATCTCATGAACCT-1_1,bpd,BPDPH7mo,Pericyte,Pericyte,Mesenchymal,True,train
TGGTTCCCATGCCTAA-1_1,bpd,BPDPH7mo,Pericyte,Pericyte,Mesenchymal,True,test
CACCACTAGGGAGTAA-1_1,bpd,BPDPH7mo,Pericyte,Pericyte,Mesenchymal,True,train
CGCTGGAGTTGGTTTG-1_1,bpd,BPDPH7mo,Pericyte,Pericyte,Mesenchymal,True,test
CTGCTGTGTATATGAG-1_1,bpd,BPDPH7mo,Pericyte,Pericyte,Mesenchymal,True,train
GACGTTACAAACAACA-1_1,bpd,BPDPH7mo,Pericyte,Pericyte,Mesenchymal,True,train
GTGTGCGTCAGCACAT-1_1,bpd,BPDPH7mo,Pericyte,Pericyte,Mesenchymal,True,train
CCACCTACACAGAGGT-1_1,bpd,BPDPH7mo,Pericyte,Pericyte,Mesenchymal,True,test
ACTTGTTGTCTAGTGT-1_1,bpd,BPDPH7mo,Pericyte,Pericyte,Mesenchymal,True,train
TCTGAGATCATTTGGG-1_1,bpd,BPDPH7mo,Pericyte,Pericyte,Mesenchymal,True,test
CATCAAGGTGAGCGAT-1_1,bpd,BPDPH7mo,Pericyte,Pericyte,Mesenchymal,True,train
ATTTCTGGTGACTACT-1_1,bpd,BPDPH7mo,Pericyte,Pericyte,Mesenchymal,True,train
GGGAGATTCTTGTCAT-1_1,bpd,BPDPH7mo,Pericyte,Pericyte,Mesenchymal,True,train
GTTCTCGCATGCCACG-1_1,bpd,BPDPH7mo,Pericyte,Pericyte,Mesenchymal,True,train
ATCCACCAGCGATAGC-1_1,bpd,BPDPH7mo,Pericyte,Pericyte,Mesenchymal,True,train
AAGCCGCCAAGTAGTA-1_1,bpd,BPDPH7mo,Pericyte,Pericyte,Mesenchymal,True,train
ACGCCAGGTATTACCG-1_1,bpd,BPDPH7mo,Pericyte,Pericyte,Mesenchymal,True,valid
AAGTCTGTCTGTCTAT-1_1,bpd,BPDPH7mo,Pericyte,Pericyte,Mesenchymal,True,train
GTCTCGTCATGGTCAT-1_1,bpd,BPDPH7mo,Pericyte,Pericyte,Mesenchymal,True,train
GAAGCAGAGCAGCCTC-1_1,bpd,BPDPH7mo,Pericyte,Pericyte,Mesenchymal,True,train
CGTAGCGAGACTGTAA-1_1,bpd,BPDPH7mo,Pericyte,Pericyte,Mesenchymal,True,train
TCACAAGTCTTACCGC-1_1,bpd,BPDPH7mo,Pericyte,Pericyte,Mesenchymal,True,train
GCATGATGTAAGTAGT-1_1,bpd,BPDPH7mo,Pericyte,Pericyte,Mesenchymal,True,train
AGTGTCACAGTCAGCC-1_1,bpd,BPDPH7mo,Pericyte,Pericyte,Mesenchymal,True,train
CTTCTCTAGTACGACG-1_1,bpd,BPDPH7mo,Pericyte,Pericyte,Mesenchymal,True,train
CATTATCAGGAGTCTG-1_1,bpd,BPDPH7mo,Pericyte,Pericyte,Mesenchymal,True,train
GAATGAACACGGCGTT-1_1,bpd,BPDPH7mo,Pericyte,Pericyte,Mesenchymal,True,train
GAAACTCGTGAGCGAT-1_1,bpd,BPDPH7mo,Pericyte,Pericyte,Mesenchymal,True,train
AGCCTAACAGGGTATG-1_2_1,bpd,BPDPH7mo,Pulmonary venous EC,Pulmonary venous EC,Endothelial,True,train
TCAGCTCCAGTTTACG-1_2_1,bpd,BPDPH7mo,Pulmonary venous EC,Pulmonary venous EC,Endothelial,True,train
TAGCCGGCACTGTTAG-1_2_1,bpd,BPDPH7mo,Pulmonary venous EC,Pulmonary venous EC,Endothelial,True,train
TTTGGTTCAAGTCTGT-1_2_1,bpd,BPDPH7mo,Pulmonary venous EC,Pulmonary venous EC,Endothelial,True,train
TCTTTCCGTGGAAAGA-1_2_1,bpd,BPDPH7mo,Pulmonary venous EC,Pulmonary venous EC,Endothelial,True,train
AGCTTGATCGGTTCGG-1_2_1,bpd,BPDPH7mo,Pulmonary venous EC,Pulmonary venous EC,Endothelial,True,train
CTGGTCTAGTGTGGCA-1_2_1,bpd,BPDPH7mo,Pulmonary venous EC,Pulmonary venous EC,Endothelial,True,train
TAGGCATAGAAGGACA-1_2_1,bpd,BPDPH7mo,Pulmonary venous EC,Pulmonary venous EC,Endothelial,True,train
CTTCTCTAGATACACA-1_2_1,bpd,BPDPH7mo,Pulmonary venous EC,Pulmonary venous EC,Endothelial,True,train
TTCGGTCCAGCTGCTG-1_2_1,bpd,BPDPH7mo,Pulmonary venous EC,Pulmonary venous EC,Endothelial,True,train
CTGGTCTAGTGTGAAT-1_2_1,bpd,BPDPH7mo,Pulmonary venous EC,Pulmonary venous EC,Endothelial,True,train
ATGAGGGTCCGAACGC-1_2_1,bpd,BPDPH7mo,Pulmonary venous EC,Pulmonary venous EC,Endothelial,True,train
AGGTCCGGTTGGAGGT-1_2_1,bpd,BPDPH7mo,Pulmonary venous EC,Pulmonary venous EC,Endothelial,True,test
ACAGCCGAGGCTACGA-1_2_1,bpd,BPDPH7mo,Pulmonary venous EC,Pulmonary venous EC,Endothelial,True,train
TCTCATAAGCGATATA-1_2_1,bpd,BPDPH7mo,Pulmonary venous EC,Pulmonary venous EC,Endothelial,True,train
TCACAAGGTTTGACTG-1_2_1,bpd,BPDPH7mo,Pulmonary venous EC,Pulmonary venous EC,Endothelial,True,train
CGACTTCTCACTTATC-1_2_1,bpd,BPDPH7mo,Pulmonary venous EC,Pulmonary venous EC,Endothelial,True,train
CGATGTAGTAGAGTGC-1_2_1,bpd,BPDPH7mo,Pulmonary venous EC,Pulmonary venous EC,Endothelial,True,train
GCATGATCAGCCAATT-1_2_1,bpd,BPDPH7mo,Pulmonary venous EC,Pulmonary venous EC,Endothelial,True,train
AGTAGTCAGCTAGTTC-1_2_1,bpd,BPDPH7mo,Pulmonary venous EC,Pulmonary venous EC,Endothelial,True,test
TGGGCGTAGTTAAGTG-1_2_1,bpd,BPDPH7mo,Pulmonary venous EC,Pulmonary venous EC,Endothelial,True,train
TCACAAGAGGGTATCG-1_2_1,bpd,BPDPH7mo,Pulmonary venous EC,Pulmonary venous EC,Endothelial,True,test
ATCCGAATCAGAAATG-1_2_1,bpd,BPDPH7mo,Pulmonary venous EC,Pulmonary venous EC,Endothelial,True,train
CCAATCCTCGCCAGCA-1_2_1,bpd,BPDPH7mo,Pulmonary venous EC,Pulmonary venous EC,Endothelial,True,train
CGTCCATAGAGCTGGT-1_2_1,bpd,BPDPH7mo,Pulmonary venous EC,Pulmonary venous EC,Endothelial,True,test
TGACGGCCATGGTCAT-1_2_1,bpd,BPDPH7mo,Pulmonary venous EC,Pulmonary venous EC,Endothelial,True,train
TCATTTGCAAGTTCTG-1_2_1,bpd,BPDPH7mo,Pulmonary venous EC,Pulmonary venous EC,Endothelial,True,train
TTCTTAGAGATGCCTT-1_2_1,bpd,BPDPH7mo,Pulmonary venous EC,Pulmonary venous EC,Endothelial,True,train
TTGGAACGTGAGCGAT-1_2_1,bpd,BPDPH7mo,Pulmonary venous EC,Pulmonary venous EC,Endothelial,True,train
CGAATGTCAGTTAACC-1_2_1,bpd,BPDPH7mo,Pulmonary venous EC,Pulmonary venous EC,Endothelial,True,train
CTCGAAATCCGAGCCA-1_2_1,bpd,BPDPH7mo,Pulmonary venous EC,Pulmonary venous EC,Endothelial,True,train
TGAAAGAAGGCCGAAT-1_2_1,bpd,BPDPH7mo,Pulmonary venous EC,Pulmonary venous EC,Endothelial,True,test
GTCCTCAGTAGCACGA-1_2_1,bpd,BPDPH7mo,Pulmonary venous EC,Pulmonary venous EC,Endothelial,True,train
GGGTCTGAGTCATCCA-1_2_1,bpd,BPDPH7mo,Pulmonary venous EC,Pulmonary venous EC,Endothelial,True,train
CTAAGACCACACATGT-1_2_1,bpd,BPDPH7mo,Pulmonary venous EC,Pulmonary venous EC,Endothelial,True,train
TGGTTCCCATAGTAAG-1_2_1,bpd,BPDPH7mo,Pulmonary venous EC,Pulmonary venous EC,Endothelial,True,test
CACACCTGTACTTGAC-1_2_1,bpd,BPDPH7mo,Pulmonary venous EC,Pulmonary venous EC,Endothelial,True,train
TGACGGCAGCCAGTAG-1_2_1,bpd,BPDPH7mo,Pulmonary venous EC,Pulmonary venous EC,Endothelial,True,train
GGCGACTTCATCGGAT-1_2_1,bpd,BPDPH7mo,Pulmonary venous EC,Pulmonary venous EC,Endothelial,True,train
TGTGTTTTCTTCATGT-1_2_1,bpd,BPDPH7mo,Pulmonary venous EC,Pulmonary venous EC,Endothelial,True,train
GCGACCAGTTTGACAC-1_2_1,bpd,BPDPH7mo,Pulmonary venous EC,Pulmonary venous EC,Endothelial,True,test
CCACGGACACTTCTGC-1_2_1,bpd,BPDPH7mo,Pulmonary venous EC,Pulmonary venous EC,Endothelial,True,train
TGCGCAGAGATCCGAG-1_2_1,bpd,BPDPH7mo,Pulmonary venous EC,Pulmonary venous EC,Endothelial,True,train
AGTGTCAAGATAGTCA-1_2_1,bpd,BPDPH7mo,Pulmonary venous EC,Pulmonary venous EC,Endothelial,True,train
GTACTTTGTACGAAAT-1_2_1,bpd,BPDPH7mo,Pulmonary venous EC,Pulmonary venous EC,Endothelial,True,train
GTGTGCGCAGGTGCCT-1_2_1,bpd,BPDPH7mo,Pulmonary venous EC,Pulmonary venous EC,Endothelial,True,test
GAATGAAGTATATGGA-1_2_1,bpd,BPDPH7mo,Pulmonary venous EC,Pulmonary venous EC,Endothelial,True,train
GTGGGTCGTCCGTGAC-1_2_1,bpd,BPDPH7mo,Pulmonary venous EC,Pulmonary venous EC,Endothelial,True,train
TCAGGTATCCCAGGTG-1_2_1,bpd,BPDPH7mo,Pulmonary venous EC,Pulmonary venous EC,Endothelial,True,train
TGGTTAGGTATAAACG-1_2_1,bpd,BPDPH7mo,Pulmonary venous EC,Pulmonary venous EC,Endothelial,True,valid
CCTCAGTTCCTATGTT-1_2_1,bpd,BPDPH7mo,Pulmonary venous EC,Pulmonary venous EC,Endothelial,True,train
CTCATTAGTCCGTCAG-1_2_1,bpd,BPDPH7mo,Pulmonary venous EC,Pulmonary venous EC,Endothelial,True,train
AAGGCAGCATCCGTGG-1_2_1,bpd,BPDPH7mo,Pulmonary venous EC,Pulmonary venous EC,Endothelial,True,train
AAGTCTGGTTGTCTTT-1_2_1,bpd,BPDPH7mo,Pulmonary venous EC,Pulmonary venous EC,Endothelial,True,train
ATGCGATAGGGTCTCC-1_2_1,bpd,BPDPH7mo,Pulmonary venous EC,Pulmonary venous EC,Endothelial,True,test
TCAATCTGTTCACGGC-1_2_1,bpd,BPDPH7mo,Pulmonary venous EC,Pulmonary venous EC,Endothelial,True,train
ACGAGCCTCCTCCTAG-1_2_1,bpd,BPDPH7mo,Pulmonary venous EC,Pulmonary venous EC,Endothelial,True,train
GCTGGGTGTACGACCC-1_2_1,bpd,BPDPH7mo,Pulmonary venous EC,Pulmonary venous EC,Endothelial,True,train
GTAGGCCAGTGGAGAA-1_2_1,bpd,BPDPH7mo,Pulmonary venous EC,Pulmonary venous EC,Endothelial,True,train
TAGCCGGCAAAGGCGT-1_2_1,bpd,BPDPH7mo,Pulmonary venous EC,Pulmonary venous EC,Endothelial,True,train
CAGCCGACAATCAGAA-1_2_1,bpd,BPDPH7mo,Pulmonary venous EC,Pulmonary venous EC,Endothelial,True,train
CTTAACTGTCAGCTAT-1_2_1,bpd,BPDPH7mo,Pulmonary venous EC,Pulmonary venous EC,Endothelial,True,train
CATCGGGAGAGATGAG-1_2_1,bpd,BPDPH7mo,Pulmonary venous EC,Pulmonary venous EC,Endothelial,True,train
CCGGGATTCGATGAGG-1_2_1,bpd,BPDPH7mo,Pulmonary venous EC,Pulmonary venous EC,Endothelial,True,train
TGGGAAGAGGAGTTTA-1_2_1,bpd,BPDPH7mo,Pulmonary venous EC,Pulmonary venous EC,Endothelial,True,train
TCATTACGTCAACTGT-1_2_1,bpd,BPDPH7mo,Pulmonary venous EC,Pulmonary venous EC,Endothelial,True,train
ACCGTAACAGGGTTAG-1_2_1,bpd,BPDPH7mo,Pulmonary venous EC,Pulmonary venous EC,Endothelial,True,train
GCTGGGTCAGCCACCA-1_2_1,bpd,BPDPH7mo,Pulmonary venous EC,Pulmonary venous EC,Endothelial,True,train
AGTGTCATCTTACCGC-1_2_1,bpd,BPDPH7mo,Pulmonary venous EC,Pulmonary venous EC,Endothelial,True,train
TACAGTGAGGATGCGT-1_2_1,bpd,BPDPH7mo,Pulmonary venous EC,Pulmonary venous EC,Endothelial,True,train
GTGTTAGAGGATGGAA-1_2_1,bpd,BPDPH7mo,Pulmonary venous EC,Pulmonary venous EC,Endothelial,True,test
TTCTACATCGTGGGAA-1_2_1,bpd,BPDPH7mo,Pulmonary venous EC,Pulmonary venous EC,Endothelial,True,train
ACATCAGGTTACGCGC-1_2_1,bpd,BPDPH7mo,Pulmonary venous EC,Pulmonary venous EC,Endothelial,True,train
GCATACAGTCTTCTCG-1_2_1,bpd,BPDPH7mo,Pulmonary venous EC,Pulmonary venous EC,Endothelial,True,train
GTACGTAAGTCCGTAT-1_2_1,bpd,BPDPH7mo,Pulmonary venous EC,Pulmonary venous EC,Endothelial,True,train
CAACTAGAGAATCTCC-1_2_1,bpd,BPDPH7mo,Pulmonary venous EC,Pulmonary venous EC,Endothelial,True,train
TGCGCAGTCTCTGCTG-1_2_1,bpd,BPDPH7mo,Pulmonary venous EC,Pulmonary venous EC,Endothelial,True,train
CTCGGGACACGCTTTC-1_2_1,bpd,BPDPH7mo,Pulmonary venous EC,Pulmonary venous EC,Endothelial,True,train
AGTCTTTAGAGGTACC-1_2_1,bpd,BPDPH7mo,Pulmonary venous EC,Pulmonary venous EC,Endothelial,True,test
GTGTTAGAGCTCCTCT-1_2_1,bpd,BPDPH7mo,Pulmonary venous EC,Pulmonary venous EC,Endothelial,True,train
GCTGCTTCAGCTGGCT-1_2_1,bpd,BPDPH7mo,Pulmonary venous EC,Pulmonary venous EC,Endothelial,True,train
CATGACATCTTCAACT-1_2_1,bpd,BPDPH7mo,Pulmonary venous EC,Pulmonary venous EC,Endothelial,True,train
TGTGTTTCAAACCTAC-1_2_1,bpd,BPDPH7mo,Pulmonary venous EC,Pulmonary venous EC,Endothelial,True,train
GGCAATTAGTGCCATT-1_2_1,bpd,BPDPH7mo,Pulmonary venous EC,Pulmonary venous EC,Endothelial,True,train
ACACCCTGTCAATACC-1_2_1,bpd,BPDPH7mo,Pulmonary venous EC,Pulmonary venous EC,Endothelial,True,train
TTTCCTCCATGTCTCC-1_2_1,bpd,BPDPH7mo,Pulmonary venous EC,Pulmonary venous EC,Endothelial,True,train
ACGAGCCCATTGGCGC-1_2_1,bpd,BPDPH7mo,Pulmonary venous EC,Pulmonary venous EC,Endothelial,True,train
CTAACTTGTCGTCTTC-1_2_1,bpd,BPDPH7mo,Pulmonary venous EC,Pulmonary venous EC,Endothelial,True,test
TTTGCGCTCCTTTCGG-1_2_1,bpd,BPDPH7mo,Pulmonary venous EC,Pulmonary venous EC,Endothelial,True,train
AACTCAGAGCTTCGCG-1_2_1,bpd,BPDPH7mo,Pulmonary venous EC,Pulmonary venous EC,Endothelial,True,test
TACTTGTAGACTTTCG-1_2_1,bpd,BPDPH7mo,Pulmonary venous EC,Pulmonary venous EC,Endothelial,True,train
AGCCTAAAGGTGTGGT-1_2_1,bpd,BPDPH7mo,Pulmonary venous EC,Pulmonary venous EC,Endothelial,True,train
GAAGCAGCAGCATACT-1_2_1,bpd,BPDPH7mo,Pulmonary venous EC,Pulmonary venous EC,Endothelial,True,train
ACGGGCTAGACGCTTT-1_2_1,bpd,BPDPH7mo,Pulmonary venous EC,Pulmonary venous EC,Endothelial,True,train
CTAATGGCAAGCGAGT-1_2_1,bpd,BPDPH7mo,Pulmonary venous EC,Pulmonary venous EC,Endothelial,True,train
ATAACGCTCAGCCTAA-1_2_1,bpd,BPDPH7mo,Pulmonary venous EC,Pulmonary venous EC,Endothelial,True,train
CATTATCTCCAGTATG-1_2_1,bpd,BPDPH7mo,Pulmonary venous EC,Pulmonary venous EC,Endothelial,True,train
CCTAGCTGTGACTCAT-1_2_1,bpd,BPDPH7mo,Pulmonary venous EC,Pulmonary venous EC,Endothelial,True,train
TATTACCTCCGTACAA-1_2_1,bpd,BPDPH7mo,Pulmonary venous EC,Pulmonary venous EC,Endothelial,True,train
CGAACATAGGGTCTCC-1_2_1,bpd,BPDPH7mo,Pulmonary venous EC,Pulmonary venous EC,Endothelial,True,train
TTGGCAATCCTTTCGG-1_2_1,bpd,BPDPH7mo,Pulmonary venous EC,Pulmonary venous EC,Endothelial,True,train
CACACAAAGAGGTTAT-1_2_1,bpd,BPDPH7mo,Pulmonary venous EC,Pulmonary venous EC,Endothelial,True,test
TGAGGGACACAGAGGT-1_2_1,bpd,BPDPH7mo,Pulmonary venous EC,Pulmonary venous EC,Endothelial,True,train
CATCCACTCGGCATCG-1_2_1,bpd,BPDPH7mo,Pulmonary venous EC,Pulmonary venous EC,Endothelial,True,train
CTTACCGGTACCAGTT-1_2_1,bpd,BPDPH7mo,Pulmonary venous EC,Pulmonary venous EC,Endothelial,True,test
CATTCGCCAATGGTCT-1_2_1,bpd,BPDPH7mo,Pulmonary venous EC,Pulmonary venous EC,Endothelial,True,train
GACCAATGTATTACCG-1_2_1,bpd,BPDPH7mo,Pulmonary venous EC,Pulmonary venous EC,Endothelial,True,test
AGTGTCATCAAAGACA-1_2_1,bpd,BPDPH7mo,Pulmonary venous EC,Pulmonary venous EC,Endothelial,True,train
TTGCGTCAGAGCTATA-1_2_1,bpd,BPDPH7mo,Pulmonary venous EC,Pulmonary venous EC,Endothelial,True,train
CGGAGTCTCGTCTGCT-1_2_1,bpd,BPDPH7mo,Pulmonary venous EC,Pulmonary venous EC,Endothelial,True,train
CTCTACGGTCTGCGGT-1_2_1,bpd,BPDPH7mo,Pulmonary venous EC,Pulmonary venous EC,Endothelial,True,train
GGTATTGGTCCGTCAG-1_2_1,bpd,BPDPH7mo,Pulmonary venous EC,Pulmonary venous EC,Endothelial,True,train
CAAGATCAGCGATGAC-1_2_1,bpd,BPDPH7mo,Pulmonary venous EC,Pulmonary venous EC,Endothelial,True,train
ACATGGTTCTACTTAC-1_2_1,bpd,BPDPH7mo,Pulmonary venous EC,Pulmonary venous EC,Endothelial,True,train
GTCTTCGCACTGAAGG-1_2_1,bpd,BPDPH7mo,Pulmonary venous EC,Pulmonary venous EC,Endothelial,True,test
CTTAGGATCCCAGGTG-1_2_1,bpd,BPDPH7mo,Pulmonary venous EC,Pulmonary venous EC,Endothelial,True,train
TACTCGCCAGACAAAT-1_2_1,bpd,BPDPH7mo,Pulmonary venous EC,Pulmonary venous EC,Endothelial,True,train
GCAAACTGTCCTCTTG-1_2_1,bpd,BPDPH7mo,Pulmonary venous EC,Pulmonary venous EC,Endothelial,True,valid
TGAGGGATCCAGAAGG-1_2_1,bpd,BPDPH7mo,Pulmonary venous EC,Pulmonary venous EC,Endothelial,True,train
TGAGAGGCAGGGTTAG-1_2_1,bpd,BPDPH7mo,Pulmonary venous EC,Pulmonary venous EC,Endothelial,True,train
ACGGCCAGTAAGAGAG-1_2_1,bpd,BPDPH7mo,Pulmonary venous EC,Pulmonary venous EC,Endothelial,True,train
GGTGTTAGTACCGTAT-1_2_1,bpd,BPDPH7mo,Pulmonary venous EC,Pulmonary venous EC,Endothelial,True,train
ATCACGAGTCCGTCAG-1_2_1,bpd,BPDPH7mo,Pulmonary venous EC,Pulmonary venous EC,Endothelial,True,train
CAACCAAAGTGATCGG-1_2_1,bpd,BPDPH7mo,Pulmonary venous EC,Pulmonary venous EC,Endothelial,True,train
GTAGGCCTCCATGCTC-1_2_1,bpd,BPDPH7mo,Pulmonary venous EC,Pulmonary venous EC,Endothelial,True,train
CGACTTCAGAATGTTG-1_2_1,bpd,BPDPH7mo,Pulmonary venous EC,Pulmonary venous EC,Endothelial,True,train
ACGCAGCAGTTACCCA-1_2_1,bpd,BPDPH7mo,Pulmonary venous EC,Pulmonary venous EC,Endothelial,True,train
GACAGAGGTCCAGTGC-1_2_1,bpd,BPDPH7mo,Pulmonary venous EC,Pulmonary venous EC,Endothelial,True,train
CATTCGCCACATCCGG-1_2_1,bpd,BPDPH7mo,Pulmonary venous EC,Pulmonary venous EC,Endothelial,True,train
AGTGGGAGTCTAAACC-1_2_1,bpd,BPDPH7mo,Pulmonary venous EC,Pulmonary venous EC,Endothelial,True,train
CGGACGTAGAAGGCCT-1_2_1,bpd,BPDPH7mo,Pulmonary venous EC,Pulmonary venous EC,Endothelial,True,train
GAATGAAGTCTAAACC-1_2_1,bpd,BPDPH7mo,Pulmonary venous EC,Pulmonary venous EC,Endothelial,True,train
CAGCAGCGTAGAAAGG-1_2_1,bpd,BPDPH7mo,Pulmonary venous EC,Pulmonary venous EC,Endothelial,True,train
CCTCAGTGTCATCGGC-1_2_1,bpd,BPDPH7mo,Pulmonary venous EC,Pulmonary venous EC,Endothelial,True,train
CTCTACGTCAGGTTCA-1_2_1,bpd,BPDPH7mo,Pulmonary venous EC,Pulmonary venous EC,Endothelial,True,train
AAGGCAGCAAGCGATG-1_2_1,bpd,BPDPH7mo,Pulmonary venous EC,Pulmonary venous EC,Endothelial,True,train
CTAGCCTTCTGCGACG-1_2_1,bpd,BPDPH7mo,Pulmonary venous EC,Pulmonary venous EC,Endothelial,True,train
CTGTGCTGTCTTCGTC-1_2_1,bpd,BPDPH7mo,Pulmonary venous EC,Pulmonary venous EC,Endothelial,True,train
TTGGCAAGTTACGGAG-1_2_1,bpd,BPDPH7mo,Pulmonary venous EC,Pulmonary venous EC,Endothelial,True,train
GACGTGCAGGGCTTCC-1_2_1,bpd,BPDPH7mo,Pulmonary venous EC,Pulmonary venous EC,Endothelial,True,train
TTTGCGCTCCTCTAGC-1_2_1,bpd,BPDPH7mo,Pulmonary venous EC,Pulmonary venous EC,Endothelial,True,train
CTGTTTATCGTCGTTC-1_1,bpd,BPDPH7mo,Pulmonary venous EC,Pulmonary venous EC,Endothelial,True,train
GCACATAAGGCGATAC-1_1,bpd,BPDPH7mo,Pulmonary venous EC,Pulmonary venous EC,Endothelial,True,train
GGCAATTCATGGGAAC-1_1,bpd,BPDPH7mo,Pulmonary venous EC,Pulmonary venous EC,Endothelial,True,train
GGGACCTAGCTCTCGG-1_1,bpd,BPDPH7mo,Pulmonary venous EC,Pulmonary venous EC,Endothelial,True,test
GATTCAGCAAGCCTAT-1_1,bpd,BPDPH7mo,Pulmonary venous EC,Pulmonary venous EC,Endothelial,True,train
ACACCAACAGACACTT-1_1,bpd,BPDPH7mo,Pulmonary venous EC,Pulmonary venous EC,Endothelial,True,train
TGAGAGGGTAGCGCAA-1_1,bpd,BPDPH7mo,Pulmonary venous EC,Pulmonary venous EC,Endothelial,True,train
GTAGGCCTCATCGCTC-1_1,bpd,BPDPH7mo,Pulmonary venous EC,Pulmonary venous EC,Endothelial,True,train
TGTGTTTGTTACAGAA-1_1,bpd,BPDPH7mo,Pulmonary venous EC,Pulmonary venous EC,Endothelial,True,train
ATCCACCTCCCAAGTA-1_1,bpd,BPDPH7mo,Pulmonary venous EC,Pulmonary venous EC,Endothelial,True,train
GGGATGAGTATCAGTC-1_1,bpd,BPDPH7mo,Pulmonary venous EC,Pulmonary venous EC,Endothelial,True,train
GACTGCGAGAGACGAA-1_1,bpd,BPDPH7mo,Pulmonary venous EC,Pulmonary venous EC,Endothelial,True,test
CCGGTAGGTTGAGGTG-1_1,bpd,BPDPH7mo,Pulmonary venous EC,Pulmonary venous EC,Endothelial,True,train
CACATAGCAGTATGCT-1_1,bpd,BPDPH7mo,Pulmonary venous EC,Pulmonary venous EC,Endothelial,True,train
AATCCAGCACTGTGTA-1_1,bpd,BPDPH7mo,Pulmonary venous EC,Pulmonary venous EC,Endothelial,True,test
CACATTTAGAAGCCCA-1_1,bpd,BPDPH7mo,Pulmonary venous EC,Pulmonary venous EC,Endothelial,True,train
AGGCCGTGTGAGTGAC-1_1,bpd,BPDPH7mo,Pulmonary venous EC,Pulmonary venous EC,Endothelial,True,train
CTTAGGAGTCCAGTTA-1_1,bpd,BPDPH7mo,Pulmonary venous EC,Pulmonary venous EC,Endothelial,True,test
TATCAGGGTCTCTTTA-1_1,bpd,BPDPH7mo,Pulmonary venous EC,Pulmonary venous EC,Endothelial,True,train
GGGATGACAGACGTAG-1_1,bpd,BPDPH7mo,Pulmonary venous EC,Pulmonary venous EC,Endothelial,True,test
GTTTCTAAGAGAACAG-1_1,bpd,BPDPH7mo,Pulmonary venous EC,Pulmonary venous EC,Endothelial,True,train
TGCGCAGGTTCTGGTA-1_1,bpd,BPDPH7mo,Pulmonary venous EC,Pulmonary venous EC,Endothelial,True,test
CGGACACAGCAGGCTA-1_1,bpd,BPDPH7mo,Pulmonary venous EC,Pulmonary venous EC,Endothelial,True,train
TTAGTTCCACCAGGCT-1_1,bpd,BPDPH7mo,Pulmonary venous EC,Pulmonary venous EC,Endothelial,True,test
GACCTGGGTACACCGC-1_1,bpd,BPDPH7mo,Pulmonary venous EC,Pulmonary venous EC,Endothelial,True,train
GGCTGGTGTCTAGGTT-1_1,bpd,BPDPH7mo,Pulmonary venous EC,Pulmonary venous EC,Endothelial,True,train
TCGCGTTCACCAGCAC-1_1,bpd,BPDPH7mo,Pulmonary venous EC,Pulmonary venous EC,Endothelial,True,test
ACTGCTCAGTACGCGA-1_1,bpd,BPDPH7mo,Pulmonary venous EC,Pulmonary venous EC,Endothelial,True,train
TAGTGGTAGAAGGTTT-1_1,bpd,BPDPH7mo,Pulmonary venous EC,Pulmonary venous EC,Endothelial,True,train
CATGCCTAGCGCTTAT-1_1,bpd,BPDPH7mo,Pulmonary venous EC,Pulmonary venous EC,Endothelial,True,test
CGCTTCAAGTCGTTTG-1_1,bpd,BPDPH7mo,Pulmonary venous EC,Pulmonary venous EC,Endothelial,True,train
GACTAACCAGCTATTG-1_1,bpd,BPDPH7mo,Pulmonary venous EC,Pulmonary venous EC,Endothelial,True,train
TCGTAGATCTTTACGT-1_1,bpd,BPDPH7mo,Pulmonary venous EC,Pulmonary venous EC,Endothelial,True,train
ACAGCTAAGCTGGAAC-1_1,bpd,BPDPH7mo,Pulmonary venous EC,Pulmonary venous EC,Endothelial,True,test
GCTTGAATCATTGCGA-1_1,bpd,BPDPH7mo,Pulmonary venous EC,Pulmonary venous EC,Endothelial,True,train
AAAGCAAAGTGACATA-1_1,bpd,BPDPH7mo,Pulmonary venous EC,Pulmonary venous EC,Endothelial,True,train
CTCACACAGATTACCC-1_1,bpd,BPDPH7mo,Pulmonary venous EC,Pulmonary venous EC,Endothelial,True,train
GGATGTTCATGCAATC-1_1,bpd,BPDPH7mo,Pulmonary venous EC,Pulmonary venous EC,Endothelial,True,train
TAGACCATCAAAGTAG-1_1,bpd,BPDPH7mo,Pulmonary venous EC,Pulmonary venous EC,Endothelial,True,train
TGCTGCTAGCGCCTTG-1_1,bpd,BPDPH7mo,Pulmonary venous EC,Pulmonary venous EC,Endothelial,True,train
CTAATGGAGTACACCT-1_1,bpd,BPDPH7mo,Pulmonary venous EC,Pulmonary venous EC,Endothelial,True,train
GTCAAGTAGCTGGAAC-1_1,bpd,BPDPH7mo,Pulmonary venous EC,Pulmonary venous EC,Endothelial,True,train
TTAGGACGTAATCGTC-1_1,bpd,BPDPH7mo,Pulmonary venous EC,Pulmonary venous EC,Endothelial,True,train
TTCTCAAGTCATACTG-1_1,bpd,BPDPH7mo,Pulmonary venous EC,Pulmonary venous EC,Endothelial,True,train
AGCAGCCGTGCACGAA-1_1,bpd,BPDPH7mo,Pulmonary venous EC,Pulmonary venous EC,Endothelial,True,train
GTGCTTCTCTCCCTGA-1_1,bpd,BPDPH7mo,Pulmonary venous EC,Pulmonary venous EC,Endothelial,True,test
ACCGTAAAGCTACCGC-1_1,bpd,BPDPH7mo,Pulmonary venous EC,Pulmonary venous EC,Endothelial,True,train
TCGGTAACAATGCCAT-1_2_1,bpd,BPDPH7mo,aCap,aCap,Endothelial,True,test
GGACAAGCAAGAGGCT-1_2_1,bpd,BPDPH7mo,aCap,aCap,Endothelial,True,train
GACGCGTCACGCTTTC-1_2_1,bpd,BPDPH7mo,aCap,aCap,Endothelial,True,train
GTCGTAAGTCGACTAT-1_2_1,bpd,BPDPH7mo,aCap,aCap,Endothelial,True,train
ACTGAACCAAACTGTC-1_2_1,bpd,BPDPH7mo,aCap,aCap,Endothelial,True,train
ATTGGACAGCACCGTC-1_2_1,bpd,BPDPH7mo,aCap,aCap,Endothelial,True,train
TCCCGATTCTACTATC-1_2_1,bpd,BPDPH7mo,aCap,aCap,Endothelial,True,train
CGGTTAATCCGTCATC-1_2_1,bpd,BPDPH7mo,aCap,aCap,Endothelial,True,train
GACTAACAGTCGTTTG-1_2_1,bpd,BPDPH7mo,aCap,aCap,Endothelial,True,train
CATATTCTCTCTAGGA-1_2_1,bpd,BPDPH7mo,aCap,aCap,Endothelial,True,train
CCACCTAAGTATCGAA-1_2_1,bpd,BPDPH7mo,aCap,aCap,Endothelial,True,train
CTGTGCTCAGCTGGCT-1_2_1,bpd,BPDPH7mo,aCap,aCap,Endothelial,True,train
TTCTACAAGCAATATG-1_2_1,bpd,BPDPH7mo,aCap,aCap,Endothelial,True,train
CGTAGGCCACCCATTC-1_2_1,bpd,BPDPH7mo,aCap,aCap,Endothelial,True,test
GCTTGAACATCAGTCA-1_2_1,bpd,BPDPH7mo,aCap,aCap,Endothelial,True,train
GACCAATGTTCAGGCC-1_2_1,bpd,BPDPH7mo,aCap,aCap,Endothelial,True,train
TCTGAGATCATGCATG-1_2_1,bpd,BPDPH7mo,aCap,aCap,Endothelial,True,train
TGATTTCAGATATACG-1_2_1,bpd,BPDPH7mo,aCap,aCap,Endothelial,True,test
ACGCCAGCAGCTCGCA-1_2_1,bpd,BPDPH7mo,aCap,aCap,Endothelial,True,train
TTATGCTCATGCCTAA-1_2_1,bpd,BPDPH7mo,aCap,aCap,Endothelial,True,test
AAGTCTGTCTTCCTTC-1_2_1,bpd,BPDPH7mo,aCap,aCap,Endothelial,True,train
TCAACGAAGTTCCACA-1_2_1,bpd,BPDPH7mo,aCap,aCap,Endothelial,True,train
CACATAGGTACCGAGA-1_2_1,bpd,BPDPH7mo,aCap,aCap,Endothelial,True,train
AAGCCGCAGTACGACG-1_2_1,bpd,BPDPH7mo,aCap,aCap,Endothelial,True,train
AGCTCCTCATATACGC-1_2_1,bpd,BPDPH7mo,aCap,aCap,Endothelial,True,train
CACAAACCACAGATTC-1_2_1,bpd,BPDPH7mo,aCap,aCap,Endothelial,True,train
GCGCCAAGTAGCACGA-1_2_1,bpd,BPDPH7mo,aCap,aCap,Endothelial,True,train
ATTACTCGTAGCGTAG-1_2_1,bpd,BPDPH7mo,aCap,aCap,Endothelial,True,test
GGGAATGCAGTAAGAT-1_2_1,bpd,BPDPH7mo,aCap,aCap,Endothelial,True,train
GTACTTTTCGCAAACT-1_2_1,bpd,BPDPH7mo,aCap,aCap,Endothelial,True,test
CGAGCCAAGTGTACTC-1_2_1,bpd,BPDPH7mo,aCap,aCap,Endothelial,True,test
TAGTTGGAGCCCGAAA-1_2_1,bpd,BPDPH7mo,aCap,aCap,Endothelial,True,train
CATGACACAGACGCTC-1_2_1,bpd,BPDPH7mo,aCap,aCap,Endothelial,True,train
GCAATCATCCGCAAGC-1_2_1,bpd,BPDPH7mo,aCap,aCap,Endothelial,True,train
GTATCTTGTGCCTGCA-1_2_1,bpd,BPDPH7mo,aCap,aCap,Endothelial,True,train
GCATACATCACATACG-1_2_1,bpd,BPDPH7mo,aCap,aCap,Endothelial,True,train
CAGAATCAGTATCTCG-1_2_1,bpd,BPDPH7mo,aCap,aCap,Endothelial,True,train
ACACCAACATGGTTGT-1_2_1,bpd,BPDPH7mo,aCap,aCap,Endothelial,True,test
ACACCGGCAGGTCGTC-1_2_1,bpd,BPDPH7mo,aCap,aCap,Endothelial,True,train
TTGGAACCATCCTTGC-1_2_1,bpd,BPDPH7mo,aCap,aCap,Endothelial,True,train
GAGCAGACACGCGAAA-1_2_1,bpd,BPDPH7mo,aCap,aCap,Endothelial,True,train
TTGACTTAGGAGCGTT-1_2_1,bpd,BPDPH7mo,aCap,aCap,Endothelial,True,train
CTGAAACGTCAGGACA-1_2_1,bpd,BPDPH7mo,aCap,aCap,Endothelial,True,train
CGATCGGGTTACAGAA-1_2_1,bpd,BPDPH7mo,aCap,aCap,Endothelial,True,train
TGCCCTAGTCTCACCT-1_2_1,bpd,BPDPH7mo,aCap,aCap,Endothelial,True,train
GCGCAACTCTGAGTGT-1_2_1,bpd,BPDPH7mo,aCap,aCap,Endothelial,True,train
TTCGGTCCAGACAGGT-1_2_1,bpd,BPDPH7mo,aCap,aCap,Endothelial,True,train
CGCGGTAAGAACAACT-1_2_1,bpd,BPDPH7mo,aCap,aCap,Endothelial,True,train
ATTATCCTCGCTGATA-1_2_1,bpd,BPDPH7mo,aCap,aCap,Endothelial,True,train
TCCCGATGTTTGACTG-1_2_1,bpd,BPDPH7mo,aCap,aCap,Endothelial,True,test
GCGGGTTTCATGCATG-1_2_1,bpd,BPDPH7mo,aCap,aCap,Endothelial,True,train
TGCGGGTAGCTAACTC-1_2_1,bpd,BPDPH7mo,aCap,aCap,Endothelial,True,train
CCACCTACATATGCTG-1_2_1,bpd,BPDPH7mo,aCap,aCap,Endothelial,True,train
GCGCAACGTCCAACTA-1_2_1,bpd,BPDPH7mo,aCap,aCap,Endothelial,True,train
CGAGAAGCAATGTAAG-1_2_1,bpd,BPDPH7mo,aCap,aCap,Endothelial,True,train
CCGTACTGTCAGAAGC-1_2_1,bpd,BPDPH7mo,aCap,aCap,Endothelial,True,train
CCAGCGACACGTCAGC-1_2_1,bpd,BPDPH7mo,aCap,aCap,Endothelial,True,train
GAATAAGTCGGCATCG-1_2_1,bpd,BPDPH7mo,aCap,aCap,Endothelial,True,train
CGATGTACAGCCAATT-1_2_1,bpd,BPDPH7mo,aCap,aCap,Endothelial,True,train
GCTTGAAGTTCATGGT-1_2_1,bpd,BPDPH7mo,aCap,aCap,Endothelial,True,train
TTCGAAGCAAGGACTG-1_2_1,bpd,BPDPH7mo,aCap,aCap,Endothelial,True,train
CGACTTCCATTCCTCG-1_2_1,bpd,BPDPH7mo,aCap,aCap,Endothelial,True,train
AAAGATGTCCCAAGTA-1_2_1,bpd,BPDPH7mo,aCap,aCap,Endothelial,True,test
GATGAGGCACTCAGGC-1_2_1,bpd,BPDPH7mo,aCap,aCap,Endothelial,True,train
TACCTATCACCGAAAG-1_2_1,bpd,BPDPH7mo,aCap,aCap,Endothelial,True,test
GATCGATCACCCATTC-1_2_1,bpd,BPDPH7mo,aCap,aCap,Endothelial,True,train
TAGGCATGTTAAAGTG-1_2_1,bpd,BPDPH7mo,aCap,aCap,Endothelial,True,train
GTCAAGTCAGATAATG-1_2_1,bpd,BPDPH7mo,aCap,aCap,Endothelial,True,train
CACATAGCATCGACGC-1_2_1,bpd,BPDPH7mo,aCap,aCap,Endothelial,True,train
AACTCAGTCCGAACGC-1_2_1,bpd,BPDPH7mo,aCap,aCap,Endothelial,True,test
ATTTCTGGTGCAACGA-1_2_1,bpd,BPDPH7mo,aCap,aCap,Endothelial,True,train
TCGGGACCACTCTGTC-1_2_1,bpd,BPDPH7mo,aCap,aCap,Endothelial,True,train
AAATGCCCATCGATTG-1_2_1,bpd,BPDPH7mo,aCap,aCap,Endothelial,True,train
CCTTCGAGTTATCCGA-1_2_1,bpd,BPDPH7mo,aCap,aCap,Endothelial,True,train
TATCTCACACGGTAAG-1_2_1,bpd,BPDPH7mo,aCap,aCap,Endothelial,True,train
TCTCATATCAGTTTGG-1_2_1,bpd,BPDPH7mo,aCap,aCap,Endothelial,True,test
GGCTCGATCTCAAGTG-1_2_1,bpd,BPDPH7mo,aCap,aCap,Endothelial,True,train
AAGTCTGAGATCACGG-1_2_1,bpd,BPDPH7mo,aCap,aCap,Endothelial,True,train
TGCCCTATCCCAGGTG-1_2_1,bpd,BPDPH7mo,aCap,aCap,Endothelial,True,train
CATGGCGAGCAATCTC-1_2_1,bpd,BPDPH7mo,aCap,aCap,Endothelial,True,train
CAGCGACTCTTTACAC-1_2_1,bpd,BPDPH7mo,aCap,aCap,Endothelial,True,train
TTAGGCATCGCAAGCC-1_2_1,bpd,BPDPH7mo,aCap,aCap,Endothelial,True,valid
TTAGGCACAGTGGAGT-1_2_1,bpd,BPDPH7mo,aCap,aCap,Endothelial,True,train
TCTTCGGCATTATCTC-1_2_1,bpd,BPDPH7mo,aCap,aCap,Endothelial,True,train
TTGGAACTCCGGCACA-1_2_1,bpd,BPDPH7mo,aCap,aCap,Endothelial,True,test
TGAGCCGTCTGGTATG-1_2_1,bpd,BPDPH7mo,aCap,aCap,Endothelial,True,train
CGACCTTTCCAAGCCG-1_2_1,bpd,BPDPH7mo,aCap,aCap,Endothelial,True,test
CCATTCGGTCTCTTAT-1_2_1,bpd,BPDPH7mo,aCap,aCap,Endothelial,True,train
GTCACAAAGAGGACGG-1_2_1,bpd,BPDPH7mo,aCap,aCap,Endothelial,True,train
CTCCTAGTCCCAACGG-1_2_1,bpd,BPDPH7mo,aCap,aCap,Endothelial,True,train
TCAACGAGTACAAGTA-1_2_1,bpd,BPDPH7mo,aCap,aCap,Endothelial,True,train
GAAATGACAGGGATTG-1_2_1,bpd,BPDPH7mo,aCap,aCap,Endothelial,True,train
AAGGCAGTCTGCAGTA-1_2_1,bpd,BPDPH7mo,aCap,aCap,Endothelial,True,train
ATTTCTGCAAGTCTGT-1_2_1,bpd,BPDPH7mo,aCap,aCap,Endothelial,True,train
TTGTAGGTCTTGCAAG-1_2_1,bpd,BPDPH7mo,aCap,aCap,Endothelial,True,test
CAGATCAAGTTACGGG-1_2_1,bpd,BPDPH7mo,aCap,aCap,Endothelial,True,train
GACGTTACAGTATGCT-1_2_1,bpd,BPDPH7mo,aCap,aCap,Endothelial,True,test
CTACCCATCAACACTG-1_2_1,bpd,BPDPH7mo,aCap,aCap,Endothelial,True,train
TATCAGGTCGGATGTT-1_2_1,bpd,BPDPH7mo,aCap,aCap,Endothelial,True,train
CCCAATCCAAACGCGA-1_2_1,bpd,BPDPH7mo,aCap,aCap,Endothelial,True,test
CATTCGCCAATAGCAA-1_2_1,bpd,BPDPH7mo,aCap,aCap,Endothelial,True,train
GGAAAGCTCAGGCCCA-1_2_1,bpd,BPDPH7mo,aCap,aCap,Endothelial,True,train
CATCCACGTGCGAAAC-1_2_1,bpd,BPDPH7mo,aCap,aCap,Endothelial,True,train
TCACGAACAAACAACA-1_2_1,bpd,BPDPH7mo,aCap,aCap,Endothelial,True,train
ACTGCTCTCGCCAAAT-1_2_1,bpd,BPDPH7mo,aCap,aCap,Endothelial,True,train
TGACTTTGTCCAACTA-1_2_1,bpd,BPDPH7mo,aCap,aCap,Endothelial,True,train
TCTCTAAGTAGAGCTG-1_2_1,bpd,BPDPH7mo,aCap,aCap,Endothelial,True,test
GTATCTTGTGTTTGGT-1_2_1,bpd,BPDPH7mo,aCap,aCap,Endothelial,True,train
GGAAAGCCAACACCTA-1_2_1,bpd,BPDPH7mo,aCap,aCap,Endothelial,True,test
ACGGGTCTCACCATAG-1_2_1,bpd,BPDPH7mo,aCap,aCap,Endothelial,True,train
CTGTGCTCAAGTAATG-1_2_1,bpd,BPDPH7mo,aCap,aCap,Endothelial,True,test
GTATCTTAGTGCCAGA-1_2_1,bpd,BPDPH7mo,aCap,aCap,Endothelial,True,train
TCTGAGACATCCCACT-1_2_1,bpd,BPDPH7mo,aCap,aCap,Endothelial,True,train
CAGTAACCAAATTGCC-1_2_1,bpd,BPDPH7mo,aCap,aCap,Endothelial,True,test
TTAGTTCAGCTAGTTC-1_2_1,bpd,BPDPH7mo,aCap,aCap,Endothelial,True,train
TGACTAGGTTTGTGTG-1_2_1,bpd,BPDPH7mo,aCap,aCap,Endothelial,True,train
TTCTCCTAGAAACGCC-1_2_1,bpd,BPDPH7mo,aCap,aCap,Endothelial,True,train
CATATTCCATGAGCGA-1_2_1,bpd,BPDPH7mo,aCap,aCap,Endothelial,True,train
GGGACCTCAGTAGAGC-1_2_1,bpd,BPDPH7mo,aCap,aCap,Endothelial,True,train
TTAACTCCACATCTTT-1_2_1,bpd,BPDPH7mo,aCap,aCap,Endothelial,True,train
GTAACTGAGCTAGTTC-1_2_1,bpd,BPDPH7mo,aCap,aCap,Endothelial,True,train
GGAATAACATCTCGCT-1_2_1,bpd,BPDPH7mo,aCap,aCap,Endothelial,True,train
CAGCTGGTCAGCGACC-1_2_1,bpd,BPDPH7mo,aCap,aCap,Endothelial,True,train
TCAGGATTCGAACGGA-1_2_1,bpd,BPDPH7mo,aCap,aCap,Endothelial,True,train
ACATCAGAGGTGCACA-1_2_1,bpd,BPDPH7mo,aCap,aCap,Endothelial,True,train
GGACGTCCACACCGCA-1_2_1,bpd,BPDPH7mo,aCap,aCap,Endothelial,True,train
GGAACTTGTACATCCA-1_2_1,bpd,BPDPH7mo,aCap,aCap,Endothelial,True,train
TTGCCGTCACGCCAGT-1_2_1,bpd,BPDPH7mo,aCap,aCap,Endothelial,True,train
GATCGCGTCCACGCAG-1_2_1,bpd,BPDPH7mo,aCap,aCap,Endothelial,True,train
TTCGGTCCATAAAGGT-1_2_1,bpd,BPDPH7mo,aCap,aCap,Endothelial,True,train
CGATGTACATGACATC-1_2_1,bpd,BPDPH7mo,aCap,aCap,Endothelial,True,train
AAATGCCGTTTGTTGG-1_2_1,bpd,BPDPH7mo,aCap,aCap,Endothelial,True,train
ACTTGTTTCCCTCAGT-1_2_1,bpd,BPDPH7mo,aCap,aCap,Endothelial,True,train
ACGGGTCGTCTAGCGC-1_2_1,bpd,BPDPH7mo,aCap,aCap,Endothelial,True,train
GCGACCAGTAATTGGA-1_2_1,bpd,BPDPH7mo,aCap,aCap,Endothelial,True,train
GACGTTAAGATCACGG-1_2_1,bpd,BPDPH7mo,aCap,aCap,Endothelial,True,train
GGTATTGTCAAACCAC-1_2_1,bpd,BPDPH7mo,aCap,aCap,Endothelial,True,train
GACGTTATCCTTTCGG-1_2_1,bpd,BPDPH7mo,aCap,aCap,Endothelial,True,train
CAGAGAGCATACCATG-1_2_1,bpd,BPDPH7mo,aCap,aCap,Endothelial,True,test
CATCAGAGTACAGACG-1_2_1,bpd,BPDPH7mo,aCap,aCap,Endothelial,True,test
AAGGCAGAGTGAAGTT-1_2_1,bpd,BPDPH7mo,aCap,aCap,Endothelial,True,train
ACGTCAAGTGATGTGG-1_2_1,bpd,BPDPH7mo,aCap,aCap,Endothelial,True,train
CACCTTGCAAGCCTAT-1_2_1,bpd,BPDPH7mo,aCap,aCap,Endothelial,True,test
CAAGTTGCACACATGT-1_2_1,bpd,BPDPH7mo,aCap,aCap,Endothelial,True,train
AAGCCGCAGCTACCTA-1_2_1,bpd,BPDPH7mo,aCap,aCap,Endothelial,True,train
AGTGTCAAGTAGGCCA-1_2_1,bpd,BPDPH7mo,aCap,aCap,Endothelial,True,train
TCAGATGTCGAATGCT-1_2_1,bpd,BPDPH7mo,aCap,aCap,Endothelial,True,train
ACGCCGATCTTGGGTA-1_2_1,bpd,BPDPH7mo,aCap,aCap,Endothelial,True,train
CCGTTCATCCGCTGTT-1_2_1,bpd,BPDPH7mo,aCap,aCap,Endothelial,True,train
AATCGGTTCCTTTACA-1_2_1,bpd,BPDPH7mo,aCap,aCap,Endothelial,True,train
CAGCATACATGCCTAA-1_2_1,bpd,BPDPH7mo,aCap,aCap,Endothelial,True,train
AGCTCCTCACGTAAGG-1_2_1,bpd,BPDPH7mo,aCap,aCap,Endothelial,True,train
GTTTCTATCGGTCCGA-1_2_1,bpd,BPDPH7mo,aCap,aCap,Endothelial,True,train
AGCCTAACACGTGAGA-1_2_1,bpd,BPDPH7mo,aCap,aCap,Endothelial,True,train
GTTAAGCCAGTAAGCG-1_2_1,bpd,BPDPH7mo,aCap,aCap,Endothelial,True,train
GGACAGAAGGAACTGC-1_2_1,bpd,BPDPH7mo,aCap,aCap,Endothelial,True,train
GCGCGATGTGTGCGTC-1_2_1,bpd,BPDPH7mo,aCap,aCap,Endothelial,True,train
TACTCGCGTTTCGCTC-1_2_1,bpd,BPDPH7mo,aCap,aCap,Endothelial,True,train
CTACATTAGTTGAGTA-1_2_1,bpd,BPDPH7mo,aCap,aCap,Endothelial,True,train
CGATGTAGTGATAAGT-1_2_1,bpd,BPDPH7mo,aCap,aCap,Endothelial,True,train
TCATTACTCTCGCTTG-1_2_1,bpd,BPDPH7mo,aCap,aCap,Endothelial,True,train
TCATTACTCGTGGTCG-1_2_1,bpd,BPDPH7mo,aCap,aCap,Endothelial,True,train
CTAAGACGTCATATCG-1_2_1,bpd,BPDPH7mo,aCap,aCap,Endothelial,True,test
TTCTCAATCAATCTCT-1_2_1,bpd,BPDPH7mo,aCap,aCap,Endothelial,True,train
AACTCCCTCCGTCATC-1_2_1,bpd,BPDPH7mo,aCap,aCap,Endothelial,True,test
TCTGAGAGTTGTACAC-1_2_1,bpd,BPDPH7mo,aCap,aCap,Endothelial,True,train
CCTTCCCTCTCTTATG-1_2_1,bpd,BPDPH7mo,aCap,aCap,Endothelial,True,train
GAATGAATCGCTGATA-1_2_1,bpd,BPDPH7mo,aCap,aCap,Endothelial,True,train
GGAAAGCAGAGTAAGG-1_2_1,bpd,BPDPH7mo,aCap,aCap,Endothelial,True,train
TCAACGACAACTTGAC-1_2_1,bpd,BPDPH7mo,aCap,aCap,Endothelial,True,train
ACTGCTCAGTGTACGG-1_2_1,bpd,BPDPH7mo,aCap,aCap,Endothelial,True,test
AACTCTTGTAGCGTGA-1_2_1,bpd,BPDPH7mo,aCap,aCap,Endothelial,True,train
CAACCTCGTTGTTTGG-1_2_1,bpd,BPDPH7mo,aCap,aCap,Endothelial,True,test
GGAAAGCCAGGTTTCA-1_2_1,bpd,BPDPH7mo,aCap,aCap,Endothelial,True,train
CTGAAACAGATCTGCT-1_2_1,bpd,BPDPH7mo,aCap,aCap,Endothelial,True,train
CTTACCGGTTCCCTTG-1_2_1,bpd,BPDPH7mo,aCap,aCap,Endothelial,True,train
CCATTCGGTCGGCTCA-1_2_1,bpd,BPDPH7mo,aCap,aCap,Endothelial,True,train
AGATTGCGTACAGACG-1_2_1,bpd,BPDPH7mo,aCap,aCap,Endothelial,True,test
CTCGAAAGTAACGCGA-1_2_1,bpd,BPDPH7mo,aCap,aCap,Endothelial,True,train
CCTAAAGTCGCCGTGA-1_2_1,bpd,BPDPH7mo,aCap,aCap,Endothelial,True,train
ATTGGACAGAGCAATT-1_2_1,bpd,BPDPH7mo,aCap,aCap,Endothelial,True,train
CGGCTAGTCAGGATCT-1_2_1,bpd,BPDPH7mo,aCap,aCap,Endothelial,True,train
AGATCTGAGGCGATAC-1_2_1,bpd,BPDPH7mo,aCap,aCap,Endothelial,True,train
CTCATTAAGATCACGG-1_2_1,bpd,BPDPH7mo,aCap,aCap,Endothelial,True,train
TTGGCAACAGGTCCAC-1_2_1,bpd,BPDPH7mo,aCap,aCap,Endothelial,True,train
GCATGATGTCCGAGTC-1_2_1,bpd,BPDPH7mo,aCap,aCap,Endothelial,True,train
GCCTCTATCGTCGTTC-1_2_1,bpd,BPDPH7mo,aCap,aCap,Endothelial,True,train
CATGACAAGTAATCCC-1_2_1,bpd,BPDPH7mo,aCap,aCap,Endothelial,True,train
AGATTGCTCCCGACTT-1_2_1,bpd,BPDPH7mo,aCap,aCap,Endothelial,True,train
TGGCGCAAGCCACCTG-1_2_1,bpd,BPDPH7mo,aCap,aCap,Endothelial,True,train
CTGCGGAGTGCACCAC-1_2_1,bpd,BPDPH7mo,aCap,aCap,Endothelial,True,train
GAAGCAGCAGTAACGG-1_2_1,bpd,BPDPH7mo,aCap,aCap,Endothelial,True,test
CGGGTCAAGGCCCTTG-1_2_1,bpd,BPDPH7mo,aCap,aCap,Endothelial,True,train
ACGGAGACAAGCCATT-1_2_1,bpd,BPDPH7mo,aCap,aCap,Endothelial,True,train
CTCATTACAGGATTGG-1_2_1,bpd,BPDPH7mo,aCap,aCap,Endothelial,True,train
AGGGAGTGTCTCACCT-1_2_1,bpd,BPDPH7mo,aCap,aCap,Endothelial,True,train
GGCGTGTCACCAGATT-1_2_1,bpd,BPDPH7mo,aCap,aCap,Endothelial,True,train
TCTGGAACACTTGGAT-1_2_1,bpd,BPDPH7mo,aCap,aCap,Endothelial,True,test
GTAGTCACAGAAGCAC-1_2_1,bpd,BPDPH7mo,aCap,aCap,Endothelial,True,train
AACTGGTCACCATGTA-1_2_1,bpd,BPDPH7mo,aCap,aCap,Endothelial,True,train
CAGCCGATCACCACCT-1_2_1,bpd,BPDPH7mo,aCap,aCap,Endothelial,True,train
TGTTCCGGTTGATTCG-1_2_1,bpd,BPDPH7mo,aCap,aCap,Endothelial,True,train
CGTCACTGTTTGACTG-1_2_1,bpd,BPDPH7mo,aCap,aCap,Endothelial,True,test
AGGTCATCAGATGAGC-1_2_1,bpd,BPDPH7mo,aCap,aCap,Endothelial,True,test
CCTATTAGTATAGTAG-1_2_1,bpd,BPDPH7mo,aCap,aCap,Endothelial,True,train
CAGCTGGTCCGCGCAA-1_2_1,bpd,BPDPH7mo,aCap,aCap,Endothelial,True,test
CGATGTAAGCCTTGAT-1_2_1,bpd,BPDPH7mo,aCap,aCap,Endothelial,True,train
TCAGATGAGGGCACTA-1_2_1,bpd,BPDPH7mo,aCap,aCap,Endothelial,True,train
ATAAGAGTCTCTGTCG-1_2_1,bpd,BPDPH7mo,aCap,aCap,Endothelial,True,train
ATCTGCCTCCTGTAGA-1_2_1,bpd,BPDPH7mo,aCap,aCap,Endothelial,True,train
GATCGCGGTCTGCGGT-1_2_1,bpd,BPDPH7mo,aCap,aCap,Endothelial,True,test
ATTCTACTCGTGGGAA-1_2_1,bpd,BPDPH7mo,aCap,aCap,Endothelial,True,train
TTATGCTCATATACCG-1_2_1,bpd,BPDPH7mo,aCap,aCap,Endothelial,True,train
CGGAGCTGTCGGGTCT-1_2_1,bpd,BPDPH7mo,aCap,aCap,Endothelial,True,train
CGTTCTGGTGCTGTAT-1_2_1,bpd,BPDPH7mo,aCap,aCap,Endothelial,True,train
GACGCGTGTCACTTCC-1_2_1,bpd,BPDPH7mo,aCap,aCap,Endothelial,True,train
ACGGCCACAGATCCAT-1_2_1,bpd,BPDPH7mo,aCap,aCap,Endothelial,True,train
CTTTGCGTCACATAGC-1_2_1,bpd,BPDPH7mo,aCap,aCap,Endothelial,True,train
GGGTTGCCACCAGGCT-1_2_1,bpd,BPDPH7mo,aCap,aCap,Endothelial,True,train
CACAGTACACATTTCT-1_2_1,bpd,BPDPH7mo,aCap,aCap,Endothelial,True,train
CTGTTTACACGGTAAG-1_2_1,bpd,BPDPH7mo,aCap,aCap,Endothelial,True,train
CACCTTGGTATCAGTC-1_2_1,bpd,BPDPH7mo,aCap,aCap,Endothelial,True,train
TCGTAGATCATATCGG-1_2_1,bpd,BPDPH7mo,aCap,aCap,Endothelial,True,train
ACTGCTCAGTCCAGGA-1_2_1,bpd,BPDPH7mo,aCap,aCap,Endothelial,True,train
GCTGGGTCACATGTGT-1_2_1,bpd,BPDPH7mo,aCap,aCap,Endothelial,True,train
AAGCCGCCAGGATTGG-1_2_1,bpd,BPDPH7mo,aCap,aCap,Endothelial,True,train
ACACCAATCGGTCCGA-1_2_1,bpd,BPDPH7mo,aCap,aCap,Endothelial,True,train
CTCTACGTCTCCAGGG-1_2_1,bpd,BPDPH7mo,aCap,aCap,Endothelial,True,test
GGAATAAAGAATTGTG-1_2_1,bpd,BPDPH7mo,aCap,aCap,Endothelial,True,train
TGCTGCTGTCGATTGT-1_2_1,bpd,BPDPH7mo,aCap,aCap,Endothelial,True,train
TGCCCTAGTTTCGCTC-1_2_1,bpd,BPDPH7mo,aCap,aCap,Endothelial,True,train
AGCTCCTCATCGGACC-1_2_1,bpd,BPDPH7mo,aCap,aCap,Endothelial,True,train
TTGCGTCAGCCGCCTA-1_2_1,bpd,BPDPH7mo,aCap,aCap,Endothelial,True,train
GAATAAGCAGGTCTCG-1_2_1,bpd,BPDPH7mo,aCap,aCap,Endothelial,True,train
CATGGCGCACTCTGTC-1_2_1,bpd,BPDPH7mo,aCap,aCap,Endothelial,True,train
ACAGCCGGTCTCCATC-1_2_1,bpd,BPDPH7mo,aCap,aCap,Endothelial,True,train
CAGATCATCCAAAGTC-1_2_1,bpd,BPDPH7mo,aCap,aCap,Endothelial,True,train
AGAGCTTGTAAGTTCC-1_2_1,bpd,BPDPH7mo,aCap,aCap,Endothelial,True,train
TGGGCGTCACGAGAGT-1_2_1,bpd,BPDPH7mo,aCap,aCap,Endothelial,True,train
TGACAACCACGGCGTT-1_2_1,bpd,BPDPH7mo,aCap,aCap,Endothelial,True,train
GATCTAGGTGTGGTTT-1_2_1,bpd,BPDPH7mo,aCap,aCap,Endothelial,True,train
ACTGATGCACATTAGC-1_2_1,bpd,BPDPH7mo,aCap,aCap,Endothelial,True,train
ACTTACTGTTAGTGGG-1_2_1,bpd,BPDPH7mo,aCap,aCap,Endothelial,True,test
CAACCTCAGTCTCCTC-1_2_1,bpd,BPDPH7mo,aCap,aCap,Endothelial,True,train
GATCGATTCAGTCAGT-1_2_1,bpd,BPDPH7mo,aCap,aCap,Endothelial,True,train
GTCTCGTAGGATTCGG-1_2_1,bpd,BPDPH7mo,aCap,aCap,Endothelial,True,train
TAGGCATGTAAAGTCA-1_2_1,bpd,BPDPH7mo,aCap,aCap,Endothelial,True,train
ACATACGTCAGAGCTT-1_2_1,bpd,BPDPH7mo,aCap,aCap,Endothelial,True,test
GTGCTTCAGTCATCCA-1_2_1,bpd,BPDPH7mo,aCap,aCap,Endothelial,True,train
AAGGTTCAGAAGCCCA-1_2_1,bpd,BPDPH7mo,aCap,aCap,Endothelial,True,train
AAAGTAGCATGAACCT-1_2_1,bpd,BPDPH7mo,aCap,aCap,Endothelial,True,train
CTCAGAAGTCATTAGC-1_2_1,bpd,BPDPH7mo,aCap,aCap,Endothelial,True,train
GCAGTTAGTGGTCTCG-1_2_1,bpd,BPDPH7mo,aCap,aCap,Endothelial,True,train
TGGCTGGGTCTCTTAT-1_2_1,bpd,BPDPH7mo,aCap,aCap,Endothelial,True,test
TAAGTGCTCGTCTGAA-1_2_1,bpd,BPDPH7mo,aCap,aCap,Endothelial,True,train
GTCACGGGTCCGAACC-1_2_1,bpd,BPDPH7mo,aCap,aCap,Endothelial,True,test
TCTTCGGAGTTACGGG-1_2_1,bpd,BPDPH7mo,aCap,aCap,Endothelial,True,test
CACATTTAGAGACGAA-1_2_1,bpd,BPDPH7mo,aCap,aCap,Endothelial,True,train
CTGATAGAGCGAGAAA-1_2_1,bpd,BPDPH7mo,aCap,aCap,Endothelial,True,train
ACTGAACAGGCTAGCA-1_2_1,bpd,BPDPH7mo,aCap,aCap,Endothelial,True,train
CATTATCCACATTAGC-1_2_1,bpd,BPDPH7mo,aCap,aCap,Endothelial,True,test
GGGCACTCACTCAGGC-1_2_1,bpd,BPDPH7mo,aCap,aCap,Endothelial,True,train
TAGAGCTGTAGGCTGA-1_2_1,bpd,BPDPH7mo,aCap,aCap,Endothelial,True,train
AGCGGTCAGCTCTCGG-1_2_1,bpd,BPDPH7mo,aCap,aCap,Endothelial,True,train
CCATGTCGTAGCACGA-1_2_1,bpd,BPDPH7mo,aCap,aCap,Endothelial,True,train
ACGGCCATCGGCTACG-1_2_1,bpd,BPDPH7mo,aCap,aCap,Endothelial,True,train
ACTGTCCCACCAGATT-1_2_1,bpd,BPDPH7mo,aCap,aCap,Endothelial,True,test
GCAGCCATCTGTTGAG-1_2_1,bpd,BPDPH7mo,aCap,aCap,Endothelial,True,train
CGATCGGCAAATACAG-1_2_1,bpd,BPDPH7mo,aCap,aCap,Endothelial,True,test
TTTCCTCGTACAGACG-1_2_1,bpd,BPDPH7mo,aCap,aCap,Endothelial,True,test
ACATGGTTCCGATATG-1_2_1,bpd,BPDPH7mo,aCap,aCap,Endothelial,True,train
GACGTGCAGAGTACAT-1_2_1,bpd,BPDPH7mo,aCap,aCap,Endothelial,True,train
ACGATGTGTTCGCGAC-1_2_1,bpd,BPDPH7mo,aCap,aCap,Endothelial,True,train
CACCTTGGTGATGTGG-1_2_1,bpd,BPDPH7mo,aCap,aCap,Endothelial,True,train
ACCGTAAAGCTGAAAT-1_2_1,bpd,BPDPH7mo,aCap,aCap,Endothelial,True,train
AGGTCCGGTGAACCTT-1_2_1,bpd,BPDPH7mo,aCap,aCap,Endothelial,True,train
CCGTACTTCAGAGCTT-1_2_1,bpd,BPDPH7mo,aCap,aCap,Endothelial,True,train
TGGGAAGAGTGGTCCC-1_2_1,bpd,BPDPH7mo,aCap,aCap,Endothelial,True,test
CATGCCTAGTTCGCAT-1_2_1,bpd,BPDPH7mo,aCap,aCap,Endothelial,True,test
TGCTACCTCTTGTATC-1_2_1,bpd,BPDPH7mo,aCap,aCap,Endothelial,True,test
AAGACCTGTCCGACGT-1_2_1,bpd,BPDPH7mo,aCap,aCap,Endothelial,True,train
GTTCGGGTCGGCGCAT-1_2_1,bpd,BPDPH7mo,aCap,aCap,Endothelial,True,train
TGATTTCAGTCTCGGC-1_2_1,bpd,BPDPH7mo,aCap,aCap,Endothelial,True,train
GGCTGGTTCCTTCAAT-1_2_1,bpd,BPDPH7mo,aCap,aCap,Endothelial,True,test
CCACTACAGATCGATA-1_2_1,bpd,BPDPH7mo,aCap,aCap,Endothelial,True,train
TTAGGCAAGACCACGA-1_2_1,bpd,BPDPH7mo,aCap,aCap,Endothelial,True,train
AACTCTTAGTGTACGG-1_2_1,bpd,BPDPH7mo,aCap,aCap,Endothelial,True,test
AAACGGGGTGACCAAG-1_2_1,bpd,BPDPH7mo,aCap,aCap,Endothelial,True,train
CCTTCGACACTCTGTC-1_2_1,bpd,BPDPH7mo,aCap,aCap,Endothelial,True,train
TTTGTCAAGGGCATGT-1_2_1,bpd,BPDPH7mo,aCap,aCap,Endothelial,True,train
GCATACAAGACTGTAA-1_2_1,bpd,BPDPH7mo,aCap,aCap,Endothelial,True,test
ACATCAGCAGATTGCT-1_2_1,bpd,BPDPH7mo,aCap,aCap,Endothelial,True,train
TGTCCCATCATTGCGA-1_2_1,bpd,BPDPH7mo,aCap,aCap,Endothelial,True,train
TTCGAAGTCTATGTGG-1_2_1,bpd,BPDPH7mo,aCap,aCap,Endothelial,True,test
AGGGATGTCGGAGGTA-1_2_1,bpd,BPDPH7mo,aCap,aCap,Endothelial,True,train
TTTCCTCAGCTATGCT-1_2_1,bpd,BPDPH7mo,aCap,aCap,Endothelial,True,train
TACGGATGTCTCTCGT-1_2_1,bpd,BPDPH7mo,aCap,aCap,Endothelial,True,train
TAAGTGCAGAAACCAT-1_2_1,bpd,BPDPH7mo,aCap,aCap,Endothelial,True,train
TTATGCTTCTCATTCA-1_2_1,bpd,BPDPH7mo,aCap,aCap,Endothelial,True,train
CATATGGGTGTGGTTT-1_2_1,bpd,BPDPH7mo,aCap,aCap,Endothelial,True,train
CTCGTACAGATGCCAG-1_2_1,bpd,BPDPH7mo,aCap,aCap,Endothelial,True,train
CCCAGTTCACTATCTT-1_2_1,bpd,BPDPH7mo,aCap,aCap,Endothelial,True,train
ACCCACTCAGTTAACC-1_2_1,bpd,BPDPH7mo,aCap,aCap,Endothelial,True,train
AGCTTGAAGTTAACGA-1_2_1,bpd,BPDPH7mo,aCap,aCap,Endothelial,True,train
GAGCAGAGTGCTGTAT-1_2_1,bpd,BPDPH7mo,aCap,aCap,Endothelial,True,train
ACTGTCCCACGCATCG-1_2_1,bpd,BPDPH7mo,aCap,aCap,Endothelial,True,train
AATCCAGGTCTGCAAT-1_2_1,bpd,BPDPH7mo,aCap,aCap,Endothelial,True,test
ACGAGCCAGAGTGAGA-1_2_1,bpd,BPDPH7mo,aCap,aCap,Endothelial,True,test
GCGACCACATTTGCCC-1_2_1,bpd,BPDPH7mo,aCap,aCap,Endothelial,True,train
AGCAGCCCAGTATGCT-1_2_1,bpd,BPDPH7mo,aCap,aCap,Endothelial,True,train
TGCGGGTGTCCATCCT-1_2_1,bpd,BPDPH7mo,aCap,aCap,Endothelial,True,train
CCATGTCCAATAACGA-1_2_1,bpd,BPDPH7mo,aCap,aCap,Endothelial,True,train
ATTCTACAGATAGGAG-1_2_1,bpd,BPDPH7mo,aCap,aCap,Endothelial,True,train
CTAACTTGTACAGACG-1_2_1,bpd,BPDPH7mo,aCap,aCap,Endothelial,True,test
CGCTATCGTCTAGCCG-1_2_1,bpd,BPDPH7mo,aCap,aCap,Endothelial,True,train
ACTGATGAGAAGATTC-1_2_1,bpd,BPDPH7mo,aCap,aCap,Endothelial,True,train
CATTATCAGTGGTAAT-1_2_1,bpd,BPDPH7mo,aCap,aCap,Endothelial,True,train
ACTGCTCCATTGTGCA-1_2_1,bpd,BPDPH7mo,aCap,aCap,Endothelial,True,train
GAGTCCGGTCTGCGGT-1_2_1,bpd,BPDPH7mo,aCap,aCap,Endothelial,True,train
ACCAGTACACAGGAGT-1_2_1,bpd,BPDPH7mo,aCap,aCap,Endothelial,True,train
CTAATGGAGCCAGTTT-1_2_1,bpd,BPDPH7mo,aCap,aCap,Endothelial,True,train
AGGCCACGTCCGTCAG-1_2_1,bpd,BPDPH7mo,aCap,aCap,Endothelial,True,train
AGACGTTCAGATGGCA-1_2_1,bpd,BPDPH7mo,aCap,aCap,Endothelial,True,train
GTCGTAAAGACGACGT-1_2_1,bpd,BPDPH7mo,aCap,aCap,Endothelial,True,train
TCAGCTCTCGTTTATC-1_2_1,bpd,BPDPH7mo,aCap,aCap,Endothelial,True,train
CGAACATTCGCGTAGC-1_2_1,bpd,BPDPH7mo,aCap,aCap,Endothelial,True,train
CGACCTTGTTCCGGCA-1_2_1,bpd,BPDPH7mo,aCap,aCap,Endothelial,True,train
ACCTTTACATAGTAAG-1_2_1,bpd,BPDPH7mo,aCap,aCap,Endothelial,True,train
GCTTGAATCCATGCTC-1_2_1,bpd,BPDPH7mo,aCap,aCap,Endothelial,True,train
GTCACGGGTGCCTGGT-1_2_1,bpd,BPDPH7mo,aCap,aCap,Endothelial,True,train
GACGTTAAGAGCCCAA-1_2_1,bpd,BPDPH7mo,aCap,aCap,Endothelial,True,train
ACTTGTTGTCTGCCAG-1_2_1,bpd,BPDPH7mo,aCap,aCap,Endothelial,True,train
GACGCGTCACACTGCG-1_2_1,bpd,BPDPH7mo,aCap,aCap,Endothelial,True,train
CGAATGTGTCCGAACC-1_2_1,bpd,BPDPH7mo,aCap,aCap,Endothelial,True,train
CTCTACGCACCTTGTC-1_2_1,bpd,BPDPH7mo,aCap,aCap,Endothelial,True,train
CGCGGTAAGTCTCCTC-1_2_1,bpd,BPDPH7mo,aCap,aCap,Endothelial,True,train
TGGTTAGGTCAGAGGT-1_2_1,bpd,BPDPH7mo,aCap,aCap,Endothelial,True,train
GACGTTAAGTGATCGG-1_2_1,bpd,BPDPH7mo,aCap,aCap,Endothelial,True,train
CGCGTTTAGTACGTAA-1_2_1,bpd,BPDPH7mo,aCap,aCap,Endothelial,True,train
TCCACACCATCGACGC-1_2_1,bpd,BPDPH7mo,aCap,aCap,Endothelial,True,train
CTCGAAATCCGGCACA-1_2_1,bpd,BPDPH7mo,aCap,aCap,Endothelial,True,train
GCAATCATCGAACTGT-1_2_1,bpd,BPDPH7mo,aCap,aCap,Endothelial,True,test
CAAGAAAGTGGTTTCA-1_2_1,bpd,BPDPH7mo,aCap,aCap,Endothelial,True,train
GTGAAGGTCACGATGT-1_2_1,bpd,BPDPH7mo,aCap,aCap,Endothelial,True,valid
CTCTACGCAGATGAGC-1_2_1,bpd,BPDPH7mo,aCap,aCap,Endothelial,True,train
GACGGCTAGCTAGTGG-1_2_1,bpd,BPDPH7mo,aCap,aCap,Endothelial,True,train
TGACTAGTCTCTAAGG-1_2_1,bpd,BPDPH7mo,aCap,aCap,Endothelial,True,train
CTCTACGCAAGGTTTC-1_2_1,bpd,BPDPH7mo,aCap,aCap,Endothelial,True,train
AAATGCCAGGTGCTTT-1_2_1,bpd,BPDPH7mo,aCap,aCap,Endothelial,True,train
ACTGAGTTCTGGCGTG-1_2_1,bpd,BPDPH7mo,aCap,aCap,Endothelial,True,test
TCATTTGAGGTGATAT-1_2_1,bpd,BPDPH7mo,aCap,aCap,Endothelial,True,train
CCGTTCACAGTCGATT-1_2_1,bpd,BPDPH7mo,aCap,aCap,Endothelial,True,train
GGAACTTTCAACACTG-1_2_1,bpd,BPDPH7mo,aCap,aCap,Endothelial,True,train
ACTGAGTGTCCGTTAA-1_2_1,bpd,BPDPH7mo,aCap,aCap,Endothelial,True,train
CGATGGCCAACTGCTA-1_2_1,bpd,BPDPH7mo,aCap,aCap,Endothelial,True,train
TTCGGTCCATCGATTG-1_2_1,bpd,BPDPH7mo,aCap,aCap,Endothelial,True,train
CTAGCCTAGAGGGATA-1_2_1,bpd,BPDPH7mo,aCap,aCap,Endothelial,True,train
CCTTTCTGTTAAGATG-1_2_1,bpd,BPDPH7mo,aCap,aCap,Endothelial,True,train
TACAGTGTCTCGCTTG-1_2_1,bpd,BPDPH7mo,aCap,aCap,Endothelial,True,train
AGGGTGACAGCGTTCG-1_2_1,bpd,BPDPH7mo,aCap,aCap,Endothelial,True,train
ATCCACCAGTATTGGA-1_2_1,bpd,BPDPH7mo,aCap,aCap,Endothelial,True,train
TGTGTTTGTGCCTGCA-1_2_1,bpd,BPDPH7mo,aCap,aCap,Endothelial,True,test
TCGTAGAGTCTAGCGC-1_2_1,bpd,BPDPH7mo,aCap,aCap,Endothelial,True,train
CACACTCGTCGGCATC-1_2_1,bpd,BPDPH7mo,aCap,aCap,Endothelial,True,train
CGTCCATTCCAAATGC-1_2_1,bpd,BPDPH7mo,aCap,aCap,Endothelial,True,train
GCAGCCATCGGAGCAA-1_2_1,bpd,BPDPH7mo,aCap,aCap,Endothelial,True,test
TCTCATAAGTCCCACG-1_2_1,bpd,BPDPH7mo,aCap,aCap,Endothelial,True,train
TACCTTACACCCATTC-1_2_1,bpd,BPDPH7mo,aCap,aCap,Endothelial,True,train
GTCCTCACATGGAATA-1_2_1,bpd,BPDPH7mo,aCap,aCap,Endothelial,True,train
AGGTCCGCAGCTGCAC-1_2_1,bpd,BPDPH7mo,aCap,aCap,Endothelial,True,train
GTTCATTGTCAAACTC-1_2_1,bpd,BPDPH7mo,aCap,aCap,Endothelial,True,test
GTATCTTTCGCGTTTC-1_2_1,bpd,BPDPH7mo,aCap,aCap,Endothelial,True,train
CCTTCCCCACCAGATT-1_2_1,bpd,BPDPH7mo,aCap,aCap,Endothelial,True,train
CACATTTGTGTGGCTC-1_2_1,bpd,BPDPH7mo,aCap,aCap,Endothelial,True,train
CTGTTTAGTTGCTCCT-1_2_1,bpd,BPDPH7mo,aCap,aCap,Endothelial,True,test
ATTGGTGTCTGGAGCC-1_2_1,bpd,BPDPH7mo,aCap,aCap,Endothelial,True,train
CTTACCGCAACGATGG-1_2_1,bpd,BPDPH7mo,aCap,aCap,Endothelial,True,train
TACACGAAGTTATCGC-1_2_1,bpd,BPDPH7mo,aCap,aCap,Endothelial,True,train
TTTGTCAAGAGCCTAG-1_2_1,bpd,BPDPH7mo,aCap,aCap,Endothelial,True,train
GGAAAGCCATTGAGCT-1_2_1,bpd,BPDPH7mo,aCap,aCap,Endothelial,True,test
GAAACTCCAGCATGAG-1_2_1,bpd,BPDPH7mo,aCap,aCap,Endothelial,True,test
GCGGGTTCACTTGGAT-1_2_1,bpd,BPDPH7mo,aCap,aCap,Endothelial,True,train
GTGTGCGCAGGGTATG-1_2_1,bpd,BPDPH7mo,aCap,aCap,Endothelial,True,train
ACTGAGTGTGAGGGAG-1_2_1,bpd,BPDPH7mo,aCap,aCap,Endothelial,True,train
ATCATCTGTCGAGATG-1_2_1,bpd,BPDPH7mo,aCap,aCap,Endothelial,True,train
CAGCCGATCTTCGGTC-1_2_1,bpd,BPDPH7mo,aCap,aCap,Endothelial,True,train
CTCCTAGTCGGCATCG-1_2_1,bpd,BPDPH7mo,aCap,aCap,Endothelial,True,train
GTAACGTGTATAGGGC-1_2_1,bpd,BPDPH7mo,aCap,aCap,Endothelial,True,train
GATCAGTCACTTCGAA-1_2_1,bpd,BPDPH7mo,aCap,aCap,Endothelial,True,train
GCATACAAGCTCTCGG-1_2_1,bpd,BPDPH7mo,aCap,aCap,Endothelial,True,train
TTCGAAGCAAGAAAGG-1_2_1,bpd,BPDPH7mo,aCap,aCap,Endothelial,True,train
TCTCATATCTCCAACC-1_2_1,bpd,BPDPH7mo,aCap,aCap,Endothelial,True,train
GTACTTTGTACCGCTG-1_2_1,bpd,BPDPH7mo,aCap,aCap,Endothelial,True,test
TTGAACGCAAATTGCC-1_2_1,bpd,BPDPH7mo,aCap,aCap,Endothelial,True,test
GTATCTTTCTCTGCTG-1_2_1,bpd,BPDPH7mo,aCap,aCap,Endothelial,True,test
GAACCTACATTTCACT-1_2_1,bpd,BPDPH7mo,aCap,aCap,Endothelial,True,train
CAGCTAAAGTACACCT-1_2_1,bpd,BPDPH7mo,aCap,aCap,Endothelial,True,test
CTAGCCTTCGCGTTTC-1_2_1,bpd,BPDPH7mo,aCap,aCap,Endothelial,True,train
TTATGCTAGCCCAATT-1_2_1,bpd,BPDPH7mo,aCap,aCap,Endothelial,True,train
GAGCAGATCTCTGTCG-1_2_1,bpd,BPDPH7mo,aCap,aCap,Endothelial,True,train
GCGCCAAGTTAGAACA-1_2_1,bpd,BPDPH7mo,aCap,aCap,Endothelial,True,train
GGCTGGTAGTCGCCGT-1_2_1,bpd,BPDPH7mo,aCap,aCap,Endothelial,True,train
CTACATTCACCATCCT-1_2_1,bpd,BPDPH7mo,aCap,aCap,Endothelial,True,train
TCGGTAAGTCAGAAGC-1_2_1,bpd,BPDPH7mo,aCap,aCap,Endothelial,True,train
ATTCTACGTCAGGACA-1_2_1,bpd,BPDPH7mo,aCap,aCap,Endothelial,True,train
TGAGAGGAGTCTCAAC-1_2_1,bpd,BPDPH7mo,aCap,aCap,Endothelial,True,train
CTAGTGAGTTATTCTC-1_2_1,bpd,BPDPH7mo,aCap,aCap,Endothelial,True,train
TCAATCTTCCCATTAT-1_2_1,bpd,BPDPH7mo,aCap,aCap,Endothelial,True,train
GTCTCGTGTCTCCATC-1_2_1,bpd,BPDPH7mo,aCap,aCap,Endothelial,True,train
TCAGCAAGTCTTCTCG-1_2_1,bpd,BPDPH7mo,aCap,aCap,Endothelial,True,train
CTTAACTAGACCCACC-1_2_1,bpd,BPDPH7mo,aCap,aCap,Endothelial,True,train
CGACCTTCAGACGCTC-1_2_1,bpd,BPDPH7mo,aCap,aCap,Endothelial,True,train
GAAACTCCAGTGGGAT-1_1,bpd,BPDPH7mo,aCap,aCap,Endothelial,True,train
TACGGTATCGCGGATC-1_1,bpd,BPDPH7mo,aCap,aCap,Endothelial,True,train
ATTGGACAGCGTCAAG-1_1,bpd,BPDPH7mo,aCap,aCap,Endothelial,True,train
GCGCCAACAATCTACG-1_1,bpd,BPDPH7mo,aCap,aCap,Endothelial,True,train
CGGACGTTCGATGAGG-1_1,bpd,BPDPH7mo,aCap,aCap,Endothelial,True,test
TTAACTCGTGATGTCT-1_1,bpd,BPDPH7mo,aCap,aCap,Endothelial,True,train
CACACAATCATTTGGG-1_1,bpd,BPDPH7mo,aCap,aCap,Endothelial,True,train
CCTCAGTCATTCACTT-1_1,bpd,BPDPH7mo,aCap,aCap,Endothelial,True,train
ATTGGACAGGTGTGGT-1_1,bpd,BPDPH7mo,aCap,aCap,Endothelial,True,train
ACTTACTTCGGACAAG-1_1,bpd,BPDPH7mo,aCap,aCap,Endothelial,True,train
AAGGAGCCATTCTCAT-1_1,bpd,BPDPH7mo,aCap,aCap,Endothelial,True,train
AAGGAGCGTATAGTAG-1_1,bpd,BPDPH7mo,aCap,aCap,Endothelial,True,train
ATCGAGTTCCGTAGGC-1_1,bpd,BPDPH7mo,aCap,aCap,Endothelial,True,train
TACAGTGAGGTGCTTT-1_1,bpd,BPDPH7mo,aCap,aCap,Endothelial,True,train
ATCTGCCAGTGTGAAT-1_1,bpd,BPDPH7mo,aCap,aCap,Endothelial,True,train
GGTGCGTGTTGCGCAC-1_1,bpd,BPDPH7mo,aCap,aCap,Endothelial,True,train
CGACCTTCAGGGTATG-1_1,bpd,BPDPH7mo,aCap,aCap,Endothelial,True,train
GATCTAGCAGAAGCAC-1_1,bpd,BPDPH7mo,aCap,aCap,Endothelial,True,train
ATGCGATAGTGCGTGA-1_1,bpd,BPDPH7mo,aCap,aCap,Endothelial,True,train
GGACATTAGGCTCATT-1_1,bpd,BPDPH7mo,aCap,aCap,Endothelial,True,train
GACTAACCAACGCACC-1_1,bpd,BPDPH7mo,aCap,aCap,Endothelial,True,train
ATAGACCAGCTGCAAG-1_1,bpd,BPDPH7mo,aCap,aCap,Endothelial,True,test
AGAATAGAGTAACCCT-1_1,bpd,BPDPH7mo,aCap,aCap,Endothelial,True,train
TGGGAAGGTAAAGTCA-1_1,bpd,BPDPH7mo,aCap,aCap,Endothelial,True,train
AGGCCACTCTGCGTAA-1_1,bpd,BPDPH7mo,aCap,aCap,Endothelial,True,test
CACAGGCTCTCTAGGA-1_1,bpd,BPDPH7mo,aCap,aCap,Endothelial,True,train
CTCGGGATCCGAACGC-1_1,bpd,BPDPH7mo,aCap,aCap,Endothelial,True,test
AGCGTATGTATATGAG-1_1,bpd,BPDPH7mo,aCap,aCap,Endothelial,True,train
TACTTACGTGCAACGA-1_1,bpd,BPDPH7mo,aCap,aCap,Endothelial,True,train
TGGTTAGAGTCTCGGC-1_1,bpd,BPDPH7mo,aCap,aCap,Endothelial,True,train
TGTGGTACATAAAGGT-1_1,bpd,BPDPH7mo,aCap,aCap,Endothelial,True,train
ATTGGTGTCCTATTCA-1_1,bpd,BPDPH7mo,aCap,aCap,Endothelial,True,train
GCCAAATAGCGATGAC-1_1,bpd,BPDPH7mo,aCap,aCap,Endothelial,True,train
ATTCTACTCGTACCGG-1_1,bpd,BPDPH7mo,aCap,aCap,Endothelial,True,test
TAGACCAGTAAGTTCC-1_1,bpd,BPDPH7mo,aCap,aCap,Endothelial,True,train
TGGCCAGTCGACCAGC-1_1,bpd,BPDPH7mo,aCap,aCap,Endothelial,True,train
GTATCTTCACAACGCC-1_1,bpd,BPDPH7mo,aCap,aCap,Endothelial,True,train
CACAGTATCGCATGGC-1_1,bpd,BPDPH7mo,aCap,aCap,Endothelial,True,train
CGACTTCAGAGTAATC-1_1,bpd,BPDPH7mo,aCap,aCap,Endothelial,True,train
GGATTACAGCTAGCCC-1_1,bpd,BPDPH7mo,aCap,aCap,Endothelial,True,train
CCCAATCAGACTTTCG-1_1,bpd,BPDPH7mo,aCap,aCap,Endothelial,True,train
CATCGAAAGGTGATAT-1_1,bpd,BPDPH7mo,aCap,aCap,Endothelial,True,train
CCTTCCCTCTCTTGAT-1_1,bpd,BPDPH7mo,aCap,aCap,Endothelial,True,train
AGATTGCCAACCGCCA-1_1,bpd,BPDPH7mo,aCap,aCap,Endothelial,True,train
AGGGATGGTCCATCCT-1_1,bpd,BPDPH7mo,aCap,aCap,Endothelial,True,train
GATCAGTCAATGAATG-1_1,bpd,BPDPH7mo,aCap,aCap,Endothelial,True,train
GGTGTTAAGTTGAGAT-1_1,bpd,BPDPH7mo,aCap,aCap,Endothelial,True,train
TTTGTCATCCTAGGGC-1_1,bpd,BPDPH7mo,aCap,aCap,Endothelial,True,train
AGTAGTCAGCTAGTGG-1_1,bpd,BPDPH7mo,aCap,aCap,Endothelial,True,test
AAGCCGCAGCGACGTA-1_1,bpd,BPDPH7mo,aCap,aCap,Endothelial,True,train
GGGATGAGTTACCGAT-1_1,bpd,BPDPH7mo,aCap,aCap,Endothelial,True,train
CACATAGAGACTGTAA-1_1,bpd,BPDPH7mo,aCap,aCap,Endothelial,True,train
GAACATCGTTAGAACA-1_1,bpd,BPDPH7mo,aCap,aCap,Endothelial,True,train
TTGACTTCACCCTATC-1_1,bpd,BPDPH7mo,aCap,aCap,Endothelial,True,train
ATCCGAACAAATTGCC-1_1,bpd,BPDPH7mo,aCap,aCap,Endothelial,True,train
AGAGCTTCAAGGTTCT-1_1,bpd,BPDPH7mo,aCap,aCap,Endothelial,True,test
GCAAACTGTGTCAATC-1_1,bpd,BPDPH7mo,aCap,aCap,Endothelial,True,train
ATAGACCAGATCTGCT-1_1,bpd,BPDPH7mo,aCap,aCap,Endothelial,True,train
TGTATTCCATATGAGA-1_1,bpd,BPDPH7mo,aCap,aCap,Endothelial,True,train
AGAGTGGTCATGTGGT-1_1,bpd,BPDPH7mo,aCap,aCap,Endothelial,True,train
CTGAAGTCAAGCCCAC-1_1,bpd,BPDPH7mo,aCap,aCap,Endothelial,True,train
GGCTCGACAGCGTAAG-1_1,bpd,BPDPH7mo,aCap,aCap,Endothelial,True,train
GTAGGCCTCGCAAGCC-1_1,bpd,BPDPH7mo,aCap,aCap,Endothelial,True,train
TCGTAGAAGCCGATTT-1_1,bpd,BPDPH7mo,aCap,aCap,Endothelial,True,train
GATCGATCAAACCTAC-1_1,bpd,BPDPH7mo,aCap,aCap,Endothelial,True,train
ATTACTCAGCGTTCCG-1_1,bpd,BPDPH7mo,aCap,aCap,Endothelial,True,train
TCGTAGACAGTAACGG-1_1,bpd,BPDPH7mo,aCap,aCap,Endothelial,True,train
GCGCAGTGTCGGGTCT-1_1,bpd,BPDPH7mo,aCap,aCap,Endothelial,True,train
GGACAGATCTTCGAGA-1_1,bpd,BPDPH7mo,aCap,aCap,Endothelial,True,train
CACAGTATCCTTTCGG-1_1,bpd,BPDPH7mo,aCap,aCap,Endothelial,True,train
TACTTACAGCACCGTC-1_1,bpd,BPDPH7mo,aCap,aCap,Endothelial,True,train
CGATCGGAGTGGCACA-1_1,bpd,BPDPH7mo,aCap,aCap,Endothelial,True,train
CGTCTACGTTCCCGAG-1_1,bpd,BPDPH7mo,aCap,aCap,Endothelial,True,train
ATGGGAGAGACTTTCG-1_1,bpd,BPDPH7mo,aCap,aCap,Endothelial,True,train
GATCGTATCACGACTA-1_1,bpd,BPDPH7mo,aCap,aCap,Endothelial,True,train
CGATTGATCTCTTATG-1_1,bpd,BPDPH7mo,aCap,aCap,Endothelial,True,train
TCAGGATGTATGGTTC-1_1,bpd,BPDPH7mo,aCap,aCap,Endothelial,True,train
GAGCAGAAGTACCGGA-1_1,bpd,BPDPH7mo,aCap,aCap,Endothelial,True,train
GTCACGGCAGTACACT-1_1,bpd,BPDPH7mo,aCap,aCap,Endothelial,True,test
TGCCCATTCGGCTACG-1_1,bpd,BPDPH7mo,aCap,aCap,Endothelial,True,train
ACAGCCGCATGCTGGC-1_1,bpd,BPDPH7mo,aCap,aCap,Endothelial,True,train
AACTCCCAGGACTGGT-1_1,bpd,BPDPH7mo,aCap,aCap,Endothelial,True,train
TCAATCTTCTCTTGAT-1_1,bpd,BPDPH7mo,aCap,aCap,Endothelial,True,train
CGTCTACTCGTTTATC-1_1,bpd,BPDPH7mo,aCap,aCap,Endothelial,True,test
GGCAATTCACGTCTCT-1_1,bpd,BPDPH7mo,aCap,aCap,Endothelial,True,train
GATGCTAAGCCATCGC-1_1,bpd,BPDPH7mo,aCap,aCap,Endothelial,True,train
AAAGCAATCCACGTTC-1_1,bpd,BPDPH7mo,aCap,aCap,Endothelial,True,train
CCACGGACAGTAACGG-1_1,bpd,BPDPH7mo,aCap,aCap,Endothelial,True,train
GGCGTGTTCACCCGAG-1_1,bpd,BPDPH7mo,aCap,aCap,Endothelial,True,train
GGCTCGAAGAAGATTC-1_1,bpd,BPDPH7mo,aCap,aCap,Endothelial,True,train
ATTTCTGAGATATACG-1_1,bpd,BPDPH7mo,aCap,aCap,Endothelial,True,train
GAACCTACATCTCGCT-1_1,bpd,BPDPH7mo,aCap,aCap,Endothelial,True,train
GGAAAGCCAGGGCATA-1_1,bpd,BPDPH7mo,aCap,aCap,Endothelial,True,train
CAACCTCGTCATTAGC-1_1,bpd,BPDPH7mo,aCap,aCap,Endothelial,True,test
CGTTGGGAGACTGTAA-1_1,bpd,BPDPH7mo,aCap,aCap,Endothelial,True,train
CAAGAAATCGCAGGCT-1_1,bpd,BPDPH7mo,aCap,aCap,Endothelial,True,train
ACTTGTTGTACTCTCC-1_1,bpd,BPDPH7mo,aCap,aCap,Endothelial,True,train
CATGGCGGTTAAAGTG-1_1,bpd,BPDPH7mo,aCap,aCap,Endothelial,True,train
AGCGGTCCACATAACC-1_1,bpd,BPDPH7mo,aCap,aCap,Endothelial,True,train
GGCTCGAGTGATGTCT-1_1,bpd,BPDPH7mo,aCap,aCap,Endothelial,True,train
CACAGTATCGGAATCT-1_1,bpd,BPDPH7mo,aCap,aCap,Endothelial,True,train
AGTAGTCAGGGCTTCC-1_1,bpd,BPDPH7mo,aCap,aCap,Endothelial,True,train
CTAATGGAGTACCGGA-1_1,bpd,BPDPH7mo,aCap,aCap,Endothelial,True,train
GCACATAGTTTGACAC-1_1,bpd,BPDPH7mo,aCap,aCap,Endothelial,True,train
GTGGGTCAGGAATGGA-1_1,bpd,BPDPH7mo,aCap,aCap,Endothelial,True,train
GATCTAGCAATTGCTG-1_1,bpd,BPDPH7mo,aCap,aCap,Endothelial,True,test
ACTGTCCGTTAAGAAC-1_1,bpd,BPDPH7mo,aCap,aCap,Endothelial,True,train
CCTCTGATCACCATAG-1_1,bpd,BPDPH7mo,aCap,aCap,Endothelial,True,train
CGCTATCAGGCTATCT-1_1,bpd,BPDPH7mo,aCap,aCap,Endothelial,True,train
CTCAGAACATGCTAGT-1_1,bpd,BPDPH7mo,aCap,aCap,Endothelial,True,train
CACATAGTCGCTAGCG-1_1,bpd,BPDPH7mo,aCap,aCap,Endothelial,True,train
CTGAAGTAGAGCCTAG-1_1,bpd,BPDPH7mo,aCap,aCap,Endothelial,True,train
TTGAACGAGCCATCGC-1_1,bpd,BPDPH7mo,aCap,aCap,Endothelial,True,train
TCACAAGGTCCGTTAA-1_1,bpd,BPDPH7mo,aCap,aCap,Endothelial,True,train
GCTGGGTAGTCCATAC-1_2_1,bpd,BPDPH7mo,gCap,gCap,Endothelial,True,train
ATGAGGGTCTACTATC-1_2_1,bpd,BPDPH7mo,gCap,gCap,Endothelial,True,train
CAGATCACAAGGTTCT-1_2_1,bpd,BPDPH7mo,gCap,gCap,Endothelial,True,train
CAAGTTGGTCTGATCA-1_2_1,bpd,BPDPH7mo,gCap,gCap,Endothelial,True,train
AACACGTTCTTGTACT-1_2_1,bpd,BPDPH7mo,gCap,gCap,Endothelial,True,train
CACAAACTCGAATCCA-1_2_1,bpd,BPDPH7mo,gCap,gCap,Endothelial,True,train
AAGACCTAGGGTTTCT-1_2_1,bpd,BPDPH7mo,gCap,gCap,Endothelial,True,train
GTGCAGCAGAAGGACA-1_2_1,bpd,BPDPH7mo,gCap,gCap,Endothelial,True,train
TTCTCAATCAGTACGT-1_2_1,bpd,BPDPH7mo,gCap,gCap,Endothelial,True,train
GAACATCTCTCCGGTT-1_2_1,bpd,BPDPH7mo,gCap,gCap,Endothelial,True,train
TAGAGCTTCCAAATGC-1_2_1,bpd,BPDPH7mo,gCap,gCap,Endothelial,True,train
GATGAAATCGGAAATA-1_2_1,bpd,BPDPH7mo,gCap,gCap,Endothelial,True,train
CAAGATCAGCCTATGT-1_2_1,bpd,BPDPH7mo,gCap,gCap,Endothelial,True,train
GTCCTCACACAACGTT-1_2_1,bpd,BPDPH7mo,gCap,gCap,Endothelial,True,train
TTAACTCCAAGCTGTT-1_2_1,bpd,BPDPH7mo,gCap,gCap,Endothelial,True,train
GACGTTATCAGCACAT-1_2_1,bpd,BPDPH7mo,gCap,gCap,Endothelial,True,train
GAGTCCGCACAGGAGT-1_2_1,bpd,BPDPH7mo,gCap,gCap,Endothelial,True,train
GGCAATTCAAGACACG-1_2_1,bpd,BPDPH7mo,gCap,gCap,Endothelial,True,train
ATAACGCTCATCTGTT-1_2_1,bpd,BPDPH7mo,gCap,gCap,Endothelial,True,train
TGGCTGGTCTCGATGA-1_2_1,bpd,BPDPH7mo,gCap,gCap,Endothelial,True,train
CAGCAGCTCGATAGAA-1_2_1,bpd,BPDPH7mo,gCap,gCap,Endothelial,True,train
CACAAACCAGCATACT-1_2_1,bpd,BPDPH7mo,gCap,gCap,Endothelial,True,train
AGCTTGAGTTGTTTGG-1_2_1,bpd,BPDPH7mo,gCap,gCap,Endothelial,True,train
TCTGGAACAGTATAAG-1_2_1,bpd,BPDPH7mo,gCap,gCap,Endothelial,True,train
CTTAACTTCAGCATGT-1_2_1,bpd,BPDPH7mo,gCap,gCap,Endothelial,True,train
GTATCTTTCGCCATAA-1_2_1,bpd,BPDPH7mo,gCap,gCap,Endothelial,True,train
CCATGTCTCCAATGGT-1_2_1,bpd,BPDPH7mo,gCap,gCap,Endothelial,True,train
GGCAATTCAGCGTCCA-1_2_1,bpd,BPDPH7mo,gCap,gCap,Endothelial,True,train
GGCTGGTGTTAAAGTG-1_2_1,bpd,BPDPH7mo,gCap,gCap,Endothelial,True,train
CACCACTAGCTAGTTC-1_2_1,bpd,BPDPH7mo,gCap,gCap,Endothelial,True,train
CGCTATCAGGTTCCTA-1_2_1,bpd,BPDPH7mo,gCap,gCap,Endothelial,True,train
AGCAGCCTCGGCGCTA-1_2_1,bpd,BPDPH7mo,gCap,gCap,Endothelial,True,train
CTGCCTATCGATCCCT-1_2_1,bpd,BPDPH7mo,gCap,gCap,Endothelial,True,train
GTGCTTCAGCCGCCTA-1_2_1,bpd,BPDPH7mo,gCap,gCap,Endothelial,True,train
GAGTCCGTCGCATGAT-1_2_1,bpd,BPDPH7mo,gCap,gCap,Endothelial,True,train
CTCTGGTGTCGCGAAA-1_2_1,bpd,BPDPH7mo,gCap,gCap,Endothelial,True,train
CATCGGGTCTTGCCGT-1_2_1,bpd,BPDPH7mo,gCap,gCap,Endothelial,True,test
TTGGAACTCATATCGG-1_2_1,bpd,BPDPH7mo,gCap,gCap,Endothelial,True,train
AAAGTAGGTGTTAAGA-1_2_1,bpd,BPDPH7mo,gCap,gCap,Endothelial,True,test
GGTGTTAGTTGTACAC-1_2_1,bpd,BPDPH7mo,gCap,gCap,Endothelial,True,train
CGCTGGAAGAGGACGG-1_2_1,bpd,BPDPH7mo,gCap,gCap,Endothelial,True,train
GTGCGGTGTGCAACTT-1_2_1,bpd,BPDPH7mo,gCap,gCap,Endothelial,True,train
TAGTGGTAGCGATGAC-1_2_1,bpd,BPDPH7mo,gCap,gCap,Endothelial,True,train
TCAGATGTCGGAGGTA-1_2_1,bpd,BPDPH7mo,gCap,gCap,Endothelial,True,train
CATCGAACATAAGACA-1_2_1,bpd,BPDPH7mo,gCap,gCap,Endothelial,True,test
AGGGATGAGCGTAATA-1_2_1,bpd,BPDPH7mo,gCap,gCap,Endothelial,True,train
GGTGTTAGTTATCGGT-1_2_1,bpd,BPDPH7mo,gCap,gCap,Endothelial,True,train
TATTACCTCTCTGAGA-1_2_1,bpd,BPDPH7mo,gCap,gCap,Endothelial,True,train
TGAGCCGCATTTGCTT-1_2_1,bpd,BPDPH7mo,gCap,gCap,Endothelial,True,train
GCGCAACTCCTTGGTC-1_2_1,bpd,BPDPH7mo,gCap,gCap,Endothelial,True,train
GGACGTCAGGAGTTTA-1_2_1,bpd,BPDPH7mo,gCap,gCap,Endothelial,True,train
AGAGCTTCAGTAAGAT-1_2_1,bpd,BPDPH7mo,gCap,gCap,Endothelial,True,train
CAGAGAGGTATCAGTC-1_2_1,bpd,BPDPH7mo,gCap,gCap,Endothelial,True,train
CTCATTATCTCGCATC-1_2_1,bpd,BPDPH7mo,gCap,gCap,Endothelial,True,train
CGTCCATTCAATCTCT-1_2_1,bpd,BPDPH7mo,gCap,gCap,Endothelial,True,train
GAATGAACATGTAGTC-1_2_1,bpd,BPDPH7mo,gCap,gCap,Endothelial,True,train
AAGGAGCCACTGCCAG-1_2_1,bpd,BPDPH7mo,gCap,gCap,Endothelial,True,train
TCAACGAAGGCTCATT-1_2_1,bpd,BPDPH7mo,gCap,gCap,Endothelial,True,train
AACTCCCAGACTTTCG-1_2_1,bpd,BPDPH7mo,gCap,gCap,Endothelial,True,train
GCATGATAGACCACGA-1_2_1,bpd,BPDPH7mo,gCap,gCap,Endothelial,True,train
AAAGATGTCTGGTATG-1_2_1,bpd,BPDPH7mo,gCap,gCap,Endothelial,True,train
AGATTGCAGAACTGTA-1_2_1,bpd,BPDPH7mo,gCap,gCap,Endothelial,True,train
TAGACCAAGAAACCAT-1_2_1,bpd,BPDPH7mo,gCap,gCap,Endothelial,True,train
CATATTCTCCGTTGCT-1_2_1,bpd,BPDPH7mo,gCap,gCap,Endothelial,True,train
CCTCAGTAGTTAGGTA-1_2_1,bpd,BPDPH7mo,gCap,gCap,Endothelial,True,train
GGTGAAGTCTCTAGGA-1_2_1,bpd,BPDPH7mo,gCap,gCap,Endothelial,True,train
CATATTCAGGCCCGTT-1_2_1,bpd,BPDPH7mo,gCap,gCap,Endothelial,True,train
GTCACGGTCTCACATT-1_2_1,bpd,BPDPH7mo,gCap,gCap,Endothelial,True,train
ACACCAAAGTATCGAA-1_2_1,bpd,BPDPH7mo,gCap,gCap,Endothelial,True,train
ACGTCAAAGACCTAGG-1_2_1,bpd,BPDPH7mo,gCap,gCap,Endothelial,True,train
CGACCTTTCAAGGTAA-1_2_1,bpd,BPDPH7mo,gCap,gCap,Endothelial,True,train
CCTAAAGTCACAGGCC-1_2_1,bpd,BPDPH7mo,gCap,gCap,Endothelial,True,train
ATTACTCTCCCAAGTA-1_2_1,bpd,BPDPH7mo,gCap,gCap,Endothelial,True,train
CAGAATCGTAACGCGA-1_2_1,bpd,BPDPH7mo,gCap,gCap,Endothelial,True,train
CAGATCAGTACATGTC-1_2_1,bpd,BPDPH7mo,gCap,gCap,Endothelial,True,train
ATTTCTGAGGAGTAGA-1_2_1,bpd,BPDPH7mo,gCap,gCap,Endothelial,True,train
AAACGGGCACCTCGTT-1_2_1,bpd,BPDPH7mo,gCap,gCap,Endothelial,True,train
TCAGGTAAGGTAGCTG-1_2_1,bpd,BPDPH7mo,gCap,gCap,Endothelial,True,train
CATGGCGCAGCTGCTG-1_2_1,bpd,BPDPH7mo,gCap,gCap,Endothelial,True,train
GTAACGTCAGACTCGC-1_2_1,bpd,BPDPH7mo,gCap,gCap,Endothelial,True,train
CCGGGATAGAAAGTGG-1_2_1,bpd,BPDPH7mo,gCap,gCap,Endothelial,True,train
CAGTCCTAGGAGTTTA-1_2_1,bpd,BPDPH7mo,gCap,gCap,Endothelial,True,train
GATGCTAAGACTAAGT-1_2_1,bpd,BPDPH7mo,gCap,gCap,Endothelial,True,train
TTTCCTCTCAGCCTAA-1_2_1,bpd,BPDPH7mo,gCap,gCap,Endothelial,True,train
ATGTGTGAGAAACGAG-1_2_1,bpd,BPDPH7mo,gCap,gCap,Endothelial,True,train
CTGATAGTCAGCCTAA-1_2_1,bpd,BPDPH7mo,gCap,gCap,Endothelial,True,train
GTAACTGAGTTGTAGA-1_2_1,bpd,BPDPH7mo,gCap,gCap,Endothelial,True,train
CAGCCGAGTTAGAACA-1_2_1,bpd,BPDPH7mo,gCap,gCap,Endothelial,True,train
CATTATCCATTTCAGG-1_2_1,bpd,BPDPH7mo,gCap,gCap,Endothelial,True,train
GGAGCAATCGGAGGTA-1_2_1,bpd,BPDPH7mo,gCap,gCap,Endothelial,True,train
GTACTTTCAAATACAG-1_2_1,bpd,BPDPH7mo,gCap,gCap,Endothelial,True,train
AGTTGGTAGCTTTGGT-1_2_1,bpd,BPDPH7mo,gCap,gCap,Endothelial,True,train
ACGGGTCCACCTCGTT-1_2_1,bpd,BPDPH7mo,gCap,gCap,Endothelial,True,train
GGACAAGTCGCCCTTA-1_2_1,bpd,BPDPH7mo,gCap,gCap,Endothelial,True,train
TTCTACATCGGCGCAT-1_2_1,bpd,BPDPH7mo,gCap,gCap,Endothelial,True,train
GAAATGAAGCAGCCTC-1_2_1,bpd,BPDPH7mo,gCap,gCap,Endothelial,True,train
AAGGTTCTCTACTATC-1_2_1,bpd,BPDPH7mo,gCap,gCap,Endothelial,True,train
CAGCATAGTAGAGCTG-1_2_1,bpd,BPDPH7mo,gCap,gCap,Endothelial,True,train
TTAGTTCAGTGGCACA-1_2_1,bpd,BPDPH7mo,gCap,gCap,Endothelial,True,train
TACGGGCAGTTATCGC-1_2_1,bpd,BPDPH7mo,gCap,gCap,Endothelial,True,train
ACTGAGTAGTTGAGAT-1_2_1,bpd,BPDPH7mo,gCap,gCap,Endothelial,True,train
TTAGGCATCCGCATAA-1_2_1,bpd,BPDPH7mo,gCap,gCap,Endothelial,True,train
GTAGGCCAGTGTCCCG-1_2_1,bpd,BPDPH7mo,gCap,gCap,Endothelial,True,train
TCTCATATCTCTTGAT-1_2_1,bpd,BPDPH7mo,gCap,gCap,Endothelial,True,train
TTCTCCTAGTGTTTGC-1_2_1,bpd,BPDPH7mo,gCap,gCap,Endothelial,True,train
CCTACCAGTACGAAAT-1_2_1,bpd,BPDPH7mo,gCap,gCap,Endothelial,True,train
CCGGGATCACAGACTT-1_2_1,bpd,BPDPH7mo,gCap,gCap,Endothelial,True,train
GAACCTACATTCACTT-1_2_1,bpd,BPDPH7mo,gCap,gCap,Endothelial,True,train
GCCTCTATCTGCTTGC-1_2_1,bpd,BPDPH7mo,gCap,gCap,Endothelial,True,train
GTCCTCAGTGCCTGTG-1_2_1,bpd,BPDPH7mo,gCap,gCap,Endothelial,True,train
ACACCGGCACGAAATA-1_2_1,bpd,BPDPH7mo,gCap,gCap,Endothelial,True,train
TACTCGCAGCGATCCC-1_2_1,bpd,BPDPH7mo,gCap,gCap,Endothelial,True,train
GTATCTTAGCCACTAT-1_2_1,bpd,BPDPH7mo,gCap,gCap,Endothelial,True,train
TACCTTAAGTGACTCT-1_2_1,bpd,BPDPH7mo,gCap,gCap,Endothelial,True,train
CCTAGCTTCTAACTCT-1_2_1,bpd,BPDPH7mo,gCap,gCap,Endothelial,True,train
GCAAACTTCAGTCCCT-1_2_1,bpd,BPDPH7mo,gCap,gCap,Endothelial,True,train
CGGACGTTCTTAGAGC-1_2_1,bpd,BPDPH7mo,gCap,gCap,Endothelial,True,train
CAGTCCTGTCCAACTA-1_2_1,bpd,BPDPH7mo,gCap,gCap,Endothelial,True,train
TTTCCTCGTAAAGTCA-1_2_1,bpd,BPDPH7mo,gCap,gCap,Endothelial,True,train
GCATGATTCACATACG-1_2_1,bpd,BPDPH7mo,gCap,gCap,Endothelial,True,train
GTGTTAGCAGCATACT-1_2_1,bpd,BPDPH7mo,gCap,gCap,Endothelial,True,train
CTGAAACCAAGCGATG-1_2_1,bpd,BPDPH7mo,gCap,gCap,Endothelial,True,train
CTCGGAGCAGATTGCT-1_2_1,bpd,BPDPH7mo,gCap,gCap,Endothelial,True,train
AAGGCAGTCCAGAGGA-1_2_1,bpd,BPDPH7mo,gCap,gCap,Endothelial,True,train
ACGCCGAGTGTCAATC-1_2_1,bpd,BPDPH7mo,gCap,gCap,Endothelial,True,test
CTAAGACGTAAATGTG-1_2_1,bpd,BPDPH7mo,gCap,gCap,Endothelial,True,train
TCGCGTTGTCTCCATC-1_2_1,bpd,BPDPH7mo,gCap,gCap,Endothelial,True,test
GGAATAAGTCCATGAT-1_2_1,bpd,BPDPH7mo,gCap,gCap,Endothelial,True,train
AAGCCGCTCTCGTTTA-1_2_1,bpd,BPDPH7mo,gCap,gCap,Endothelial,True,test
TTAGGCAGTAACGACG-1_2_1,bpd,BPDPH7mo,gCap,gCap,Endothelial,True,train
CTGTGCTCAACACCTA-1_2_1,bpd,BPDPH7mo,gCap,gCap,Endothelial,True,train
CGACTTCGTTTCGCTC-1_2_1,bpd,BPDPH7mo,gCap,gCap,Endothelial,True,train
AAGGTTCTCAAGGCTT-1_2_1,bpd,BPDPH7mo,gCap,gCap,Endothelial,True,train
TACAGTGGTATTACCG-1_2_1,bpd,BPDPH7mo,gCap,gCap,Endothelial,True,train
AAAGTAGAGATCGGGT-1_2_1,bpd,BPDPH7mo,gCap,gCap,Endothelial,True,train
CTCTAATAGCTGAACG-1_2_1,bpd,BPDPH7mo,gCap,gCap,Endothelial,True,train
ACACCAACAGCAGTTT-1_2_1,bpd,BPDPH7mo,gCap,gCap,Endothelial,True,train
CTACATTGTCTGGTCG-1_2_1,bpd,BPDPH7mo,gCap,gCap,Endothelial,True,train
CTCTAATCAGACAAGC-1_2_1,bpd,BPDPH7mo,gCap,gCap,Endothelial,True,train
CAGCCGATCTATCGCC-1_2_1,bpd,BPDPH7mo,gCap,gCap,Endothelial,True,train
ACCCACTTCCGCAGTG-1_2_1,bpd,BPDPH7mo,gCap,gCap,Endothelial,True,train
AAATGCCCAATGTTGC-1_2_1,bpd,BPDPH7mo,gCap,gCap,Endothelial,True,train
CACCACTGTTTGTGTG-1_2_1,bpd,BPDPH7mo,gCap,gCap,Endothelial,True,test
TAGGCATTCTGCGGCA-1_2_1,bpd,BPDPH7mo,gCap,gCap,Endothelial,True,train
ACCCACTAGACAATAC-1_2_1,bpd,BPDPH7mo,gCap,gCap,Endothelial,True,test
GAAGCAGCACTTGGAT-1_2_1,bpd,BPDPH7mo,gCap,gCap,Endothelial,True,train
CAACTAGTCATCTGCC-1_2_1,bpd,BPDPH7mo,gCap,gCap,Endothelial,True,train
AATCGGTGTATAGTAG-1_2_1,bpd,BPDPH7mo,gCap,gCap,Endothelial,True,train
TCCCGATTCTTGTATC-1_2_1,bpd,BPDPH7mo,gCap,gCap,Endothelial,True,train
TTAGGACCATTAACCG-1_2_1,bpd,BPDPH7mo,gCap,gCap,Endothelial,True,train
TTTGCGCTCAGCTGGC-1_2_1,bpd,BPDPH7mo,gCap,gCap,Endothelial,True,train
TTGAACGTCAACGGGA-1_2_1,bpd,BPDPH7mo,gCap,gCap,Endothelial,True,train
CGATGTAGTCTAGTGT-1_2_1,bpd,BPDPH7mo,gCap,gCap,Endothelial,True,train
GCTCCTATCTGAGGGA-1_2_1,bpd,BPDPH7mo,gCap,gCap,Endothelial,True,train
CGATGTACAACACGCC-1_2_1,bpd,BPDPH7mo,gCap,gCap,Endothelial,True,train
TGGTTAGTCAATACCG-1_2_1,bpd,BPDPH7mo,gCap,gCap,Endothelial,True,test
GTTCATTAGTCCGGTC-1_2_1,bpd,BPDPH7mo,gCap,gCap,Endothelial,True,train
CGAACATGTGTTAAGA-1_2_1,bpd,BPDPH7mo,gCap,gCap,Endothelial,True,train
AATCGGTGTCAGATAA-1_2_1,bpd,BPDPH7mo,gCap,gCap,Endothelial,True,train
CATGGCGTCTCAAACG-1_2_1,bpd,BPDPH7mo,gCap,gCap,Endothelial,True,train
CGCGTTTAGATATACG-1_2_1,bpd,BPDPH7mo,gCap,gCap,Endothelial,True,train
GAGCAGACACAACGTT-1_2_1,bpd,BPDPH7mo,gCap,gCap,Endothelial,True,train
CTCCTAGTCGGAGGTA-1_2_1,bpd,BPDPH7mo,gCap,gCap,Endothelial,True,test
CGCCAAGCACTCGACG-1_2_1,bpd,BPDPH7mo,gCap,gCap,Endothelial,True,train
TGAGAGGTCATTTGGG-1_2_1,bpd,BPDPH7mo,gCap,gCap,Endothelial,True,train
GCCAAATTCTGCGTAA-1_2_1,bpd,BPDPH7mo,gCap,gCap,Endothelial,True,train
TTATGCTTCGAGGTAG-1_2_1,bpd,BPDPH7mo,gCap,gCap,Endothelial,True,train
ATAAGAGCATGCCACG-1_2_1,bpd,BPDPH7mo,gCap,gCap,Endothelial,True,train
ATGGGAGGTAGCGATG-1_2_1,bpd,BPDPH7mo,gCap,gCap,Endothelial,True,train
CTCGAAAAGACTGGGT-1_2_1,bpd,BPDPH7mo,gCap,gCap,Endothelial,True,train
TGTCCCATCATCACCC-1_2_1,bpd,BPDPH7mo,gCap,gCap,Endothelial,True,train
TCTTCGGGTCATCCCT-1_2_1,bpd,BPDPH7mo,gCap,gCap,Endothelial,True,train
CGTGTAATCCAAACAC-1_2_1,bpd,BPDPH7mo,gCap,gCap,Endothelial,True,train
GGTGTTATCTAACCGA-1_2_1,bpd,BPDPH7mo,gCap,gCap,Endothelial,True,train
AAGGAGCCAGGACGTA-1_2_1,bpd,BPDPH7mo,gCap,gCap,Endothelial,True,train
GGAAAGCAGGCGATAC-1_2_1,bpd,BPDPH7mo,gCap,gCap,Endothelial,True,train
ACCAGTACAATGAAAC-1_2_1,bpd,BPDPH7mo,gCap,gCap,Endothelial,True,train
GGATGTTTCAGCTTAG-1_2_1,bpd,BPDPH7mo,gCap,gCap,Endothelial,True,train
CGCTATCAGCGTCAAG-1_2_1,bpd,BPDPH7mo,gCap,gCap,Endothelial,True,train
GATGAGGCACTATCTT-1_2_1,bpd,BPDPH7mo,gCap,gCap,Endothelial,True,train
CGACCTTGTCATCCCT-1_2_1,bpd,BPDPH7mo,gCap,gCap,Endothelial,True,train
TGGGAAGCAAGCCGTC-1_2_1,bpd,BPDPH7mo,gCap,gCap,Endothelial,True,train
GGCGTGTTCTCGAGTA-1_2_1,bpd,BPDPH7mo,gCap,gCap,Endothelial,True,train
CAGATCACAGTATCTG-1_2_1,bpd,BPDPH7mo,gCap,gCap,Endothelial,True,train
CGATCGGCAATTCCTT-1_2_1,bpd,BPDPH7mo,gCap,gCap,Endothelial,True,train
TTGAACGGTTCCGGCA-1_2_1,bpd,BPDPH7mo,gCap,gCap,Endothelial,True,train
GGGTCTGGTAGCGCAA-1_2_1,bpd,BPDPH7mo,gCap,gCap,Endothelial,True,test
GTCAAGTAGAGAGCTC-1_2_1,bpd,BPDPH7mo,gCap,gCap,Endothelial,True,train
CCTACCACACCAGATT-1_2_1,bpd,BPDPH7mo,gCap,gCap,Endothelial,True,train
GATGAGGCACAGATTC-1_2_1,bpd,BPDPH7mo,gCap,gCap,Endothelial,True,train
CCAATCCCAGTCCTTC-1_2_1,bpd,BPDPH7mo,gCap,gCap,Endothelial,True,test
TTTGGTTCACAGCGTC-1_2_1,bpd,BPDPH7mo,gCap,gCap,Endothelial,True,train
TGTATTCCAAGTTCTG-1_2_1,bpd,BPDPH7mo,gCap,gCap,Endothelial,True,train
ATGTGTGCATTAGGCT-1_2_1,bpd,BPDPH7mo,gCap,gCap,Endothelial,True,train
CATGCCTCATCTATGG-1_2_1,bpd,BPDPH7mo,gCap,gCap,Endothelial,True,train
TTTCCTCCACTTAACG-1_2_1,bpd,BPDPH7mo,gCap,gCap,Endothelial,True,train
ACTGCTCCAGCTGCAC-1_2_1,bpd,BPDPH7mo,gCap,gCap,Endothelial,True,train
TCTTTCCGTCTCCATC-1_2_1,bpd,BPDPH7mo,gCap,gCap,Endothelial,True,train
CATCAGATCGAGAGCA-1_2_1,bpd,BPDPH7mo,gCap,gCap,Endothelial,True,train
CGCTTCATCACAGGCC-1_2_1,bpd,BPDPH7mo,gCap,gCap,Endothelial,True,train
ACGATGTTCTGTTGAG-1_2_1,bpd,BPDPH7mo,gCap,gCap,Endothelial,True,train
CCTCTGAGTAAGCACG-1_2_1,bpd,BPDPH7mo,gCap,gCap,Endothelial,True,train
CATATGGTCAACCATG-1_2_1,bpd,BPDPH7mo,gCap,gCap,Endothelial,True,test
TGATTTCTCAAACAAG-1_2_1,bpd,BPDPH7mo,gCap,gCap,Endothelial,True,train
CTAGTGACAGCTTAAC-1_2_1,bpd,BPDPH7mo,gCap,gCap,Endothelial,True,train
CCCAGTTCAGCAGTTT-1_2_1,bpd,BPDPH7mo,gCap,gCap,Endothelial,True,test
ATGAGGGGTTCCGGCA-1_2_1,bpd,BPDPH7mo,gCap,gCap,Endothelial,True,train
ACGATACTCGGACAAG-1_2_1,bpd,BPDPH7mo,gCap,gCap,Endothelial,True,train
ATTGGACAGGAGTTGC-1_2_1,bpd,BPDPH7mo,gCap,gCap,Endothelial,True,train
CTTAACTGTTGAGTTC-1_2_1,bpd,BPDPH7mo,gCap,gCap,Endothelial,True,train
TGGTTAGAGGGTCTCC-1_2_1,bpd,BPDPH7mo,gCap,gCap,Endothelial,True,train
ACTTACTCAGCCTGTG-1_2_1,bpd,BPDPH7mo,gCap,gCap,Endothelial,True,train
GAAGCAGTCTAACTGG-1_2_1,bpd,BPDPH7mo,gCap,gCap,Endothelial,True,train
ACTATCTCAGTGGAGT-1_2_1,bpd,BPDPH7mo,gCap,gCap,Endothelial,True,train
AGCTCCTAGTAATCCC-1_2_1,bpd,BPDPH7mo,gCap,gCap,Endothelial,True,train
TACCTATCACCTCGGA-1_2_1,bpd,BPDPH7mo,gCap,gCap,Endothelial,True,train
GTTTCTATCACAGGCC-1_2_1,bpd,BPDPH7mo,gCap,gCap,Endothelial,True,train
TGGTTAGGTTAGGGTG-1_2_1,bpd,BPDPH7mo,gCap,gCap,Endothelial,True,train
GTCGTAAGTAAGTAGT-1_2_1,bpd,BPDPH7mo,gCap,gCap,Endothelial,True,train
GCACATAAGATATGGT-1_2_1,bpd,BPDPH7mo,gCap,gCap,Endothelial,True,train
ACGCCAGTCAGGCGAA-1_2_1,bpd,BPDPH7mo,gCap,gCap,Endothelial,True,train
GGCAATTTCATGTCTT-1_2_1,bpd,BPDPH7mo,gCap,gCap,Endothelial,True,test
TGCCAAATCCGTCATC-1_2_1,bpd,BPDPH7mo,gCap,gCap,Endothelial,True,train
CGAGCCATCAGAGGTG-1_2_1,bpd,BPDPH7mo,gCap,gCap,Endothelial,True,train
CACAGGCGTACAGTGG-1_2_1,bpd,BPDPH7mo,gCap,gCap,Endothelial,True,train
CCTTCCCTCATCACCC-1_2_1,bpd,BPDPH7mo,gCap,gCap,Endothelial,True,train
GTTTCTAGTGCTTCTC-1_2_1,bpd,BPDPH7mo,gCap,gCap,Endothelial,True,train
TCAGGATAGACCGGAT-1_2_1,bpd,BPDPH7mo,gCap,gCap,Endothelial,True,train
CACACAAAGGAGCGAG-1_2_1,bpd,BPDPH7mo,gCap,gCap,Endothelial,True,train
ACGGGTCCATCTCGCT-1_2_1,bpd,BPDPH7mo,gCap,gCap,Endothelial,True,train
TAAGCGTTCTGCAAGT-1_2_1,bpd,BPDPH7mo,gCap,gCap,Endothelial,True,train
ACTTGTTAGCCACGTC-1_2_1,bpd,BPDPH7mo,gCap,gCap,Endothelial,True,train
TGGTTAGGTGGACGAT-1_2_1,bpd,BPDPH7mo,gCap,gCap,Endothelial,True,train
CTCGAGGGTCATCGGC-1_2_1,bpd,BPDPH7mo,gCap,gCap,Endothelial,True,test
AGAGCGATCACCGTAA-1_2_1,bpd,BPDPH7mo,gCap,gCap,Endothelial,True,test
CAGCCGACAAGCCATT-1_2_1,bpd,BPDPH7mo,gCap,gCap,Endothelial,True,train
GTCCTCATCCTATGTT-1_2_1,bpd,BPDPH7mo,gCap,gCap,Endothelial,True,train
TAGAGCTAGAGACTTA-1_2_1,bpd,BPDPH7mo,gCap,gCap,Endothelial,True,train
GGCGACTGTTTCGCTC-1_2_1,bpd,BPDPH7mo,gCap,gCap,Endothelial,True,train
TCTGGAAGTCGACTAT-1_2_1,bpd,BPDPH7mo,gCap,gCap,Endothelial,True,train
CTCGTCATCAGGTAAA-1_2_1,bpd,BPDPH7mo,gCap,gCap,Endothelial,True,train
TACTCATAGGACAGCT-1_2_1,bpd,BPDPH7mo,gCap,gCap,Endothelial,True,train
CTGCGGACATCACCCT-1_2_1,bpd,BPDPH7mo,gCap,gCap,Endothelial,True,train
ACTGAGTAGAGGTTGC-1_2_1,bpd,BPDPH7mo,gCap,gCap,Endothelial,True,train
CAAGAAAAGAGGTTAT-1_2_1,bpd,BPDPH7mo,gCap,gCap,Endothelial,True,train
AGTTGGTCATGCTGGC-1_2_1,bpd,BPDPH7mo,gCap,gCap,Endothelial,True,train
ACTGATGAGACTACAA-1_2_1,bpd,BPDPH7mo,gCap,gCap,Endothelial,True,train
CGTGTAAGTGTAAGTA-1_2_1,bpd,BPDPH7mo,gCap,gCap,Endothelial,True,train
CTTAACTCACTTAAGC-1_2_1,bpd,BPDPH7mo,gCap,gCap,Endothelial,True,train
CTAAGACTCAATCACG-1_2_1,bpd,BPDPH7mo,gCap,gCap,Endothelial,True,train
GATCGCGCAGGAATCG-1_2_1,bpd,BPDPH7mo,gCap,gCap,Endothelial,True,train
GACGGCTAGGACAGCT-1_2_1,bpd,BPDPH7mo,gCap,gCap,Endothelial,True,train
TGTGTTTGTTCCCGAG-1_2_1,bpd,BPDPH7mo,gCap,gCap,Endothelial,True,train
CTAACTTCAACCGCCA-1_2_1,bpd,BPDPH7mo,gCap,gCap,Endothelial,True,train
GCAAACTCAGGGTTAG-1_2_1,bpd,BPDPH7mo,gCap,gCap,Endothelial,True,train
TTGCCGTTCGTTTAGG-1_2_1,bpd,BPDPH7mo,gCap,gCap,Endothelial,True,train
GACTACATCTCGGACG-1_2_1,bpd,BPDPH7mo,gCap,gCap,Endothelial,True,train
TGGCGCATCATTGCGA-1_2_1,bpd,BPDPH7mo,gCap,gCap,Endothelial,True,train
GCATGTATCCGTAGGC-1_2_1,bpd,BPDPH7mo,gCap,gCap,Endothelial,True,train
ACCAGTATCGCCAAAT-1_2_1,bpd,BPDPH7mo,gCap,gCap,Endothelial,True,train
ACGGGTCCAACAACCT-1_2_1,bpd,BPDPH7mo,gCap,gCap,Endothelial,True,train
CTAAGACAGAATAGGG-1_2_1,bpd,BPDPH7mo,gCap,gCap,Endothelial,True,train
ACAGCCGAGCTGGAAC-1_2_1,bpd,BPDPH7mo,gCap,gCap,Endothelial,True,train
TGACTTTCACACGCTG-1_2_1,bpd,BPDPH7mo,gCap,gCap,Endothelial,True,train
TTGAACGCATGCTAGT-1_2_1,bpd,BPDPH7mo,gCap,gCap,Endothelial,True,test
GCCTCTACAGCCTTGG-1_2_1,bpd,BPDPH7mo,gCap,gCap,Endothelial,True,train
AGAGCGACAATGAATG-1_2_1,bpd,BPDPH7mo,gCap,gCap,Endothelial,True,train
GAATGAATCAGAAATG-1_2_1,bpd,BPDPH7mo,gCap,gCap,Endothelial,True,train
AACTCAGAGGAATTAC-1_2_1,bpd,BPDPH7mo,gCap,gCap,Endothelial,True,train
ATTTCTGGTAGAGCTG-1_2_1,bpd,BPDPH7mo,gCap,gCap,Endothelial,True,train
ACTGTCCTCGCCCTTA-1_2_1,bpd,BPDPH7mo,gCap,gCap,Endothelial,True,train
CAGCTAATCTATCCCG-1_2_1,bpd,BPDPH7mo,gCap,gCap,Endothelial,True,train
CTAAGACCAATCAGAA-1_2_1,bpd,BPDPH7mo,gCap,gCap,Endothelial,True,train
CTGATCCAGAGTTGGC-1_2_1,bpd,BPDPH7mo,gCap,gCap,Endothelial,True,test
GACCTGGGTTGATTCG-1_2_1,bpd,BPDPH7mo,gCap,gCap,Endothelial,True,train
CTAAGACTCTGGTATG-1_2_1,bpd,BPDPH7mo,gCap,gCap,Endothelial,True,train
GCGAGAATCTCGTTTA-1_2_1,bpd,BPDPH7mo,gCap,gCap,Endothelial,True,train
GAATGAAAGTAGTGCG-1_2_1,bpd,BPDPH7mo,gCap,gCap,Endothelial,True,train
CGTAGGCCAGCCAGAA-1_2_1,bpd,BPDPH7mo,gCap,gCap,Endothelial,True,train
GTCCTCACATTATCTC-1_2_1,bpd,BPDPH7mo,gCap,gCap,Endothelial,True,train
CCCAATCTCCAAACTG-1_2_1,bpd,BPDPH7mo,gCap,gCap,Endothelial,True,train
CGTCAGGGTTATCCGA-1_2_1,bpd,BPDPH7mo,gCap,gCap,Endothelial,True,train
CTACGTCAGATTACCC-1_2_1,bpd,BPDPH7mo,gCap,gCap,Endothelial,True,train
ATCACGAGTGCGGTAA-1_2_1,bpd,BPDPH7mo,gCap,gCap,Endothelial,True,train
CAGCATAAGGGAAACA-1_2_1,bpd,BPDPH7mo,gCap,gCap,Endothelial,True,train
GTCATTTAGATGTAAC-1_2_1,bpd,BPDPH7mo,gCap,gCap,Endothelial,True,train
CTGATCCCAGTTAACC-1_2_1,bpd,BPDPH7mo,gCap,gCap,Endothelial,True,train
GCGGGTTAGAGTCGGT-1_2_1,bpd,BPDPH7mo,gCap,gCap,Endothelial,True,train
ATTTCTGAGCCGTCGT-1_2_1,bpd,BPDPH7mo,gCap,gCap,Endothelial,True,train
GTTACAGTCTACGAGT-1_2_1,bpd,BPDPH7mo,gCap,gCap,Endothelial,True,train
GAACGGAGTAAGAGAG-1_2_1,bpd,BPDPH7mo,gCap,gCap,Endothelial,True,valid
AACACGTCAAAGAATC-1_2_1,bpd,BPDPH7mo,gCap,gCap,Endothelial,True,train
CGGAGCTAGGTGATAT-1_2_1,bpd,BPDPH7mo,gCap,gCap,Endothelial,True,train
GCAGTTAAGAGGGATA-1_2_1,bpd,BPDPH7mo,gCap,gCap,Endothelial,True,train
ATCACGATCTCTAGGA-1_2_1,bpd,BPDPH7mo,gCap,gCap,Endothelial,True,train
ATCTGCCCAGTTTACG-1_2_1,bpd,BPDPH7mo,gCap,gCap,Endothelial,True,train
CGAATGTAGGATCGCA-1_2_1,bpd,BPDPH7mo,gCap,gCap,Endothelial,True,train
CGTGTCTTCTGTACGA-1_2_1,bpd,BPDPH7mo,gCap,gCap,Endothelial,True,train
ACATGGTCAGACGTAG-1_2_1,bpd,BPDPH7mo,gCap,gCap,Endothelial,True,train
AGGGATGCACAACGCC-1_2_1,bpd,BPDPH7mo,gCap,gCap,Endothelial,True,train
TCGCGTTTCACCATAG-1_2_1,bpd,BPDPH7mo,gCap,gCap,Endothelial,True,train
CATCGAACAACGCACC-1_2_1,bpd,BPDPH7mo,gCap,gCap,Endothelial,True,train
GGACAAGCAGGTGGAT-1_2_1,bpd,BPDPH7mo,gCap,gCap,Endothelial,True,train
TCGGGACCATTACGAC-1_2_1,bpd,BPDPH7mo,gCap,gCap,Endothelial,True,train
TTCTACATCCTGTAGA-1_2_1,bpd,BPDPH7mo,gCap,gCap,Endothelial,True,train
GGGAATGAGCCAGGAT-1_2_1,bpd,BPDPH7mo,gCap,gCap,Endothelial,True,train
AATCGGTCACCACCAG-1_2_1,bpd,BPDPH7mo,gCap,gCap,Endothelial,True,train
TACGGTATCCGCAGTG-1_2_1,bpd,BPDPH7mo,gCap,gCap,Endothelial,True,train
TCACGAATCTATGTGG-1_2_1,bpd,BPDPH7mo,gCap,gCap,Endothelial,True,train
CACCAGGTCGGGAGTA-1_2_1,bpd,BPDPH7mo,gCap,gCap,Endothelial,True,train
CAGAGAGAGCTATGCT-1_2_1,bpd,BPDPH7mo,gCap,gCap,Endothelial,True,train
GTCACGGTCAATCTCT-1_2_1,bpd,BPDPH7mo,gCap,gCap,Endothelial,True,test
TGAGCATAGTGTGAAT-1_2_1,bpd,BPDPH7mo,gCap,gCap,Endothelial,True,test
TAGGCATTCGCTGATA-1_2_1,bpd,BPDPH7mo,gCap,gCap,Endothelial,True,train
AACTCCCCATCACGTA-1_2_1,bpd,BPDPH7mo,gCap,gCap,Endothelial,True,train
TGCGGGTGTTGATTGC-1_2_1,bpd,BPDPH7mo,gCap,gCap,Endothelial,True,test
TATCTCATCAAACCAC-1_2_1,bpd,BPDPH7mo,gCap,gCap,Endothelial,True,train
CCGTACTTCGCCGTGA-1_2_1,bpd,BPDPH7mo,gCap,gCap,Endothelial,True,train
CAAGAAAGTTTACTCT-1_2_1,bpd,BPDPH7mo,gCap,gCap,Endothelial,True,train
GAACGGAGTTCAGCGC-1_2_1,bpd,BPDPH7mo,gCap,gCap,Endothelial,True,train
GTCCTCACACATGACT-1_2_1,bpd,BPDPH7mo,gCap,gCap,Endothelial,True,test
TACACGAAGATGCCTT-1_2_1,bpd,BPDPH7mo,gCap,gCap,Endothelial,True,train
GCAGTTAAGCACAGGT-1_2_1,bpd,BPDPH7mo,gCap,gCap,Endothelial,True,train
CACATAGTCTGATACG-1_2_1,bpd,BPDPH7mo,gCap,gCap,Endothelial,True,train
AGATTGCCACAGAGGT-1_2_1,bpd,BPDPH7mo,gCap,gCap,Endothelial,True,train
CAGCTAAAGCTGCGAA-1_2_1,bpd,BPDPH7mo,gCap,gCap,Endothelial,True,train
TACACGAAGTACGCGA-1_2_1,bpd,BPDPH7mo,gCap,gCap,Endothelial,True,train
GATCGTACACGGCCAT-1_2_1,bpd,BPDPH7mo,gCap,gCap,Endothelial,True,train
AACCGCGGTCATATCG-1_2_1,bpd,BPDPH7mo,gCap,gCap,Endothelial,True,train
TAGCCGGCATTCCTGC-1_2_1,bpd,BPDPH7mo,gCap,gCap,Endothelial,True,train
AGTGGGACATAGGATA-1_2_1,bpd,BPDPH7mo,gCap,gCap,Endothelial,True,train
CACAGTAGTTAAGACA-1_2_1,bpd,BPDPH7mo,gCap,gCap,Endothelial,True,train
GAAACTCCAGTATGCT-1_2_1,bpd,BPDPH7mo,gCap,gCap,Endothelial,True,train
CACACCTAGCGATATA-1_2_1,bpd,BPDPH7mo,gCap,gCap,Endothelial,True,test
CTAGTGACACCACGTG-1_2_1,bpd,BPDPH7mo,gCap,gCap,Endothelial,True,train
TCTCATACAAGCCGCT-1_2_1,bpd,BPDPH7mo,gCap,gCap,Endothelial,True,train
ATTGGTGGTCGAACAG-1_2_1,bpd,BPDPH7mo,gCap,gCap,Endothelial,True,train
TCCCGATTCTCTGTCG-1_2_1,bpd,BPDPH7mo,gCap,gCap,Endothelial,True,train
ACCGTAAGTACAGCAG-1_2_1,bpd,BPDPH7mo,gCap,gCap,Endothelial,True,test
AAATGCCAGGCAAAGA-1_2_1,bpd,BPDPH7mo,gCap,gCap,Endothelial,True,train
AGCTCTCGTAGAGCTG-1_2_1,bpd,BPDPH7mo,gCap,gCap,Endothelial,True,train
ATAAGAGGTGCTGTAT-1_2_1,bpd,BPDPH7mo,gCap,gCap,Endothelial,True,train
TTAGTTCGTGTCAATC-1_2_1,bpd,BPDPH7mo,gCap,gCap,Endothelial,True,train
CTGAAACCAAAGGTGC-1_2_1,bpd,BPDPH7mo,gCap,gCap,Endothelial,True,train
CCTAGCTAGGTTACCT-1_2_1,bpd,BPDPH7mo,gCap,gCap,Endothelial,True,train
CAGTCCTGTCGAAAGC-1_2_1,bpd,BPDPH7mo,gCap,gCap,Endothelial,True,train
TGACGGCGTCGCCATG-1_2_1,bpd,BPDPH7mo,gCap,gCap,Endothelial,True,train
TCGCGAGCATTTGCTT-1_2_1,bpd,BPDPH7mo,gCap,gCap,Endothelial,True,train
TGATTTCAGCCCTAAT-1_2_1,bpd,BPDPH7mo,gCap,gCap,Endothelial,True,train
CACAGTATCTGGGCCA-1_2_1,bpd,BPDPH7mo,gCap,gCap,Endothelial,True,train
CTCAGAAAGTGGTAAT-1_2_1,bpd,BPDPH7mo,gCap,gCap,Endothelial,True,train
ATCGAGTCAATGTAAG-1_2_1,bpd,BPDPH7mo,gCap,gCap,Endothelial,True,train
CGTTAGAAGCGAGAAA-1_2_1,bpd,BPDPH7mo,gCap,gCap,Endothelial,True,train
TAAGAGATCCCGGATG-1_2_1,bpd,BPDPH7mo,gCap,gCap,Endothelial,True,train
GGACAAGAGTGCAAGC-1_2_1,bpd,BPDPH7mo,gCap,gCap,Endothelial,True,test
CTGCGGAAGGAGCGTT-1_2_1,bpd,BPDPH7mo,gCap,gCap,Endothelial,True,train
CGATGGCGTCAATACC-1_2_1,bpd,BPDPH7mo,gCap,gCap,Endothelial,True,train
ACAGCCGGTCAGAAGC-1_2_1,bpd,BPDPH7mo,gCap,gCap,Endothelial,True,train
TGACGGCTCACCAGGC-1_2_1,bpd,BPDPH7mo,gCap,gCap,Endothelial,True,train
CGGCTAGTCAAACCAC-1_2_1,bpd,BPDPH7mo,gCap,gCap,Endothelial,True,train
ACCCACTCATGCTAGT-1_2_1,bpd,BPDPH7mo,gCap,gCap,Endothelial,True,train
CCTCAGTTCCGGGTGT-1_2_1,bpd,BPDPH7mo,gCap,gCap,Endothelial,True,train
AGCGGTCTCACAAACC-1_2_1,bpd,BPDPH7mo,gCap,gCap,Endothelial,True,test
CTCTACGTCACTTACT-1_2_1,bpd,BPDPH7mo,gCap,gCap,Endothelial,True,train
CAAGTTGCACTTCGAA-1_2_1,bpd,BPDPH7mo,gCap,gCap,Endothelial,True,train
CACAAACGTATAATGG-1_2_1,bpd,BPDPH7mo,gCap,gCap,Endothelial,True,train
CAGATCACATGTCCTC-1_2_1,bpd,BPDPH7mo,gCap,gCap,Endothelial,True,train
CGAGCACCAAGCTGAG-1_2_1,bpd,BPDPH7mo,gCap,gCap,Endothelial,True,test
CGTCACTCACCTATCC-1_2_1,bpd,BPDPH7mo,gCap,gCap,Endothelial,True,train
TTCTACAGTCGGATCC-1_2_1,bpd,BPDPH7mo,gCap,gCap,Endothelial,True,train
TGGCGCAGTACAAGTA-1_2_1,bpd,BPDPH7mo,gCap,gCap,Endothelial,True,train
CGCTATCGTGCGCTTG-1_2_1,bpd,BPDPH7mo,gCap,gCap,Endothelial,True,train
GAACCTATCGACAGCC-1_2_1,bpd,BPDPH7mo,gCap,gCap,Endothelial,True,train
ACATCAGAGTGTACCT-1_2_1,bpd,BPDPH7mo,gCap,gCap,Endothelial,True,test
GGAATAAGTTCCCGAG-1_2_1,bpd,BPDPH7mo,gCap,gCap,Endothelial,True,train
CTAGTGACAAATACAG-1_2_1,bpd,BPDPH7mo,gCap,gCap,Endothelial,True,train
TCCCGATGTCTTGCGG-1_2_1,bpd,BPDPH7mo,gCap,gCap,Endothelial,True,train
TGAGGGAAGGTGTTAA-1_2_1,bpd,BPDPH7mo,gCap,gCap,Endothelial,True,test
TCCACACCATTCACTT-1_2_1,bpd,BPDPH7mo,gCap,gCap,Endothelial,True,train
GTAGTCAGTACCCAAT-1_2_1,bpd,BPDPH7mo,gCap,gCap,Endothelial,True,train
CGAACATAGATAGTCA-1_2_1,bpd,BPDPH7mo,gCap,gCap,Endothelial,True,train
TGAAAGATCTCGATGA-1_2_1,bpd,BPDPH7mo,gCap,gCap,Endothelial,True,test
AACGTTGCACAACGCC-1_2_1,bpd,BPDPH7mo,gCap,gCap,Endothelial,True,train
TACCTATAGACCTAGG-1_2_1,bpd,BPDPH7mo,gCap,gCap,Endothelial,True,train
TTCTACAGTAAGTAGT-1_2_1,bpd,BPDPH7mo,gCap,gCap,Endothelial,True,test
CTCATTAGTTGTTTGG-1_2_1,bpd,BPDPH7mo,gCap,gCap,Endothelial,True,train
CGAATGTGTCCGACGT-1_2_1,bpd,BPDPH7mo,gCap,gCap,Endothelial,True,train
TGTTCCGTCTCTAAGG-1_2_1,bpd,BPDPH7mo,gCap,gCap,Endothelial,True,train
TTTGTCAAGTGGCACA-1_2_1,bpd,BPDPH7mo,gCap,gCap,Endothelial,True,train
AGTCTTTAGGGTCTCC-1_2_1,bpd,BPDPH7mo,gCap,gCap,Endothelial,True,train
GTCCTCATCACGGTTA-1_2_1,bpd,BPDPH7mo,gCap,gCap,Endothelial,True,train
GGAAAGCGTATCAGTC-1_2_1,bpd,BPDPH7mo,gCap,gCap,Endothelial,True,train
TACGGGCAGGATATAC-1_2_1,bpd,BPDPH7mo,gCap,gCap,Endothelial,True,train
GTCCTCACAGACGCAA-1_2_1,bpd,BPDPH7mo,gCap,gCap,Endothelial,True,train
CGTCTACTCCACGTGG-1_2_1,bpd,BPDPH7mo,gCap,gCap,Endothelial,True,train
ACGGAGAAGCAGCCTC-1_2_1,bpd,BPDPH7mo,gCap,gCap,Endothelial,True,train
TGGACGCTCTATCGCC-1_2_1,bpd,BPDPH7mo,gCap,gCap,Endothelial,True,train
TAGGCATTCCGGCACA-1_2_1,bpd,BPDPH7mo,gCap,gCap,Endothelial,True,train
GTCTTCGAGTGAAGTT-1_2_1,bpd,BPDPH7mo,gCap,gCap,Endothelial,True,test
GAAACTCGTCGTCTTC-1_2_1,bpd,BPDPH7mo,gCap,gCap,Endothelial,True,train
TAGAGCTTCGGAATCT-1_2_1,bpd,BPDPH7mo,gCap,gCap,Endothelial,True,train
GGATTACAGCGTCAAG-1_2_1,bpd,BPDPH7mo,gCap,gCap,Endothelial,True,train
ACTGATGTCTGGGCCA-1_2_1,bpd,BPDPH7mo,gCap,gCap,Endothelial,True,train
TCTCTAAGTTCAACCA-1_2_1,bpd,BPDPH7mo,gCap,gCap,Endothelial,True,train
TGACTTTTCGGAAATA-1_2_1,bpd,BPDPH7mo,gCap,gCap,Endothelial,True,train
GCATGATTCACGAAGG-1_2_1,bpd,BPDPH7mo,gCap,gCap,Endothelial,True,train
TCAGGTAGTTTCGCTC-1_2_1,bpd,BPDPH7mo,gCap,gCap,Endothelial,True,train
CAACCTCTCTTCGGTC-1_2_1,bpd,BPDPH7mo,gCap,gCap,Endothelial,True,train
CTGTTTATCGCAAGCC-1_2_1,bpd,BPDPH7mo,gCap,gCap,Endothelial,True,train
TGGCTGGGTGCTCTTC-1_2_1,bpd,BPDPH7mo,gCap,gCap,Endothelial,True,train
TCGTACCTCGTTTAGG-1_2_1,bpd,BPDPH7mo,gCap,gCap,Endothelial,True,train
AATCCAGCAAGAGGCT-1_2_1,bpd,BPDPH7mo,gCap,gCap,Endothelial,True,train
ATGAGGGTCAAACAAG-1_2_1,bpd,BPDPH7mo,gCap,gCap,Endothelial,True,train
TGACAACGTGACGCCT-1_2_1,bpd,BPDPH7mo,gCap,gCap,Endothelial,True,train
TACCTATAGAGGTAGA-1_2_1,bpd,BPDPH7mo,gCap,gCap,Endothelial,True,train
GTACGTATCAGCTCTC-1_2_1,bpd,BPDPH7mo,gCap,gCap,Endothelial,True,train
CGTTCTGCACGGACAA-1_2_1,bpd,BPDPH7mo,gCap,gCap,Endothelial,True,train
TTCGAAGAGCGCTCCA-1_2_1,bpd,BPDPH7mo,gCap,gCap,Endothelial,True,train
GTTAAGCAGTCCAGGA-1_2_1,bpd,BPDPH7mo,gCap,gCap,Endothelial,True,train
AAGACCTAGGCCCGTT-1_2_1,bpd,BPDPH7mo,gCap,gCap,Endothelial,True,train
TTCGAAGTCACAGGCC-1_2_1,bpd,BPDPH7mo,gCap,gCap,Endothelial,True,train
TCAGCTCCAATTCCTT-1_2_1,bpd,BPDPH7mo,gCap,gCap,Endothelial,True,train
ATCCGAAAGACAAGCC-1_2_1,bpd,BPDPH7mo,gCap,gCap,Endothelial,True,test
TCAGCTCTCTGTCCGT-1_2_1,bpd,BPDPH7mo,gCap,gCap,Endothelial,True,train
TCAGCTCGTCGCTTTC-1_2_1,bpd,BPDPH7mo,gCap,gCap,Endothelial,True,train
CCATGTCAGTTAGGTA-1_2_1,bpd,BPDPH7mo,gCap,gCap,Endothelial,True,train
ACCCACTTCTTACCTA-1_2_1,bpd,BPDPH7mo,gCap,gCap,Endothelial,True,train
CATGACACATAAGACA-1_2_1,bpd,BPDPH7mo,gCap,gCap,Endothelial,True,test
CTCATTATCTATGTGG-1_2_1,bpd,BPDPH7mo,gCap,gCap,Endothelial,True,train
AAAGATGTCGGATGTT-1_2_1,bpd,BPDPH7mo,gCap,gCap,Endothelial,True,train
CTCGTCACACAAGTAA-1_2_1,bpd,BPDPH7mo,gCap,gCap,Endothelial,True,train
GAACATCCACAGCGTC-1_2_1,bpd,BPDPH7mo,gCap,gCap,Endothelial,True,train
CCAGCGATCTAAGCCA-1_2_1,bpd,BPDPH7mo,gCap,gCap,Endothelial,True,train
AACCATGGTTACGGAG-1_2_1,bpd,BPDPH7mo,gCap,gCap,Endothelial,True,train
CCTTTCTAGTGAAGAG-1_2_1,bpd,BPDPH7mo,gCap,gCap,Endothelial,True,train
ACACCAATCTCTTATG-1_2_1,bpd,BPDPH7mo,gCap,gCap,Endothelial,True,train
TACGGATGTTACGTCA-1_2_1,bpd,BPDPH7mo,gCap,gCap,Endothelial,True,train
GTCGTAACACCAGCAC-1_2_1,bpd,BPDPH7mo,gCap,gCap,Endothelial,True,train
AACCATGGTCATATCG-1_2_1,bpd,BPDPH7mo,gCap,gCap,Endothelial,True,train
TCGGTAAGTGCTGTAT-1_2_1,bpd,BPDPH7mo,gCap,gCap,Endothelial,True,train
GGATTACGTTGACGTT-1_2_1,bpd,BPDPH7mo,gCap,gCap,Endothelial,True,train
CGATGTAGTTACGGAG-1_2_1,bpd,BPDPH7mo,gCap,gCap,Endothelial,True,train
CCTTCGACATTGAGCT-1_2_1,bpd,BPDPH7mo,gCap,gCap,Endothelial,True,train
CTAATGGCATACAGCT-1_2_1,bpd,BPDPH7mo,gCap,gCap,Endothelial,True,train
GGCGACTAGACGACGT-1_2_1,bpd,BPDPH7mo,gCap,gCap,Endothelial,True,train
CTTACCGAGGCTAGGT-1_2_1,bpd,BPDPH7mo,gCap,gCap,Endothelial,True,train
AGCTCCTAGGAATGGA-1_2_1,bpd,BPDPH7mo,gCap,gCap,Endothelial,True,train
ACATCAGAGCAGGCTA-1_2_1,bpd,BPDPH7mo,gCap,gCap,Endothelial,True,train
CAGATCACAACGCACC-1_2_1,bpd,BPDPH7mo,gCap,gCap,Endothelial,True,train
AAATGCCCACACGCTG-1_2_1,bpd,BPDPH7mo,gCap,gCap,Endothelial,True,train
ATCCACCAGAGGGCTT-1_2_1,bpd,BPDPH7mo,gCap,gCap,Endothelial,True,train
AAAGTAGTCTCGAGTA-1_2_1,bpd,BPDPH7mo,gCap,gCap,Endothelial,True,train
TAGTTGGTCAAAGACA-1_2_1,bpd,BPDPH7mo,gCap,gCap,Endothelial,True,train
TAGAGCTAGAAGGTGA-1_2_1,bpd,BPDPH7mo,gCap,gCap,Endothelial,True,train
CTACACCGTCGTCTTC-1_2_1,bpd,BPDPH7mo,gCap,gCap,Endothelial,True,train
ACTGAGTCACGACTCG-1_2_1,bpd,BPDPH7mo,gCap,gCap,Endothelial,True,train
CCTACCATCCCTAATT-1_2_1,bpd,BPDPH7mo,gCap,gCap,Endothelial,True,train
CAGGTGCTCGGTGTCG-1_2_1,bpd,BPDPH7mo,gCap,gCap,Endothelial,True,train
CAGCATAAGAGACTAT-1_2_1,bpd,BPDPH7mo,gCap,gCap,Endothelial,True,train
TCTTCGGTCACATGCA-1_2_1,bpd,BPDPH7mo,gCap,gCap,Endothelial,True,train
GGCCGATAGACAGACC-1_2_1,bpd,BPDPH7mo,gCap,gCap,Endothelial,True,train
GAATGAACATTAACCG-1_2_1,bpd,BPDPH7mo,gCap,gCap,Endothelial,True,train
AGAGTGGTCTGGTTCC-1_2_1,bpd,BPDPH7mo,gCap,gCap,Endothelial,True,train
TAAGCGTGTATCACCA-1_2_1,bpd,BPDPH7mo,gCap,gCap,Endothelial,True,train
AGGCCGTAGTCGTTTG-1_2_1,bpd,BPDPH7mo,gCap,gCap,Endothelial,True,test
TCTTCGGGTGCACCAC-1_2_1,bpd,BPDPH7mo,gCap,gCap,Endothelial,True,test
CGGACTGAGGTGCTAG-1_2_1,bpd,BPDPH7mo,gCap,gCap,Endothelial,True,train
ATCACGACATCACGAT-1_2_1,bpd,BPDPH7mo,gCap,gCap,Endothelial,True,train
CACCAGGTCACATGCA-1_2_1,bpd,BPDPH7mo,gCap,gCap,Endothelial,True,train
GAAATGACACCCTATC-1_2_1,bpd,BPDPH7mo,gCap,gCap,Endothelial,True,train
CGAACATAGTTTAGGA-1_2_1,bpd,BPDPH7mo,gCap,gCap,Endothelial,True,train
TACAGTGTCATTGCGA-1_2_1,bpd,BPDPH7mo,gCap,gCap,Endothelial,True,train
CGTGTAATCACCGGGT-1_2_1,bpd,BPDPH7mo,gCap,gCap,Endothelial,True,train
TCAGATGCAGGTGCCT-1_2_1,bpd,BPDPH7mo,gCap,gCap,Endothelial,True,train
GACGTGCAGTTAGCGG-1_2_1,bpd,BPDPH7mo,gCap,gCap,Endothelial,True,train
CGCTGGATCACGAAGG-1_2_1,bpd,BPDPH7mo,gCap,gCap,Endothelial,True,train
ACGATGTTCGGTGTTA-1_2_1,bpd,BPDPH7mo,gCap,gCap,Endothelial,True,train
GCAGCCAAGTACGATA-1_2_1,bpd,BPDPH7mo,gCap,gCap,Endothelial,True,train
GCATGTAGTCGACTGC-1_2_1,bpd,BPDPH7mo,gCap,gCap,Endothelial,True,train
GGGAATGAGGTACTCT-1_2_1,bpd,BPDPH7mo,gCap,gCap,Endothelial,True,train
TCAGATGGTAGCTAAA-1_2_1,bpd,BPDPH7mo,gCap,gCap,Endothelial,True,train
GCACATATCTGTTGAG-1_2_1,bpd,BPDPH7mo,gCap,gCap,Endothelial,True,test
CGTTGGGCATGGATGG-1_2_1,bpd,BPDPH7mo,gCap,gCap,Endothelial,True,train
AACGTTGTCACGCATA-1_2_1,bpd,BPDPH7mo,gCap,gCap,Endothelial,True,train
CCGTGGACACTGAAGG-1_2_1,bpd,BPDPH7mo,gCap,gCap,Endothelial,True,train
TCTGAGAAGTTGAGAT-1_2_1,bpd,BPDPH7mo,gCap,gCap,Endothelial,True,train
GCATGATAGAGACTAT-1_2_1,bpd,BPDPH7mo,gCap,gCap,Endothelial,True,train
GTTTCTACAGATCCAT-1_2_1,bpd,BPDPH7mo,gCap,gCap,Endothelial,True,train
CTCCTAGCACCACCAG-1_2_1,bpd,BPDPH7mo,gCap,gCap,Endothelial,True,train
TACCTTAGTGGGTATG-1_2_1,bpd,BPDPH7mo,gCap,gCap,Endothelial,True,train
TTTGTCATCCTGTAGA-1_2_1,bpd,BPDPH7mo,gCap,gCap,Endothelial,True,train
CCTCTGAAGCCCAATT-1_2_1,bpd,BPDPH7mo,gCap,gCap,Endothelial,True,train
AGTTGGTCATTTCAGG-1_2_1,bpd,BPDPH7mo,gCap,gCap,Endothelial,True,train
ACGATGTAGAATGTGT-1_2_1,bpd,BPDPH7mo,gCap,gCap,Endothelial,True,train
ATTGGTGTCCTAGGGC-1_2_1,bpd,BPDPH7mo,gCap,gCap,Endothelial,True,train
ATCATCTCACTGTGTA-1_2_1,bpd,BPDPH7mo,gCap,gCap,Endothelial,True,train
TATCAGGGTCACCTAA-1_2_1,bpd,BPDPH7mo,gCap,gCap,Endothelial,True,valid
CGATGTAGTAAACCTC-1_2_1,bpd,BPDPH7mo,gCap,gCap,Endothelial,True,train
TTTGGTTTCACAAACC-1_2_1,bpd,BPDPH7mo,gCap,gCap,Endothelial,True,train
CAGCATATCGAATCCA-1_2_1,bpd,BPDPH7mo,gCap,gCap,Endothelial,True,train
TGTGGTATCGAGGTAG-1_2_1,bpd,BPDPH7mo,gCap,gCap,Endothelial,True,train
TACGGTAGTCATTAGC-1_2_1,bpd,BPDPH7mo,gCap,gCap,Endothelial,True,train
TACCTTACATCTCGCT-1_2_1,bpd,BPDPH7mo,gCap,gCap,Endothelial,True,train
CTAACTTCACACCGAC-1_2_1,bpd,BPDPH7mo,gCap,gCap,Endothelial,True,train
TACCTATTCTACTATC-1_2_1,bpd,BPDPH7mo,gCap,gCap,Endothelial,True,train
GCCTCTATCATGTCTT-1_2_1,bpd,BPDPH7mo,gCap,gCap,Endothelial,True,train
ACGTCAATCGGCATCG-1_2_1,bpd,BPDPH7mo,gCap,gCap,Endothelial,True,train
CTTCTCTCATCTGGTA-1_2_1,bpd,BPDPH7mo,gCap,gCap,Endothelial,True,train
CGATCGGTCGTATCAG-1_2_1,bpd,BPDPH7mo,gCap,gCap,Endothelial,True,train
ATTGGACGTGCTTCTC-1_2_1,bpd,BPDPH7mo,gCap,gCap,Endothelial,True,train
GATCTAGCATGTAGTC-1_2_1,bpd,BPDPH7mo,gCap,gCap,Endothelial,True,train
CTGTTTACACCAGATT-1_2_1,bpd,BPDPH7mo,gCap,gCap,Endothelial,True,train
GACGGCTCAAGACGTG-1_2_1,bpd,BPDPH7mo,gCap,gCap,Endothelial,True,train
ACGGGCTCAGTACACT-1_2_1,bpd,BPDPH7mo,gCap,gCap,Endothelial,True,train
GTATTCTTCAGCATGT-1_2_1,bpd,BPDPH7mo,gCap,gCap,Endothelial,True,test
CGAACATTCAGTGCAT-1_2_1,bpd,BPDPH7mo,gCap,gCap,Endothelial,True,train
CCTACCAAGACTACAA-1_2_1,bpd,BPDPH7mo,gCap,gCap,Endothelial,True,train
ACGCAGCAGTGGAGTC-1_2_1,bpd,BPDPH7mo,gCap,gCap,Endothelial,True,train
GCGACCAGTGCACGAA-1_2_1,bpd,BPDPH7mo,gCap,gCap,Endothelial,True,train
GTGCAGCAGCCGTCGT-1_2_1,bpd,BPDPH7mo,gCap,gCap,Endothelial,True,train
GCGGGTTTCGAATCCA-1_2_1,bpd,BPDPH7mo,gCap,gCap,Endothelial,True,train
TCTATTGAGTCCGTAT-1_2_1,bpd,BPDPH7mo,gCap,gCap,Endothelial,True,train
GGTGCGTGTTGCGTTA-1_2_1,bpd,BPDPH7mo,gCap,gCap,Endothelial,True,train
GTAACGTAGCTAGCCC-1_2_1,bpd,BPDPH7mo,gCap,gCap,Endothelial,True,train
GCAAACTCACCGAATT-1_2_1,bpd,BPDPH7mo,gCap,gCap,Endothelial,True,train
TTGGCAATCCTAAGTG-1_2_1,bpd,BPDPH7mo,gCap,gCap,Endothelial,True,train
GTGCATATCTAGAGTC-1_2_1,bpd,BPDPH7mo,gCap,gCap,Endothelial,True,train
TCGCGAGAGCAGGTCA-1_2_1,bpd,BPDPH7mo,gCap,gCap,Endothelial,True,train
ACTTACTTCCGCAGTG-1_2_1,bpd,BPDPH7mo,gCap,gCap,Endothelial,True,train
TTAGGACCAGTTCATG-1_2_1,bpd,BPDPH7mo,gCap,gCap,Endothelial,True,train
GAACATCCAGTCTTCC-1_2_1,bpd,BPDPH7mo,gCap,gCap,Endothelial,True,train
ATCTACTTCCCTGACT-1_2_1,bpd,BPDPH7mo,gCap,gCap,Endothelial,True,train
CTGCGGACACATTCGA-1_2_1,bpd,BPDPH7mo,gCap,gCap,Endothelial,True,train
CTAACTTTCACCGGGT-1_2_1,bpd,BPDPH7mo,gCap,gCap,Endothelial,True,train
CGTAGCGGTGTATGGG-1_2_1,bpd,BPDPH7mo,gCap,gCap,Endothelial,True,train
CATCAGAAGTTCGCAT-1_2_1,bpd,BPDPH7mo,gCap,gCap,Endothelial,True,train
GTCCTCAGTTACAGAA-1_2_1,bpd,BPDPH7mo,gCap,gCap,Endothelial,True,test
TGACTAGAGATGAGAG-1_2_1,bpd,BPDPH7mo,gCap,gCap,Endothelial,True,train
ATTGGTGTCTCGTTTA-1_2_1,bpd,BPDPH7mo,gCap,gCap,Endothelial,True,train
CGATTGACAGTATAAG-1_2_1,bpd,BPDPH7mo,gCap,gCap,Endothelial,True,train
CATTATCGTGTTAAGA-1_2_1,bpd,BPDPH7mo,gCap,gCap,Endothelial,True,train
CGTCACTCATCAGTAC-1_2_1,bpd,BPDPH7mo,gCap,gCap,Endothelial,True,train
CTCCTAGGTCTCCATC-1_2_1,bpd,BPDPH7mo,gCap,gCap,Endothelial,True,train
GCCAAATAGAATAGGG-1_2_1,bpd,BPDPH7mo,gCap,gCap,Endothelial,True,train
CGATTGAAGTGACTCT-1_2_1,bpd,BPDPH7mo,gCap,gCap,Endothelial,True,train
TCAACGACACAGACAG-1_2_1,bpd,BPDPH7mo,gCap,gCap,Endothelial,True,train
TTGACTTTCTATCCCG-1_2_1,bpd,BPDPH7mo,gCap,gCap,Endothelial,True,test
AGCTTGAAGTGCGATG-1_2_1,bpd,BPDPH7mo,gCap,gCap,Endothelial,True,train
ATTGGTGAGAGCTATA-1_2_1,bpd,BPDPH7mo,gCap,gCap,Endothelial,True,train
TCAGGTAGTCTCTCTG-1_2_1,bpd,BPDPH7mo,gCap,gCap,Endothelial,True,train
CACAGGCAGATGCCAG-1_2_1,bpd,BPDPH7mo,gCap,gCap,Endothelial,True,train
ACGATGTTCCGAGCCA-1_2_1,bpd,BPDPH7mo,gCap,gCap,Endothelial,True,train
CTGCTGTGTCTCCACT-1_2_1,bpd,BPDPH7mo,gCap,gCap,Endothelial,True,train
TCTGAGAGTCCGAACC-1_2_1,bpd,BPDPH7mo,gCap,gCap,Endothelial,True,train
CGATCGGTCGCTTAGA-1_2_1,bpd,BPDPH7mo,gCap,gCap,Endothelial,True,train
GACAGAGTCACGATGT-1_2_1,bpd,BPDPH7mo,gCap,gCap,Endothelial,True,train
AGTTGGTAGCACACAG-1_2_1,bpd,BPDPH7mo,gCap,gCap,Endothelial,True,train
CGAACATCATCCCATC-1_2_1,bpd,BPDPH7mo,gCap,gCap,Endothelial,True,train
ACATCAGGTGATGCCC-1_2_1,bpd,BPDPH7mo,gCap,gCap,Endothelial,True,train
GTCGTAACAGCCTTTC-1_2_1,bpd,BPDPH7mo,gCap,gCap,Endothelial,True,train
GTTCATTCACGGTAAG-1_2_1,bpd,BPDPH7mo,gCap,gCap,Endothelial,True,train
TTTACTGTCGATCCCT-1_2_1,bpd,BPDPH7mo,gCap,gCap,Endothelial,True,train
TGACGGCTCTGGCGTG-1_2_1,bpd,BPDPH7mo,gCap,gCap,Endothelial,True,train
GGGACCTAGTCACGCC-1_2_1,bpd,BPDPH7mo,gCap,gCap,Endothelial,True,train
GCTCCTAAGCTGCCCA-1_2_1,bpd,BPDPH7mo,gCap,gCap,Endothelial,True,train
TTAGTTCAGGAGTTGC-1_2_1,bpd,BPDPH7mo,gCap,gCap,Endothelial,True,test
GGGCACTTCTCCTATA-1_2_1,bpd,BPDPH7mo,gCap,gCap,Endothelial,True,test
ACTGCTCAGGGTGTTG-1_2_1,bpd,BPDPH7mo,gCap,gCap,Endothelial,True,train
ATCACGAAGGAGCGTT-1_2_1,bpd,BPDPH7mo,gCap,gCap,Endothelial,True,train
CACACAAGTATTAGCC-1_2_1,bpd,BPDPH7mo,gCap,gCap,Endothelial,True,train
CACTCCAGTATTACCG-1_2_1,bpd,BPDPH7mo,gCap,gCap,Endothelial,True,train
TTGGCAAAGTGTTTGC-1_2_1,bpd,BPDPH7mo,gCap,gCap,Endothelial,True,train
AAAGCAACAATGAAAC-1_2_1,bpd,BPDPH7mo,gCap,gCap,Endothelial,True,train
TTTCCTCAGTCATCCA-1_2_1,bpd,BPDPH7mo,gCap,gCap,Endothelial,True,train
ATGCGATCATATGAGA-1_2_1,bpd,BPDPH7mo,gCap,gCap,Endothelial,True,train
GTTAAGCCATATGAGA-1_2_1,bpd,BPDPH7mo,gCap,gCap,Endothelial,True,train
TTTACTGTCTTCGAGA-1_2_1,bpd,BPDPH7mo,gCap,gCap,Endothelial,True,train
GCGAGAAGTCATACTG-1_2_1,bpd,BPDPH7mo,gCap,gCap,Endothelial,True,train
TACTTACAGGGATGGG-1_2_1,bpd,BPDPH7mo,gCap,gCap,Endothelial,True,train
TTCTTAGTCCTGCCAT-1_2_1,bpd,BPDPH7mo,gCap,gCap,Endothelial,True,test
GCGCAGTAGTGGGATC-1_2_1,bpd,BPDPH7mo,gCap,gCap,Endothelial,True,train
CGGGTCAAGTGTTAGA-1_2_1,bpd,BPDPH7mo,gCap,gCap,Endothelial,True,test
GTATCTTCATGTCGAT-1_2_1,bpd,BPDPH7mo,gCap,gCap,Endothelial,True,train
AAGTCTGAGGAGTTGC-1_2_1,bpd,BPDPH7mo,gCap,gCap,Endothelial,True,train
GATGAAATCAGAAATG-1_2_1,bpd,BPDPH7mo,gCap,gCap,Endothelial,True,train
AGCCTAACAGCCTTTC-1_2_1,bpd,BPDPH7mo,gCap,gCap,Endothelial,True,train
AATCCAGTCCTGTAGA-1_2_1,bpd,BPDPH7mo,gCap,gCap,Endothelial,True,test
TGACTAGCATGGTAGG-1_2_1,bpd,BPDPH7mo,gCap,gCap,Endothelial,True,train
GACCAATTCGGCTACG-1_2_1,bpd,BPDPH7mo,gCap,gCap,Endothelial,True,train
GCGAGAAGTCCGACGT-1_2_1,bpd,BPDPH7mo,gCap,gCap,Endothelial,True,train
CACCACTCAAAGCAAT-1_2_1,bpd,BPDPH7mo,gCap,gCap,Endothelial,True,train
TCCACACGTGAGTGAC-1_2_1,bpd,BPDPH7mo,gCap,gCap,Endothelial,True,train
GCATGTAGTCGAGTTT-1_2_1,bpd,BPDPH7mo,gCap,gCap,Endothelial,True,test
TTGGCAAAGCTAGCCC-1_2_1,bpd,BPDPH7mo,gCap,gCap,Endothelial,True,train
AAAGATGTCTTCGAGA-1_2_1,bpd,BPDPH7mo,gCap,gCap,Endothelial,True,train
ATCTGCCAGTCTCAAC-1_2_1,bpd,BPDPH7mo,gCap,gCap,Endothelial,True,train
GGGAATGAGATCCCAT-1_2_1,bpd,BPDPH7mo,gCap,gCap,Endothelial,True,train
TATGCCCGTAGCGTCC-1_2_1,bpd,BPDPH7mo,gCap,gCap,Endothelial,True,train
ACGATGTAGACGCTTT-1_2_1,bpd,BPDPH7mo,gCap,gCap,Endothelial,True,train
TCACGAACAGCTGTAT-1_2_1,bpd,BPDPH7mo,gCap,gCap,Endothelial,True,train
GGGAGATGTTCGTGAT-1_2_1,bpd,BPDPH7mo,gCap,gCap,Endothelial,True,test
GTCGTAATCGAATGGG-1_2_1,bpd,BPDPH7mo,gCap,gCap,Endothelial,True,train
CCGTACTGTGGTTTCA-1_2_1,bpd,BPDPH7mo,gCap,gCap,Endothelial,True,train
TATGCCCAGCGCCTCA-1_2_1,bpd,BPDPH7mo,gCap,gCap,Endothelial,True,test
TACCTATCATTACGAC-1_2_1,bpd,BPDPH7mo,gCap,gCap,Endothelial,True,train
ACTGCTCGTGGGTCAA-1_2_1,bpd,BPDPH7mo,gCap,gCap,Endothelial,True,test
CGATCGGCAGCTGTTA-1_2_1,bpd,BPDPH7mo,gCap,gCap,Endothelial,True,train
GAACCTAGTCGTGGCT-1_2_1,bpd,BPDPH7mo,gCap,gCap,Endothelial,True,train
TTAGGCAGTCCGACGT-1_2_1,bpd,BPDPH7mo,gCap,gCap,Endothelial,True,train
TCATTTGTCGACGGAA-1_2_1,bpd,BPDPH7mo,gCap,gCap,Endothelial,True,train
CGATTGACACAACGCC-1_2_1,bpd,BPDPH7mo,gCap,gCap,Endothelial,True,train
TGACTAGTCACGCGGT-1_2_1,bpd,BPDPH7mo,gCap,gCap,Endothelial,True,train
GCATGATCACCTATCC-1_2_1,bpd,BPDPH7mo,gCap,gCap,Endothelial,True,train
GGTGAAGCACATCCGG-1_2_1,bpd,BPDPH7mo,gCap,gCap,Endothelial,True,train
ATTTCTGTCCATGAGT-1_2_1,bpd,BPDPH7mo,gCap,gCap,Endothelial,True,train
GATGAGGAGGCTCAGA-1_2_1,bpd,BPDPH7mo,gCap,gCap,Endothelial,True,train
AAGCCGCAGGGCATGT-1_2_1,bpd,BPDPH7mo,gCap,gCap,Endothelial,True,test
CCCAATCAGCTAGTTC-1_2_1,bpd,BPDPH7mo,gCap,gCap,Endothelial,True,train
GTAACGTGTTTAGGAA-1_2_1,bpd,BPDPH7mo,gCap,gCap,Endothelial,True,test
GGTATTGAGATCTGAA-1_2_1,bpd,BPDPH7mo,gCap,gCap,Endothelial,True,train
CGGCTAGCATGTTGAC-1_2_1,bpd,BPDPH7mo,gCap,gCap,Endothelial,True,train
GGGCATCTCACTTCAT-1_2_1,bpd,BPDPH7mo,gCap,gCap,Endothelial,True,test
TTCGAAGAGATGTGGC-1_2_1,bpd,BPDPH7mo,gCap,gCap,Endothelial,True,train
CCTCAGTCAGCTCCGA-1_2_1,bpd,BPDPH7mo,gCap,gCap,Endothelial,True,train
TCAGGATAGTCGATAA-1_2_1,bpd,BPDPH7mo,gCap,gCap,Endothelial,True,train
GGACATTAGAGCCCAA-1_2_1,bpd,BPDPH7mo,gCap,gCap,Endothelial,True,train
GCGCAGTGTGGGTCAA-1_2_1,bpd,BPDPH7mo,gCap,gCap,Endothelial,True,train
AGGTCATTCTGTGCAA-1_2_1,bpd,BPDPH7mo,gCap,gCap,Endothelial,True,train
CCACCTATCTTGCCGT-1_2_1,bpd,BPDPH7mo,gCap,gCap,Endothelial,True,train
AGAGTGGGTATATGAG-1_2_1,bpd,BPDPH7mo,gCap,gCap,Endothelial,True,train
GTCAAGTTCGGCGCTA-1_2_1,bpd,BPDPH7mo,gCap,gCap,Endothelial,True,train
CCTACCAAGTACATGA-1_2_1,bpd,BPDPH7mo,gCap,gCap,Endothelial,True,train
ATGGGAGTCATTTGGG-1_2_1,bpd,BPDPH7mo,gCap,gCap,Endothelial,True,train
AGGGATGAGGCAAAGA-1_2_1,bpd,BPDPH7mo,gCap,gCap,Endothelial,True,train
TCACAAGCACAGTCGC-1_2_1,bpd,BPDPH7mo,gCap,gCap,Endothelial,True,train
CGATCGGGTAATTGGA-1_2_1,bpd,BPDPH7mo,gCap,gCap,Endothelial,True,test
TCATTACAGATAGTCA-1_2_1,bpd,BPDPH7mo,gCap,gCap,Endothelial,True,train
CGATTGAGTGCCTGCA-1_2_1,bpd,BPDPH7mo,gCap,gCap,Endothelial,True,train
GTGAAGGTCGCAGGCT-1_2_1,bpd,BPDPH7mo,gCap,gCap,Endothelial,True,train
CATCCACTCCAACCAA-1_2_1,bpd,BPDPH7mo,gCap,gCap,Endothelial,True,test
CTGAAACGTGTCCTCT-1_2_1,bpd,BPDPH7mo,gCap,gCap,Endothelial,True,train
ACGCAGCGTCAGATAA-1_2_1,bpd,BPDPH7mo,gCap,gCap,Endothelial,True,train
CTTTGCGCAAGGGTCA-1_2_1,bpd,BPDPH7mo,gCap,gCap,Endothelial,True,test
GTCACAATCGGTGTTA-1_2_1,bpd,BPDPH7mo,gCap,gCap,Endothelial,True,train
TCATTACTCATGCAAC-1_2_1,bpd,BPDPH7mo,gCap,gCap,Endothelial,True,train
CTCCTAGCACAACGTT-1_2_1,bpd,BPDPH7mo,gCap,gCap,Endothelial,True,train
TCGGTAACAAGAAAGG-1_2_1,bpd,BPDPH7mo,gCap,gCap,Endothelial,True,valid
GCATGATGTGGCCCTA-1_2_1,bpd,BPDPH7mo,gCap,gCap,Endothelial,True,train
GGACAGAAGGAGTAGA-1_2_1,bpd,BPDPH7mo,gCap,gCap,Endothelial,True,train
CTCGGAGAGATGCGAC-1_2_1,bpd,BPDPH7mo,gCap,gCap,Endothelial,True,train
CACACAACAGCATGAG-1_2_1,bpd,BPDPH7mo,gCap,gCap,Endothelial,True,train
TCCCGATGTCGGCTCA-1_2_1,bpd,BPDPH7mo,gCap,gCap,Endothelial,True,train
ACTATCTAGCCCGAAA-1_2_1,bpd,BPDPH7mo,gCap,gCap,Endothelial,True,train
CTCATTAAGGACCACA-1_2_1,bpd,BPDPH7mo,gCap,gCap,Endothelial,True,train
AGCTTGAGTTGTCTTT-1_2_1,bpd,BPDPH7mo,gCap,gCap,Endothelial,True,train
GCTTGAAGTCTAGTGT-1_2_1,bpd,BPDPH7mo,gCap,gCap,Endothelial,True,train
AGTGGGAGTAAACACA-1_2_1,bpd,BPDPH7mo,gCap,gCap,Endothelial,True,train
CAACCAAAGCACCGTC-1_2_1,bpd,BPDPH7mo,gCap,gCap,Endothelial,True,train
GTCGTAACAAGTAGTA-1_2_1,bpd,BPDPH7mo,gCap,gCap,Endothelial,True,train
CAAGTTGTCCTAGTGA-1_2_1,bpd,BPDPH7mo,gCap,gCap,Endothelial,True,train
CTGTTTAAGCTCCTCT-1_2_1,bpd,BPDPH7mo,gCap,gCap,Endothelial,True,train
ACTGAACAGATACACA-1_2_1,bpd,BPDPH7mo,gCap,gCap,Endothelial,True,train
TACGGATGTGTGACGA-1_2_1,bpd,BPDPH7mo,gCap,gCap,Endothelial,True,train
ATTGGTGAGACCTTTG-1_2_1,bpd,BPDPH7mo,gCap,gCap,Endothelial,True,test
CGATGGCCACTTACGA-1_2_1,bpd,BPDPH7mo,gCap,gCap,Endothelial,True,train
TCTGGAAAGTGTACTC-1_2_1,bpd,BPDPH7mo,gCap,gCap,Endothelial,True,train
GGTATTGGTGAGGCTA-1_2_1,bpd,BPDPH7mo,gCap,gCap,Endothelial,True,train
GGGAATGTCTTGAGAC-1_2_1,bpd,BPDPH7mo,gCap,gCap,Endothelial,True,train
TGATTTCTCCCTAATT-1_2_1,bpd,BPDPH7mo,gCap,gCap,Endothelial,True,train
ACGTCAAAGTCCTCCT-1_2_1,bpd,BPDPH7mo,gCap,gCap,Endothelial,True,train
GCAAACTCAAACGTGG-1_2_1,bpd,BPDPH7mo,gCap,gCap,Endothelial,True,train
TGCGCAGAGCCAGTAG-1_2_1,bpd,BPDPH7mo,gCap,gCap,Endothelial,True,train
GGAAAGCTCCTCGCAT-1_2_1,bpd,BPDPH7mo,gCap,gCap,Endothelial,True,train
GTTAAGCAGTCGTTTG-1_2_1,bpd,BPDPH7mo,gCap,gCap,Endothelial,True,train
GCAATCACAGGACGTA-1_2_1,bpd,BPDPH7mo,gCap,gCap,Endothelial,True,train
CCTATTAAGATCACGG-1_2_1,bpd,BPDPH7mo,gCap,gCap,Endothelial,True,train
CAGTCCTAGGACTGGT-1_2_1,bpd,BPDPH7mo,gCap,gCap,Endothelial,True,train
TAGGCATGTCAACTGT-1_2_1,bpd,BPDPH7mo,gCap,gCap,Endothelial,True,train
GGTGTTATCACAATGC-1_2_1,bpd,BPDPH7mo,gCap,gCap,Endothelial,True,train
CATCGGGCACCGATAT-1_2_1,bpd,BPDPH7mo,gCap,gCap,Endothelial,True,train
CTGCGGACATGTAGTC-1_2_1,bpd,BPDPH7mo,gCap,gCap,Endothelial,True,train
GTATTCTGTTCAACCA-1_2_1,bpd,BPDPH7mo,gCap,gCap,Endothelial,True,train
CTCGAGGAGATCTGAA-1_2_1,bpd,BPDPH7mo,gCap,gCap,Endothelial,True,train
GGACGTCGTTACGTCA-1_2_1,bpd,BPDPH7mo,gCap,gCap,Endothelial,True,train
GATGCTATCCCAAGTA-1_2_1,bpd,BPDPH7mo,gCap,gCap,Endothelial,True,train
GGTATTGAGTAGTGCG-1_2_1,bpd,BPDPH7mo,gCap,gCap,Endothelial,True,train
ACACCAAAGAGTACCG-1_2_1,bpd,BPDPH7mo,gCap,gCap,Endothelial,True,train
CCTAAAGTCACAAACC-1_2_1,bpd,BPDPH7mo,gCap,gCap,Endothelial,True,train
CTGCCTAAGCGCTTAT-1_2_1,bpd,BPDPH7mo,gCap,gCap,Endothelial,True,train
TTTGTCATCGGTTAAC-1_2_1,bpd,BPDPH7mo,gCap,gCap,Endothelial,True,train
CGCGGTAAGACCTTTG-1_2_1,bpd,BPDPH7mo,gCap,gCap,Endothelial,True,train
CGAGCACAGTGTTAGA-1_2_1,bpd,BPDPH7mo,gCap,gCap,Endothelial,True,train
TATCTCACAGTGGGAT-1_2_1,bpd,BPDPH7mo,gCap,gCap,Endothelial,True,train
CTACGTCAGCTAGGCA-1_2_1,bpd,BPDPH7mo,gCap,gCap,Endothelial,True,train
TTCGAAGCACACAGAG-1_2_1,bpd,BPDPH7mo,gCap,gCap,Endothelial,True,train
ATCCACCGTGTTCGAT-1_2_1,bpd,BPDPH7mo,gCap,gCap,Endothelial,True,train
TCGGGACGTTACGCGC-1_2_1,bpd,BPDPH7mo,gCap,gCap,Endothelial,True,train
CTCTAATAGTGATCGG-1_2_1,bpd,BPDPH7mo,gCap,gCap,Endothelial,True,train
GTAGGCCTCTCAAGTG-1_2_1,bpd,BPDPH7mo,gCap,gCap,Endothelial,True,test
ACGTCAACATAGACTC-1_2_1,bpd,BPDPH7mo,gCap,gCap,Endothelial,True,train
GTACTCCCAGTATCTG-1_2_1,bpd,BPDPH7mo,gCap,gCap,Endothelial,True,train
GATCGCGAGCGATCCC-1_2_1,bpd,BPDPH7mo,gCap,gCap,Endothelial,True,test
ATCTGCCCAGTCGTGC-1_2_1,bpd,BPDPH7mo,gCap,gCap,Endothelial,True,train
GTAACGTGTATGAAAC-1_2_1,bpd,BPDPH7mo,gCap,gCap,Endothelial,True,train
GCATGTATCTCGCTTG-1_2_1,bpd,BPDPH7mo,gCap,gCap,Endothelial,True,train
ATGAGGGCAATGGATA-1_2_1,bpd,BPDPH7mo,gCap,gCap,Endothelial,True,train
CGCTTCAGTACTTCTT-1_2_1,bpd,BPDPH7mo,gCap,gCap,Endothelial,True,train
TGTGTTTTCGTATCAG-1_2_1,bpd,BPDPH7mo,gCap,gCap,Endothelial,True,train
CCTATTATCCACGAAT-1_2_1,bpd,BPDPH7mo,gCap,gCap,Endothelial,True,train
CTGATCCCATGTCTCC-1_2_1,bpd,BPDPH7mo,gCap,gCap,Endothelial,True,train
GCGCGATGTCTGCAAT-1_2_1,bpd,BPDPH7mo,gCap,gCap,Endothelial,True,train
CGAGCCAGTGCTAGCC-1_2_1,bpd,BPDPH7mo,gCap,gCap,Endothelial,True,train
TGTTCCGGTGCGGTAA-1_2_1,bpd,BPDPH7mo,gCap,gCap,Endothelial,True,train
TCTCTAAGTAGGGTAC-1_2_1,bpd,BPDPH7mo,gCap,gCap,Endothelial,True,train
GACGGCTAGCTACCTA-1_2_1,bpd,BPDPH7mo,gCap,gCap,Endothelial,True,train
CTCGTCATCCTCAATT-1_2_1,bpd,BPDPH7mo,gCap,gCap,Endothelial,True,train
CTCTACGTCTATCGCC-1_2_1,bpd,BPDPH7mo,gCap,gCap,Endothelial,True,test
ACTGCTCTCACTTATC-1_2_1,bpd,BPDPH7mo,gCap,gCap,Endothelial,True,train
CAACTAGAGCAAATCA-1_2_1,bpd,BPDPH7mo,gCap,gCap,Endothelial,True,train
AGGGTGACAATAAGCA-1_2_1,bpd,BPDPH7mo,gCap,gCap,Endothelial,True,train
CTCCTAGTCCGCATAA-1_2_1,bpd,BPDPH7mo,gCap,gCap,Endothelial,True,train
GGGAGATCACACTGCG-1_2_1,bpd,BPDPH7mo,gCap,gCap,Endothelial,True,train
GGACAAGGTACAGCAG-1_2_1,bpd,BPDPH7mo,gCap,gCap,Endothelial,True,train
CATGGCGTCGGAATCT-1_2_1,bpd,BPDPH7mo,gCap,gCap,Endothelial,True,train
AAAGATGGTGGTGTAG-1_2_1,bpd,BPDPH7mo,gCap,gCap,Endothelial,True,test
CCACTACAGCTGAACG-1_2_1,bpd,BPDPH7mo,gCap,gCap,Endothelial,True,test
CATTCGCTCCTTAATC-1_2_1,bpd,BPDPH7mo,gCap,gCap,Endothelial,True,train
ACCTTTACACATGTGT-1_2_1,bpd,BPDPH7mo,gCap,gCap,Endothelial,True,train
GTCGTAACAAGCGAGT-1_2_1,bpd,BPDPH7mo,gCap,gCap,Endothelial,True,train
CTCTAATCAGCGATCC-1_2_1,bpd,BPDPH7mo,gCap,gCap,Endothelial,True,train
CTGAAACCAGTCAGAG-1_2_1,bpd,BPDPH7mo,gCap,gCap,Endothelial,True,train
TCAACGATCCAAACAC-1_2_1,bpd,BPDPH7mo,gCap,gCap,Endothelial,True,train
CGTTGGGCATGTAAGA-1_2_1,bpd,BPDPH7mo,gCap,gCap,Endothelial,True,train
CACAAACGTTCCTCCA-1_2_1,bpd,BPDPH7mo,gCap,gCap,Endothelial,True,train
TGCTGCTGTCGGCTCA-1_2_1,bpd,BPDPH7mo,gCap,gCap,Endothelial,True,train
TACTTACCAAGCGATG-1_2_1,bpd,BPDPH7mo,gCap,gCap,Endothelial,True,train
AACCGCGAGAATAGGG-1_2_1,bpd,BPDPH7mo,gCap,gCap,Endothelial,True,train
AGTTGGTAGACAATAC-1_2_1,bpd,BPDPH7mo,gCap,gCap,Endothelial,True,train
CATCGAACACATGGGA-1_2_1,bpd,BPDPH7mo,gCap,gCap,Endothelial,True,train
CCACTACGTTGTGGAG-1_2_1,bpd,BPDPH7mo,gCap,gCap,Endothelial,True,train
TGCCAAATCGCTGATA-1_2_1,bpd,BPDPH7mo,gCap,gCap,Endothelial,True,train
CACCTTGGTCTAGAGG-1_2_1,bpd,BPDPH7mo,gCap,gCap,Endothelial,True,train
TGAAAGAGTAAGAGAG-1_2_1,bpd,BPDPH7mo,gCap,gCap,Endothelial,True,train
CGAGAAGTCACTTATC-1_2_1,bpd,BPDPH7mo,gCap,gCap,Endothelial,True,train
TTGGCAAGTGCAGACA-1_2_1,bpd,BPDPH7mo,gCap,gCap,Endothelial,True,test
GAAGCAGGTCATACTG-1_2_1,bpd,BPDPH7mo,gCap,gCap,Endothelial,True,train
CGAATGTGTGGTGTAG-1_2_1,bpd,BPDPH7mo,gCap,gCap,Endothelial,True,train
TGGTTCCTCGAGCCCA-1_2_1,bpd,BPDPH7mo,gCap,gCap,Endothelial,True,train
AGCAGCCAGTTACGGG-1_2_1,bpd,BPDPH7mo,gCap,gCap,Endothelial,True,train
GTCACAATCATGCTCC-1_2_1,bpd,BPDPH7mo,gCap,gCap,Endothelial,True,train
TACAGTGGTCTCCATC-1_2_1,bpd,BPDPH7mo,gCap,gCap,Endothelial,True,train
GTACGTAAGTGATCGG-1_2_1,bpd,BPDPH7mo,gCap,gCap,Endothelial,True,train
GCGGGTTCATTCGACA-1_2_1,bpd,BPDPH7mo,gCap,gCap,Endothelial,True,train
TCTCATAGTAACGTTC-1_2_1,bpd,BPDPH7mo,gCap,gCap,Endothelial,True,train
TTTGGTTCATATGCTG-1_2_1,bpd,BPDPH7mo,gCap,gCap,Endothelial,True,train
TGGTTCCAGTGTTTGC-1_2_1,bpd,BPDPH7mo,gCap,gCap,Endothelial,True,train
CTAATGGTCAGGCGAA-1_2_1,bpd,BPDPH7mo,gCap,gCap,Endothelial,True,train
GGCAATTTCGTAGATC-1_2_1,bpd,BPDPH7mo,gCap,gCap,Endothelial,True,train
ATAGACCGTGCAACTT-1_2_1,bpd,BPDPH7mo,gCap,gCap,Endothelial,True,train
TCAGGATTCACGCATA-1_2_1,bpd,BPDPH7mo,gCap,gCap,Endothelial,True,train
CAGAATCTCCCAAGAT-1_2_1,bpd,BPDPH7mo,gCap,gCap,Endothelial,True,train
CGGACTGTCTTTCCTC-1_2_1,bpd,BPDPH7mo,gCap,gCap,Endothelial,True,train
TCTCATAGTCAACATC-1_2_1,bpd,BPDPH7mo,gCap,gCap,Endothelial,True,train
TGTGTTTAGATTACCC-1_2_1,bpd,BPDPH7mo,gCap,gCap,Endothelial,True,train
CAGGTGCAGGCGACAT-1_2_1,bpd,BPDPH7mo,gCap,gCap,Endothelial,True,test
GATCAGTAGGGCTCTC-1_2_1,bpd,BPDPH7mo,gCap,gCap,Endothelial,True,train
CGTTGGGGTGCTAGCC-1_2_1,bpd,BPDPH7mo,gCap,gCap,Endothelial,True,train
TACCTTACAAGGACAC-1_2_1,bpd,BPDPH7mo,gCap,gCap,Endothelial,True,train
CACACCTGTCCAACTA-1_2_1,bpd,BPDPH7mo,gCap,gCap,Endothelial,True,train
CTGAAACAGATGCCAG-1_2_1,bpd,BPDPH7mo,gCap,gCap,Endothelial,True,train
TAGGCATAGCAGGTCA-1_2_1,bpd,BPDPH7mo,gCap,gCap,Endothelial,True,train
AAGACCTCAACTGGCC-1_2_1,bpd,BPDPH7mo,gCap,gCap,Endothelial,True,train
CGGACTGGTTCCACGG-1_2_1,bpd,BPDPH7mo,gCap,gCap,Endothelial,True,train
TGAGCATAGTGTTAGA-1_2_1,bpd,BPDPH7mo,gCap,gCap,Endothelial,True,train
ATTTCTGAGAGTCTGG-1_2_1,bpd,BPDPH7mo,gCap,gCap,Endothelial,True,train
AGGTCCGGTGCAGACA-1_2_1,bpd,BPDPH7mo,gCap,gCap,Endothelial,True,train
TACTCATTCGAACGGA-1_2_1,bpd,BPDPH7mo,gCap,gCap,Endothelial,True,train
ACGCCAGGTCGAGTTT-1_2_1,bpd,BPDPH7mo,gCap,gCap,Endothelial,True,train
GACTAACGTCGGCACT-1_2_1,bpd,BPDPH7mo,gCap,gCap,Endothelial,True,train
CTCTACGAGTGCCAGA-1_2_1,bpd,BPDPH7mo,gCap,gCap,Endothelial,True,train
ATTCTACGTTACTGAC-1_2_1,bpd,BPDPH7mo,gCap,gCap,Endothelial,True,train
CACCACTGTACGCACC-1_2_1,bpd,BPDPH7mo,gCap,gCap,Endothelial,True,train
ACCCACTAGATTACCC-1_2_1,bpd,BPDPH7mo,gCap,gCap,Endothelial,True,train
AAGGCAGAGTCTCGGC-1_2_1,bpd,BPDPH7mo,gCap,gCap,Endothelial,True,train
GAGGTGACATTGGCGC-1_2_1,bpd,BPDPH7mo,gCap,gCap,Endothelial,True,train
CGCCAAGGTACATCCA-1_2_1,bpd,BPDPH7mo,gCap,gCap,Endothelial,True,train
GGAACTTTCTTGTATC-1_2_1,bpd,BPDPH7mo,gCap,gCap,Endothelial,True,train
TTTCCTCCAAGAAGAG-1_2_1,bpd,BPDPH7mo,gCap,gCap,Endothelial,True,train
CCAGCGAGTCGGCTCA-1_2_1,bpd,BPDPH7mo,gCap,gCap,Endothelial,True,train
CTGCGGAAGTGAACGC-1_2_1,bpd,BPDPH7mo,gCap,gCap,Endothelial,True,train
GGATTACCATCACCCT-1_2_1,bpd,BPDPH7mo,gCap,gCap,Endothelial,True,train
AACCATGAGCCAGAAC-1_2_1,bpd,BPDPH7mo,gCap,gCap,Endothelial,True,train
CAAGTTGAGGTTCCTA-1_2_1,bpd,BPDPH7mo,gCap,gCap,Endothelial,True,test
TGTTCCGCAGTTCCCT-1_2_1,bpd,BPDPH7mo,gCap,gCap,Endothelial,True,train
CATCGGGAGGGATACC-1_2_1,bpd,BPDPH7mo,gCap,gCap,Endothelial,True,train
ACCTTTACAATGGACG-1_2_1,bpd,BPDPH7mo,gCap,gCap,Endothelial,True,train
CGTCACTGTCGAGATG-1_2_1,bpd,BPDPH7mo,gCap,gCap,Endothelial,True,train
TAGGCATTCCACGTGG-1_2_1,bpd,BPDPH7mo,gCap,gCap,Endothelial,True,test
CTCTAATAGCGAAGGG-1_2_1,bpd,BPDPH7mo,gCap,gCap,Endothelial,True,train
ACGAGGACATCTGGTA-1_2_1,bpd,BPDPH7mo,gCap,gCap,Endothelial,True,train
TGTATTCAGTCAAGGC-1_2_1,bpd,BPDPH7mo,gCap,gCap,Endothelial,True,train
ATTATCCCACAAGCCC-1_2_1,bpd,BPDPH7mo,gCap,gCap,Endothelial,True,train
GTACGTAAGGACACCA-1_2_1,bpd,BPDPH7mo,gCap,gCap,Endothelial,True,train
GCATGATAGAAAGTGG-1_2_1,bpd,BPDPH7mo,gCap,gCap,Endothelial,True,train
CCGGGATTCCGCATCT-1_2_1,bpd,BPDPH7mo,gCap,gCap,Endothelial,True,test
TCATTTGCATCTACGA-1_2_1,bpd,BPDPH7mo,gCap,gCap,Endothelial,True,train
GACGTTAGTAGGAGTC-1_2_1,bpd,BPDPH7mo,gCap,gCap,Endothelial,True,train
ACCCACTTCGAACGGA-1_2_1,bpd,BPDPH7mo,gCap,gCap,Endothelial,True,test
ACTGATGAGCGATTCT-1_2_1,bpd,BPDPH7mo,gCap,gCap,Endothelial,True,train
AGTGTCACAAGTCTGT-1_2_1,bpd,BPDPH7mo,gCap,gCap,Endothelial,True,train
CTTAACTGTGTAACGG-1_2_1,bpd,BPDPH7mo,gCap,gCap,Endothelial,True,train
TCACAAGCAAAGGAAG-1_2_1,bpd,BPDPH7mo,gCap,gCap,Endothelial,True,test
GTCCTCAAGAGCTTCT-1_2_1,bpd,BPDPH7mo,gCap,gCap,Endothelial,True,train
GTTTCTAAGCCTATGT-1_2_1,bpd,BPDPH7mo,gCap,gCap,Endothelial,True,test
GACTACACACTGAAGG-1_2_1,bpd,BPDPH7mo,gCap,gCap,Endothelial,True,test
ACTGATGGTCCGAACC-1_2_1,bpd,BPDPH7mo,gCap,gCap,Endothelial,True,train
CCTTCCCCATTAGGCT-1_2_1,bpd,BPDPH7mo,gCap,gCap,Endothelial,True,train
TGAAAGAGTGGGTATG-1_2_1,bpd,BPDPH7mo,gCap,gCap,Endothelial,True,train
GCATACAAGCGAGAAA-1_2_1,bpd,BPDPH7mo,gCap,gCap,Endothelial,True,train
ACGGCCAGTCGGCTCA-1_2_1,bpd,BPDPH7mo,gCap,gCap,Endothelial,True,train
CGAATGTTCTAGCACA-1_2_1,bpd,BPDPH7mo,gCap,gCap,Endothelial,True,train
AAAGTAGTCAACCAAC-1_2_1,bpd,BPDPH7mo,gCap,gCap,Endothelial,True,train
ATGAGGGTCGGGAGTA-1_2_1,bpd,BPDPH7mo,gCap,gCap,Endothelial,True,test
CCCAATCGTGCCTTGG-1_2_1,bpd,BPDPH7mo,gCap,gCap,Endothelial,True,train
CGAATGTTCCGCATAA-1_2_1,bpd,BPDPH7mo,gCap,gCap,Endothelial,True,train
GTCCTCAGTCTAAAGA-1_2_1,bpd,BPDPH7mo,gCap,gCap,Endothelial,True,train
TGCGCAGAGAAGGTTT-1_2_1,bpd,BPDPH7mo,gCap,gCap,Endothelial,True,train
AGTAGTCTCCAATGGT-1_2_1,bpd,BPDPH7mo,gCap,gCap,Endothelial,True,test
GGATGTTAGAATGTGT-1_2_1,bpd,BPDPH7mo,gCap,gCap,Endothelial,True,train
GGCTGGTTCCACGTGG-1_2_1,bpd,BPDPH7mo,gCap,gCap,Endothelial,True,train
GCATGTACACCGGAAA-1_2_1,bpd,BPDPH7mo,gCap,gCap,Endothelial,True,test
AGCATACAGTTAGGTA-1_2_1,bpd,BPDPH7mo,gCap,gCap,Endothelial,True,train
TACAGTGGTGCTGTAT-1_2_1,bpd,BPDPH7mo,gCap,gCap,Endothelial,True,train
CAACCAAGTATAATGG-1_2_1,bpd,BPDPH7mo,gCap,gCap,Endothelial,True,train
TGGTTAGAGAGACGAA-1_2_1,bpd,BPDPH7mo,gCap,gCap,Endothelial,True,train
GTAACTGGTAGAGGAA-1_2_1,bpd,BPDPH7mo,gCap,gCap,Endothelial,True,train
TGGTTCCCATCGGTTA-1_2_1,bpd,BPDPH7mo,gCap,gCap,Endothelial,True,train
CAGTAACGTGAAAGAG-1_2_1,bpd,BPDPH7mo,gCap,gCap,Endothelial,True,train
GAATGAATCGCCCTTA-1_2_1,bpd,BPDPH7mo,gCap,gCap,Endothelial,True,train
TTAACTCAGCGGATCA-1_2_1,bpd,BPDPH7mo,gCap,gCap,Endothelial,True,train
TGACTAGAGATGTAAC-1_2_1,bpd,BPDPH7mo,gCap,gCap,Endothelial,True,train
TTTGGTTAGGTGTTAA-1_2_1,bpd,BPDPH7mo,gCap,gCap,Endothelial,True,train
GGAATAAGTTGAGTTC-1_2_1,bpd,BPDPH7mo,gCap,gCap,Endothelial,True,train
GTATCTTCAGGAATGC-1_2_1,bpd,BPDPH7mo,gCap,gCap,Endothelial,True,train
CGGACACAGACCGGAT-1_2_1,bpd,BPDPH7mo,gCap,gCap,Endothelial,True,train
ACTGAACTCCAACCAA-1_2_1,bpd,BPDPH7mo,gCap,gCap,Endothelial,True,train
CTCTAATTCTGGCGAC-1_2_1,bpd,BPDPH7mo,gCap,gCap,Endothelial,True,train
TAAGAGAAGTCCATAC-1_2_1,bpd,BPDPH7mo,gCap,gCap,Endothelial,True,train
CGCTTCAAGTTCCACA-1_2_1,bpd,BPDPH7mo,gCap,gCap,Endothelial,True,train
AGTGTCACAAGTAATG-1_2_1,bpd,BPDPH7mo,gCap,gCap,Endothelial,True,train
GTTCGGGGTAGGGTAC-1_2_1,bpd,BPDPH7mo,gCap,gCap,Endothelial,True,train
ACGAGCCCATAACCTG-1_2_1,bpd,BPDPH7mo,gCap,gCap,Endothelial,True,train
CATATGGAGGTGCTTT-1_2_1,bpd,BPDPH7mo,gCap,gCap,Endothelial,True,train
GACGCGTGTTGGAGGT-1_2_1,bpd,BPDPH7mo,gCap,gCap,Endothelial,True,train
AGACGTTAGGATATAC-1_2_1,bpd,BPDPH7mo,gCap,gCap,Endothelial,True,train
GACACGCAGACAATAC-1_2_1,bpd,BPDPH7mo,gCap,gCap,Endothelial,True,train
CACAAACAGGTAGCTG-1_2_1,bpd,BPDPH7mo,gCap,gCap,Endothelial,True,train
GAACATCGTGGGTATG-1_2_1,bpd,BPDPH7mo,gCap,gCap,Endothelial,True,train
TCTATTGTCTACCAGA-1_2_1,bpd,BPDPH7mo,gCap,gCap,Endothelial,True,train
GATGCTACAGTTCATG-1_2_1,bpd,BPDPH7mo,gCap,gCap,Endothelial,True,train
CAGAGAGAGAGGACGG-1_2_1,bpd,BPDPH7mo,gCap,gCap,Endothelial,True,train
CTAAGACAGCGGCTTC-1_2_1,bpd,BPDPH7mo,gCap,gCap,Endothelial,True,train
CTCATTAAGGGTTTCT-1_2_1,bpd,BPDPH7mo,gCap,gCap,Endothelial,True,test
GATCGATTCCGAGCCA-1_2_1,bpd,BPDPH7mo,gCap,gCap,Endothelial,True,train
ACGGGCTTCTTTAGGG-1_2_1,bpd,BPDPH7mo,gCap,gCap,Endothelial,True,train
GTCACAACAGCGAACA-1_2_1,bpd,BPDPH7mo,gCap,gCap,Endothelial,True,train
AAAGTAGGTCTCACCT-1_2_1,bpd,BPDPH7mo,gCap,gCap,Endothelial,True,train
CAAGTTGGTTTAAGCC-1_2_1,bpd,BPDPH7mo,gCap,gCap,Endothelial,True,train
CGGAGCTAGAGCAATT-1_2_1,bpd,BPDPH7mo,gCap,gCap,Endothelial,True,train
TATCTCATCAGGTAAA-1_2_1,bpd,BPDPH7mo,gCap,gCap,Endothelial,True,train
TCTTCGGTCAGGATCT-1_2_1,bpd,BPDPH7mo,gCap,gCap,Endothelial,True,train
AGGCCACGTGCAGACA-1_2_1,bpd,BPDPH7mo,gCap,gCap,Endothelial,True,test
AGCGGTCGTCGACTAT-1_2_1,bpd,BPDPH7mo,gCap,gCap,Endothelial,True,train
CATCGAAGTTGTACAC-1_2_1,bpd,BPDPH7mo,gCap,gCap,Endothelial,True,train
TTGTAGGAGACAATAC-1_2_1,bpd,BPDPH7mo,gCap,gCap,Endothelial,True,train
TCGTAGACAGGAATGC-1_2_1,bpd,BPDPH7mo,gCap,gCap,Endothelial,True,train
GTACTTTCAGCAGTTT-1_2_1,bpd,BPDPH7mo,gCap,gCap,Endothelial,True,train
GCATACACAATGGTCT-1_2_1,bpd,BPDPH7mo,gCap,gCap,Endothelial,True,train
CGGAGCTCAGGGCATA-1_2_1,bpd,BPDPH7mo,gCap,gCap,Endothelial,True,train
CTACCCAAGCACCGTC-1_2_1,bpd,BPDPH7mo,gCap,gCap,Endothelial,True,train
TTCTTAGGTTAAGACA-1_2_1,bpd,BPDPH7mo,gCap,gCap,Endothelial,True,test
AGGGAGTTCGAGCCCA-1_2_1,bpd,BPDPH7mo,gCap,gCap,Endothelial,True,train
ATTGGTGTCATCGGAT-1_2_1,bpd,BPDPH7mo,gCap,gCap,Endothelial,True,train
TGTCCCATCGGATGTT-1_2_1,bpd,BPDPH7mo,gCap,gCap,Endothelial,True,train
AAAGTAGTCCGCTGTT-1_2_1,bpd,BPDPH7mo,gCap,gCap,Endothelial,True,train
CTGATCCAGCCCAACC-1_2_1,bpd,BPDPH7mo,gCap,gCap,Endothelial,True,train
TGACTTTGTTCACCTC-1_2_1,bpd,BPDPH7mo,gCap,gCap,Endothelial,True,train
ATAACGCCAAGGTTTC-1_2_1,bpd,BPDPH7mo,gCap,gCap,Endothelial,True,train
GTCACAACATGATCCA-1_2_1,bpd,BPDPH7mo,gCap,gCap,Endothelial,True,train
TTTGGTTGTTGTCGCG-1_2_1,bpd,BPDPH7mo,gCap,gCap,Endothelial,True,train
GACGTGCTCAGCAACT-1_2_1,bpd,BPDPH7mo,gCap,gCap,Endothelial,True,train
TATTACCGTTATGCGT-1_2_1,bpd,BPDPH7mo,gCap,gCap,Endothelial,True,train
CGTCACTAGCGCCTCA-1_2_1,bpd,BPDPH7mo,gCap,gCap,Endothelial,True,train
AGCCTAAGTGCAACTT-1_2_1,bpd,BPDPH7mo,gCap,gCap,Endothelial,True,train
GAACGGAAGTAACCCT-1_2_1,bpd,BPDPH7mo,gCap,gCap,Endothelial,True,train
CATCAGAGTTCGAATC-1_2_1,bpd,BPDPH7mo,gCap,gCap,Endothelial,True,train
GATCAGTAGATCTGCT-1_2_1,bpd,BPDPH7mo,gCap,gCap,Endothelial,True,train
AAGTCTGGTCCTGCTT-1_2_1,bpd,BPDPH7mo,gCap,gCap,Endothelial,True,train
CAAGTTGCACTTCTGC-1_2_1,bpd,BPDPH7mo,gCap,gCap,Endothelial,True,train
GATGAAATCTTTCCTC-1_2_1,bpd,BPDPH7mo,gCap,gCap,Endothelial,True,train
GCATGTAAGGCACATG-1_2_1,bpd,BPDPH7mo,gCap,gCap,Endothelial,True,test
CTTAGGATCCTTGCCA-1_2_1,bpd,BPDPH7mo,gCap,gCap,Endothelial,True,train
CCTAGCTCATCTGGTA-1_2_1,bpd,BPDPH7mo,gCap,gCap,Endothelial,True,train
ACAGCTACACTGTTAG-1_2_1,bpd,BPDPH7mo,gCap,gCap,Endothelial,True,train
GCTCCTACATTGCGGC-1_2_1,bpd,BPDPH7mo,gCap,gCap,Endothelial,True,train
ATTACTCCAAAGAATC-1_2_1,bpd,BPDPH7mo,gCap,gCap,Endothelial,True,train
CATCAGAGTATGCTTG-1_2_1,bpd,BPDPH7mo,gCap,gCap,Endothelial,True,train
GTTTCTAAGTTAGGTA-1_2_1,bpd,BPDPH7mo,gCap,gCap,Endothelial,True,train
CGTTGGGCAATAGCGG-1_2_1,bpd,BPDPH7mo,gCap,gCap,Endothelial,True,train
CTAGCCTCAAGTCTGT-1_2_1,bpd,BPDPH7mo,gCap,gCap,Endothelial,True,test
CACACTCTCCTCATTA-1_2_1,bpd,BPDPH7mo,gCap,gCap,Endothelial,True,train
ATTGGTGTCATGTCTT-1_2_1,bpd,BPDPH7mo,gCap,gCap,Endothelial,True,train
CACATAGAGATGTAAC-1_2_1,bpd,BPDPH7mo,gCap,gCap,Endothelial,True,train
GACGTGCGTTCCCTTG-1_2_1,bpd,BPDPH7mo,gCap,gCap,Endothelial,True,train
AGAGTGGCATCGACGC-1_2_1,bpd,BPDPH7mo,gCap,gCap,Endothelial,True,train
TTCTCCTTCTGTCCGT-1_2_1,bpd,BPDPH7mo,gCap,gCap,Endothelial,True,train
TAGGCATTCAGCCTAA-1_2_1,bpd,BPDPH7mo,gCap,gCap,Endothelial,True,train
GTCGTAAAGCCGATTT-1_2_1,bpd,BPDPH7mo,gCap,gCap,Endothelial,True,train
GATCGTAAGTGGCACA-1_2_1,bpd,BPDPH7mo,gCap,gCap,Endothelial,True,train
GTCGGGTCACGCGAAA-1_2_1,bpd,BPDPH7mo,gCap,gCap,Endothelial,True,train
GCGGGTTCAGTTTACG-1_2_1,bpd,BPDPH7mo,gCap,gCap,Endothelial,True,train
GGTGAAGCATATGCTG-1_2_1,bpd,BPDPH7mo,gCap,gCap,Endothelial,True,train
CCAGCGACACACGCTG-1_2_1,bpd,BPDPH7mo,gCap,gCap,Endothelial,True,test
TCGCGTTCACAGCGTC-1_2_1,bpd,BPDPH7mo,gCap,gCap,Endothelial,True,train
TATCTCAGTCATATCG-1_2_1,bpd,BPDPH7mo,gCap,gCap,Endothelial,True,train
GCTCCTAGTTCACGGC-1_2_1,bpd,BPDPH7mo,gCap,gCap,Endothelial,True,train
AGCTCCTAGACAAAGG-1_2_1,bpd,BPDPH7mo,gCap,gCap,Endothelial,True,train
TGACTAGGTCTTTCAT-1_2_1,bpd,BPDPH7mo,gCap,gCap,Endothelial,True,train
GGATGTTAGTCGAGTG-1_2_1,bpd,BPDPH7mo,gCap,gCap,Endothelial,True,train
TCACGAACAAGAGTCG-1_2_1,bpd,BPDPH7mo,gCap,gCap,Endothelial,True,train
TTAGTTCAGCTACCGC-1_2_1,bpd,BPDPH7mo,gCap,gCap,Endothelial,True,train
GGGAATGTCGTTTAGG-1_2_1,bpd,BPDPH7mo,gCap,gCap,Endothelial,True,train
CGATGTACAGTTAACC-1_2_1,bpd,BPDPH7mo,gCap,gCap,Endothelial,True,test
TGCGGGTAGAGTTGGC-1_2_1,bpd,BPDPH7mo,gCap,gCap,Endothelial,True,test
AACTGGTCAAGGTTCT-1_2_1,bpd,BPDPH7mo,gCap,gCap,Endothelial,True,train
CTTTGCGCAAAGAATC-1_2_1,bpd,BPDPH7mo,gCap,gCap,Endothelial,True,train
CCCAGTTAGGGTTCCC-1_2_1,bpd,BPDPH7mo,gCap,gCap,Endothelial,True,train
GGAAAGCTCGAGAGCA-1_2_1,bpd,BPDPH7mo,gCap,gCap,Endothelial,True,train
CTCGAAAAGGCCCTCA-1_2_1,bpd,BPDPH7mo,gCap,gCap,Endothelial,True,test
CTCGGGATCGGCGCAT-1_2_1,bpd,BPDPH7mo,gCap,gCap,Endothelial,True,train
GTTAAGCAGGCATGGT-1_2_1,bpd,BPDPH7mo,gCap,gCap,Endothelial,True,train
GTTTCTAGTTACCGAT-1_2_1,bpd,BPDPH7mo,gCap,gCap,Endothelial,True,train
CTGTTTATCAGATAAG-1_2_1,bpd,BPDPH7mo,gCap,gCap,Endothelial,True,test
CGTTGGGAGGACTGGT-1_2_1,bpd,BPDPH7mo,gCap,gCap,Endothelial,True,train
ATCCGAACAGTATGCT-1_2_1,bpd,BPDPH7mo,gCap,gCap,Endothelial,True,train
CAACCTCCACAGACTT-1_2_1,bpd,BPDPH7mo,gCap,gCap,Endothelial,True,train
TGACTAGCAGTACACT-1_2_1,bpd,BPDPH7mo,gCap,gCap,Endothelial,True,train
GGCTCGATCCTCGCAT-1_2_1,bpd,BPDPH7mo,gCap,gCap,Endothelial,True,train
GCCTCTAGTCTAGCCG-1_2_1,bpd,BPDPH7mo,gCap,gCap,Endothelial,True,train
TCAATCTTCCGTCATC-1_2_1,bpd,BPDPH7mo,gCap,gCap,Endothelial,True,train
CTACATTAGATAGCAT-1_2_1,bpd,BPDPH7mo,gCap,gCap,Endothelial,True,test
CCTATTACAATAAGCA-1_2_1,bpd,BPDPH7mo,gCap,gCap,Endothelial,True,test
CCGGTAGGTAGGCTGA-1_2_1,bpd,BPDPH7mo,gCap,gCap,Endothelial,True,train
AGCGTATTCAGTGTTG-1_2_1,bpd,BPDPH7mo,gCap,gCap,Endothelial,True,train
GCCAAATAGCATCATC-1_2_1,bpd,BPDPH7mo,gCap,gCap,Endothelial,True,train
ACTGCTCTCCCTCAGT-1_2_1,bpd,BPDPH7mo,gCap,gCap,Endothelial,True,train
GGATTACTCAGAGACG-1_2_1,bpd,BPDPH7mo,gCap,gCap,Endothelial,True,train
TCTCTAAGTTCAGGCC-1_2_1,bpd,BPDPH7mo,gCap,gCap,Endothelial,True,train
CATCGGGCAGATTGCT-1_2_1,bpd,BPDPH7mo,gCap,gCap,Endothelial,True,train
ACTGTCCAGCCACCTG-1_2_1,bpd,BPDPH7mo,gCap,gCap,Endothelial,True,train
CTGATCCAGATCCTGT-1_2_1,bpd,BPDPH7mo,gCap,gCap,Endothelial,True,train
AGCCTAATCAGCGATT-1_2_1,bpd,BPDPH7mo,gCap,gCap,Endothelial,True,train
GACTAACCAAAGTGCG-1_2_1,bpd,BPDPH7mo,gCap,gCap,Endothelial,True,train
TTGGCAAAGCCAACAG-1_2_1,bpd,BPDPH7mo,gCap,gCap,Endothelial,True,train
TTCGAAGTCAAACGGG-1_2_1,bpd,BPDPH7mo,gCap,gCap,Endothelial,True,train
AGCGGTCTCTGGTGTA-1_2_1,bpd,BPDPH7mo,gCap,gCap,Endothelial,True,train
ACTGCTCTCTGCAGTA-1_2_1,bpd,BPDPH7mo,gCap,gCap,Endothelial,True,test
TTAGGCATCCATGCTC-1_2_1,bpd,BPDPH7mo,gCap,gCap,Endothelial,True,train
AACCATGAGGTAAACT-1_2_1,bpd,BPDPH7mo,gCap,gCap,Endothelial,True,train
TACCTTATCTGCCAGG-1_2_1,bpd,BPDPH7mo,gCap,gCap,Endothelial,True,test
ACGGGTCAGGAGTAGA-1_2_1,bpd,BPDPH7mo,gCap,gCap,Endothelial,True,test
ACGTCAAAGTACCGGA-1_2_1,bpd,BPDPH7mo,gCap,gCap,Endothelial,True,test
GGAGCAACATGGGACA-1_2_1,bpd,BPDPH7mo,gCap,gCap,Endothelial,True,train
CAGAATCAGAGTACAT-1_2_1,bpd,BPDPH7mo,gCap,gCap,Endothelial,True,train
CTACGTCAGACTGGGT-1_2_1,bpd,BPDPH7mo,gCap,gCap,Endothelial,True,test
TGAGGGAAGAACAACT-1_2_1,bpd,BPDPH7mo,gCap,gCap,Endothelial,True,train
CATGACAGTAGCGCTC-1_2_1,bpd,BPDPH7mo,gCap,gCap,Endothelial,True,train
TACTCATTCCCTTGCA-1_2_1,bpd,BPDPH7mo,gCap,gCap,Endothelial,True,train
CTTAGGAGTCTTCGTC-1_2_1,bpd,BPDPH7mo,gCap,gCap,Endothelial,True,train
CGGAGCTGTAGGACAC-1_2_1,bpd,BPDPH7mo,gCap,gCap,Endothelial,True,train
CGAGCACCATCACGAT-1_2_1,bpd,BPDPH7mo,gCap,gCap,Endothelial,True,train
GTCACGGAGAAACCAT-1_2_1,bpd,BPDPH7mo,gCap,gCap,Endothelial,True,train
CGTCACTTCTTTCCTC-1_2_1,bpd,BPDPH7mo,gCap,gCap,Endothelial,True,train
ACGCCGAAGACATAAC-1_2_1,bpd,BPDPH7mo,gCap,gCap,Endothelial,True,train
CTCTGGTCATGCTGGC-1_2_1,bpd,BPDPH7mo,gCap,gCap,Endothelial,True,test
AGGTCCGTCAGAGCTT-1_2_1,bpd,BPDPH7mo,gCap,gCap,Endothelial,True,test
ACGAGCCGTCAGAATA-1_2_1,bpd,BPDPH7mo,gCap,gCap,Endothelial,True,train
AAAGCAATCACCGGGT-1_2_1,bpd,BPDPH7mo,gCap,gCap,Endothelial,True,train
TAGGCATCATTATCTC-1_2_1,bpd,BPDPH7mo,gCap,gCap,Endothelial,True,test
CATCAGAAGGCCGAAT-1_2_1,bpd,BPDPH7mo,gCap,gCap,Endothelial,True,train
TACGGATGTAGTAGTA-1_2_1,bpd,BPDPH7mo,gCap,gCap,Endothelial,True,train
AGTGTCAAGAACAACT-1_2_1,bpd,BPDPH7mo,gCap,gCap,Endothelial,True,train
ACATGGTCACCTTGTC-1_2_1,bpd,BPDPH7mo,gCap,gCap,Endothelial,True,train
GCGGGTTGTACATGTC-1_2_1,bpd,BPDPH7mo,gCap,gCap,Endothelial,True,train
TTAGTTCAGTGTACTC-1_2_1,bpd,BPDPH7mo,gCap,gCap,Endothelial,True,train
GGGCATCCACCTCGTT-1_2_1,bpd,BPDPH7mo,gCap,gCap,Endothelial,True,train
TGCGGGTAGTGGAGTC-1_2_1,bpd,BPDPH7mo,gCap,gCap,Endothelial,True,train
GTTACAGCATGGTTGT-1_2_1,bpd,BPDPH7mo,gCap,gCap,Endothelial,True,train
ATAACGCAGCCAGTAG-1_2_1,bpd,BPDPH7mo,gCap,gCap,Endothelial,True,train
TTTGGTTGTCTTGTCC-1_2_1,bpd,BPDPH7mo,gCap,gCap,Endothelial,True,train
ATTTCTGAGGTCATCT-1_2_1,bpd,BPDPH7mo,gCap,gCap,Endothelial,True,test
CGGAGCTAGTTTCCTT-1_2_1,bpd,BPDPH7mo,gCap,gCap,Endothelial,True,train
GAACGGATCAACGGCC-1_2_1,bpd,BPDPH7mo,gCap,gCap,Endothelial,True,train
GGCCGATTCGGCGCTA-1_2_1,bpd,BPDPH7mo,gCap,gCap,Endothelial,True,train
GAATGAATCCGCAAGC-1_2_1,bpd,BPDPH7mo,gCap,gCap,Endothelial,True,train
TCGAGGCGTAGGGACT-1_2_1,bpd,BPDPH7mo,gCap,gCap,Endothelial,True,train
TCACAAGAGAATTCCC-1_2_1,bpd,BPDPH7mo,gCap,gCap,Endothelial,True,train
TGGGAAGAGAGGTACC-1_2_1,bpd,BPDPH7mo,gCap,gCap,Endothelial,True,train
GGACAGACAAGTTAAG-1_2_1,bpd,BPDPH7mo,gCap,gCap,Endothelial,True,train
CGTCAGGAGACTAGAT-1_2_1,bpd,BPDPH7mo,gCap,gCap,Endothelial,True,train
CCTTTCTCAAAGGAAG-1_2_1,bpd,BPDPH7mo,gCap,gCap,Endothelial,True,train
CGACCTTAGTGTTTGC-1_2_1,bpd,BPDPH7mo,gCap,gCap,Endothelial,True,train
ACGCAGCTCCAGTAGT-1_2_1,bpd,BPDPH7mo,gCap,gCap,Endothelial,True,train
AGTGAGGGTGAGTATA-1_2_1,bpd,BPDPH7mo,gCap,gCap,Endothelial,True,train
GTCTTCGGTCGAGTTT-1_2_1,bpd,BPDPH7mo,gCap,gCap,Endothelial,True,train
CGAGCCATCTGGTTCC-1_2_1,bpd,BPDPH7mo,gCap,gCap,Endothelial,True,train
TAAGCGTGTAATCGTC-1_2_1,bpd,BPDPH7mo,gCap,gCap,Endothelial,True,train
TGACTAGCACGAAGCA-1_2_1,bpd,BPDPH7mo,gCap,gCap,Endothelial,True,train
AGGTCATCAGATCGGA-1_2_1,bpd,BPDPH7mo,gCap,gCap,Endothelial,True,train
AAGGAGCGTTATCCGA-1_2_1,bpd,BPDPH7mo,gCap,gCap,Endothelial,True,train
CGATTGATCCAGTAGT-1_2_1,bpd,BPDPH7mo,gCap,gCap,Endothelial,True,train
GCGAGAATCAACCATG-1_2_1,bpd,BPDPH7mo,gCap,gCap,Endothelial,True,train
TCGCGTTCACACATGT-1_2_1,bpd,BPDPH7mo,gCap,gCap,Endothelial,True,train
GTGCATAAGCGTAATA-1_2_1,bpd,BPDPH7mo,gCap,gCap,Endothelial,True,train
CATATTCAGATGTGTA-1_2_1,bpd,BPDPH7mo,gCap,gCap,Endothelial,True,train
AGATTGCGTAGCTGCC-1_2_1,bpd,BPDPH7mo,gCap,gCap,Endothelial,True,train
AAGCCGCTCTTGCCGT-1_2_1,bpd,BPDPH7mo,gCap,gCap,Endothelial,True,train
TAAACCGTCCTTCAAT-1_2_1,bpd,BPDPH7mo,gCap,gCap,Endothelial,True,train
AGAATAGCACCATCCT-1_2_1,bpd,BPDPH7mo,gCap,gCap,Endothelial,True,test
TCTCATATCATTGCCC-1_2_1,bpd,BPDPH7mo,gCap,gCap,Endothelial,True,train
CCGTGGACACACGCTG-1_2_1,bpd,BPDPH7mo,gCap,gCap,Endothelial,True,train
AAGGCAGGTCCATGAT-1_2_1,bpd,BPDPH7mo,gCap,gCap,Endothelial,True,train
CCTTCCCAGTTCGCGC-1_2_1,bpd,BPDPH7mo,gCap,gCap,Endothelial,True,train
TTGGAACTCAGCTTAG-1_2_1,bpd,BPDPH7mo,gCap,gCap,Endothelial,True,train
CCTATTAAGTACGTTC-1_2_1,bpd,BPDPH7mo,gCap,gCap,Endothelial,True,train
TTGCGTCAGAGTACAT-1_2_1,bpd,BPDPH7mo,gCap,gCap,Endothelial,True,train
TGGACGCAGCTCCTTC-1_2_1,bpd,BPDPH7mo,gCap,gCap,Endothelial,True,train
CCTTACGAGACTCGGA-1_2_1,bpd,BPDPH7mo,gCap,gCap,Endothelial,True,train
GTCTCGTTCCGTCATC-1_2_1,bpd,BPDPH7mo,gCap,gCap,Endothelial,True,train
AGCATACAGATGTAAC-1_2_1,bpd,BPDPH7mo,gCap,gCap,Endothelial,True,train
GAGCAGAGTTCGCTAA-1_2_1,bpd,BPDPH7mo,gCap,gCap,Endothelial,True,train
CTGCGGACATCATCCC-1_2_1,bpd,BPDPH7mo,gCap,gCap,Endothelial,True,train
ACATGGTAGTGGACGT-1_2_1,bpd,BPDPH7mo,gCap,gCap,Endothelial,True,train
AAGGTTCCAACTTGAC-1_2_1,bpd,BPDPH7mo,gCap,gCap,Endothelial,True,train
AACACGTGTATAGTAG-1_2_1,bpd,BPDPH7mo,gCap,gCap,Endothelial,True,valid
TTGGAACCATGCATGT-1_2_1,bpd,BPDPH7mo,gCap,gCap,Endothelial,True,train
TCACAAGCATAGGATA-1_2_1,bpd,BPDPH7mo,gCap,gCap,Endothelial,True,train
GGAAAGCCAACTGCGC-1_2_1,bpd,BPDPH7mo,gCap,gCap,Endothelial,True,test
ACGTCAAAGGAATGGA-1_2_1,bpd,BPDPH7mo,gCap,gCap,Endothelial,True,train
GTTCTCGTCTAGAGTC-1_2_1,bpd,BPDPH7mo,gCap,gCap,Endothelial,True,train
CCACGGAAGCCGGTAA-1_2_1,bpd,BPDPH7mo,gCap,gCap,Endothelial,True,train
TCAGGATAGTGTACCT-1_2_1,bpd,BPDPH7mo,gCap,gCap,Endothelial,True,train
AACGTTGCATGACATC-1_2_1,bpd,BPDPH7mo,gCap,gCap,Endothelial,True,train
GGGCATCAGCCGATTT-1_2_1,bpd,BPDPH7mo,gCap,gCap,Endothelial,True,train
AACTGGTAGAGTGAGA-1_2_1,bpd,BPDPH7mo,gCap,gCap,Endothelial,True,train
CCCAGTTCATGCCACG-1_2_1,bpd,BPDPH7mo,gCap,gCap,Endothelial,True,train
GAATAAGTCTCGCATC-1_2_1,bpd,BPDPH7mo,gCap,gCap,Endothelial,True,train
TTTCCTCTCAGTTGAC-1_2_1,bpd,BPDPH7mo,gCap,gCap,Endothelial,True,train
TCTTTCCCATGATCCA-1_2_1,bpd,BPDPH7mo,gCap,gCap,Endothelial,True,train
GGACAGAAGGATGCGT-1_2_1,bpd,BPDPH7mo,gCap,gCap,Endothelial,True,train
CATATTCAGATGGCGT-1_2_1,bpd,BPDPH7mo,gCap,gCap,Endothelial,True,train
GATCAGTTCGGCCGAT-1_2_1,bpd,BPDPH7mo,gCap,gCap,Endothelial,True,train
CAAGGCCTCCAAATGC-1_2_1,bpd,BPDPH7mo,gCap,gCap,Endothelial,True,train
ATCTACTGTGTTGGGA-1_2_1,bpd,BPDPH7mo,gCap,gCap,Endothelial,True,train
AGTCTTTGTAGCGTCC-1_2_1,bpd,BPDPH7mo,gCap,gCap,Endothelial,True,train
TTTATGCTCTAACCGA-1_2_1,bpd,BPDPH7mo,gCap,gCap,Endothelial,True,train
TATCTCAGTTACCAGT-1_2_1,bpd,BPDPH7mo,gCap,gCap,Endothelial,True,train
TGGACGCGTGAAAGAG-1_2_1,bpd,BPDPH7mo,gCap,gCap,Endothelial,True,train
TACTTACAGCGTTCCG-1_2_1,bpd,BPDPH7mo,gCap,gCap,Endothelial,True,train
ACGCAGCCACACAGAG-1_2_1,bpd,BPDPH7mo,gCap,gCap,Endothelial,True,train
TGTGTTTTCATCATTC-1_2_1,bpd,BPDPH7mo,gCap,gCap,Endothelial,True,train
TGCGCAGAGTTAAGTG-1_2_1,bpd,BPDPH7mo,gCap,gCap,Endothelial,True,train
CTCACACAGATGTTAG-1_2_1,bpd,BPDPH7mo,gCap,gCap,Endothelial,True,train
CGGGTCACAGCTCGCA-1_2_1,bpd,BPDPH7mo,gCap,gCap,Endothelial,True,train
GGAGCAAAGTGTACCT-1_2_1,bpd,BPDPH7mo,gCap,gCap,Endothelial,True,train
ACGCAGCAGAGGTTAT-1_2_1,bpd,BPDPH7mo,gCap,gCap,Endothelial,True,train
AGAGCTTTCTCCCTGA-1_2_1,bpd,BPDPH7mo,gCap,gCap,Endothelial,True,train
ATAAGAGGTACCGTAT-1_2_1,bpd,BPDPH7mo,gCap,gCap,Endothelial,True,test
GGACAAGAGAAGGGTA-1_2_1,bpd,BPDPH7mo,gCap,gCap,Endothelial,True,train
CTAGTGAAGGGCATGT-1_2_1,bpd,BPDPH7mo,gCap,gCap,Endothelial,True,train
GGCGACTGTTAGAACA-1_2_1,bpd,BPDPH7mo,gCap,gCap,Endothelial,True,train
TAAACCGCACAACTGT-1_2_1,bpd,BPDPH7mo,gCap,gCap,Endothelial,True,train
GCCAAATTCGTTACAG-1_2_1,bpd,BPDPH7mo,gCap,gCap,Endothelial,True,train
TAGGCATGTTCAGTAC-1_2_1,bpd,BPDPH7mo,gCap,gCap,Endothelial,True,train
TTTCCTCCAGAGCCAA-1_2_1,bpd,BPDPH7mo,gCap,gCap,Endothelial,True,train
CGAATGTCAATAACGA-1_2_1,bpd,BPDPH7mo,gCap,gCap,Endothelial,True,train
CATATGGCAGCTGCTG-1_2_1,bpd,BPDPH7mo,gCap,gCap,Endothelial,True,train
CCACGGAGTGGCAAAC-1_2_1,bpd,BPDPH7mo,gCap,gCap,Endothelial,True,train
GGGCATCAGTGTACCT-1_2_1,bpd,BPDPH7mo,gCap,gCap,Endothelial,True,train
ACGATACAGAGACGAA-1_2_1,bpd,BPDPH7mo,gCap,gCap,Endothelial,True,train
GTCACAAGTGATGTGG-1_2_1,bpd,BPDPH7mo,gCap,gCap,Endothelial,True,train
AGTGGGAAGTTAGGTA-1_2_1,bpd,BPDPH7mo,gCap,gCap,Endothelial,True,train
TAGACCAAGATCCCGC-1_2_1,bpd,BPDPH7mo,gCap,gCap,Endothelial,True,train
AGATTGCCATTCGACA-1_2_1,bpd,BPDPH7mo,gCap,gCap,Endothelial,True,test
CATCGAAGTCGCTTCT-1_2_1,bpd,BPDPH7mo,gCap,gCap,Endothelial,True,test
CACCACTCAGGGTTAG-1_2_1,bpd,BPDPH7mo,gCap,gCap,Endothelial,True,train
AGATTGCCACGGTAAG-1_2_1,bpd,BPDPH7mo,gCap,gCap,Endothelial,True,train
ATCACGACACAACGTT-1_2_1,bpd,BPDPH7mo,gCap,gCap,Endothelial,True,train
AGGGTGAAGCGTGAAC-1_2_1,bpd,BPDPH7mo,gCap,gCap,Endothelial,True,train
TGTCCCACATCGGACC-1_2_1,bpd,BPDPH7mo,gCap,gCap,Endothelial,True,train
CCAGCGAAGACTGGGT-1_2_1,bpd,BPDPH7mo,gCap,gCap,Endothelial,True,train
TCTCATAGTCCAACTA-1_2_1,bpd,BPDPH7mo,gCap,gCap,Endothelial,True,test
TTAACTCGTTAAAGAC-1_2_1,bpd,BPDPH7mo,gCap,gCap,Endothelial,True,train
GGACAGAGTGCGAAAC-1_2_1,bpd,BPDPH7mo,gCap,gCap,Endothelial,True,test
GTATCTTGTGATGCCC-1_2_1,bpd,BPDPH7mo,gCap,gCap,Endothelial,True,train
AGCGTATTCACATGCA-1_2_1,bpd,BPDPH7mo,gCap,gCap,Endothelial,True,train
CAGCTGGCACGTCAGC-1_2_1,bpd,BPDPH7mo,gCap,gCap,Endothelial,True,train
CCCAGTTAGAGTAAGG-1_2_1,bpd,BPDPH7mo,gCap,gCap,Endothelial,True,train
TAAACCGGTACGAAAT-1_2_1,bpd,BPDPH7mo,gCap,gCap,Endothelial,True,train
GCGCAACAGACCTTTG-1_2_1,bpd,BPDPH7mo,gCap,gCap,Endothelial,True,train
CCGTGGAGTAGCGTAG-1_2_1,bpd,BPDPH7mo,gCap,gCap,Endothelial,True,train
CTCGGGAAGTCTCCTC-1_2_1,bpd,BPDPH7mo,gCap,gCap,Endothelial,True,train
CGGACGTGTTGCCTCT-1_2_1,bpd,BPDPH7mo,gCap,gCap,Endothelial,True,train
ATAAGAGGTACCGTTA-1_2_1,bpd,BPDPH7mo,gCap,gCap,Endothelial,True,train
TTGACTTCAGCGTAAG-1_2_1,bpd,BPDPH7mo,gCap,gCap,Endothelial,True,train
GAAATGAAGTACGCCC-1_2_1,bpd,BPDPH7mo,gCap,gCap,Endothelial,True,train
GCAATCATCGGTTAAC-1_2_1,bpd,BPDPH7mo,gCap,gCap,Endothelial,True,train
CCTACACTCATTTGGG-1_2_1,bpd,BPDPH7mo,gCap,gCap,Endothelial,True,train
GTATTCTGTAGCGTGA-1_2_1,bpd,BPDPH7mo,gCap,gCap,Endothelial,True,train
TACACGACAGCGTCCA-1_2_1,bpd,BPDPH7mo,gCap,gCap,Endothelial,True,train
GGTGAAGAGTGTACGG-1_2_1,bpd,BPDPH7mo,gCap,gCap,Endothelial,True,train
ACTGAGTTCACCGTAA-1_2_1,bpd,BPDPH7mo,gCap,gCap,Endothelial,True,train
TCGTACCGTGGCCCTA-1_2_1,bpd,BPDPH7mo,gCap,gCap,Endothelial,True,train
CAGCATAAGAAGAAGC-1_2_1,bpd,BPDPH7mo,gCap,gCap,Endothelial,True,train
GGAGCAAGTTCAACCA-1_2_1,bpd,BPDPH7mo,gCap,gCap,Endothelial,True,train
CGTTGGGCACCAGATT-1_2_1,bpd,BPDPH7mo,gCap,gCap,Endothelial,True,train
CCTTTCTAGGTTCCTA-1_2_1,bpd,BPDPH7mo,gCap,gCap,Endothelial,True,train
GGCTCGAGTCGTGGCT-1_2_1,bpd,BPDPH7mo,gCap,gCap,Endothelial,True,train
ATAGACCAGCATCATC-1_2_1,bpd,BPDPH7mo,gCap,gCap,Endothelial,True,train
GATGAGGGTAAAGGAG-1_2_1,bpd,BPDPH7mo,gCap,gCap,Endothelial,True,train
GTAACGTAGTTTAGGA-1_2_1,bpd,BPDPH7mo,gCap,gCap,Endothelial,True,train
AGTAGTCCATATGGTC-1_2_1,bpd,BPDPH7mo,gCap,gCap,Endothelial,True,train
CGTGAGCAGATATGGT-1_2_1,bpd,BPDPH7mo,gCap,gCap,Endothelial,True,train
CGGAGCTTCGGCTACG-1_2_1,bpd,BPDPH7mo,gCap,gCap,Endothelial,True,train
CTAGTGAGTCGCTTCT-1_2_1,bpd,BPDPH7mo,gCap,gCap,Endothelial,True,train
CGTTAGAAGAAGATTC-1_2_1,bpd,BPDPH7mo,gCap,gCap,Endothelial,True,train
AGCGTATAGACAGACC-1_2_1,bpd,BPDPH7mo,gCap,gCap,Endothelial,True,train
AGGGAGTAGTCTCGGC-1_2_1,bpd,BPDPH7mo,gCap,gCap,Endothelial,True,train
AGTCTTTAGTCGATAA-1_2_1,bpd,BPDPH7mo,gCap,gCap,Endothelial,True,train
TTGTAGGCAGACACTT-1_2_1,bpd,BPDPH7mo,gCap,gCap,Endothelial,True,train
GACTAACTCTGTCTAT-1_2_1,bpd,BPDPH7mo,gCap,gCap,Endothelial,True,train
CTGAAACAGTGCGATG-1_2_1,bpd,BPDPH7mo,gCap,gCap,Endothelial,True,train
CTCGTACCACGTCTCT-1_2_1,bpd,BPDPH7mo,gCap,gCap,Endothelial,True,train
GACGGCTGTTACCAGT-1_2_1,bpd,BPDPH7mo,gCap,gCap,Endothelial,True,train
GTCGTAAGTAAATGAC-1_2_1,bpd,BPDPH7mo,gCap,gCap,Endothelial,True,train
GCATGATCAAGCTGAG-1_2_1,bpd,BPDPH7mo,gCap,gCap,Endothelial,True,train
CTAACTTAGATGGCGT-1_2_1,bpd,BPDPH7mo,gCap,gCap,Endothelial,True,train
ACCAGTAAGATGCGAC-1_2_1,bpd,BPDPH7mo,gCap,gCap,Endothelial,True,train
TTGCGTCGTAAATGAC-1_2_1,bpd,BPDPH7mo,gCap,gCap,Endothelial,True,train
CAACCTCCAAACCTAC-1_2_1,bpd,BPDPH7mo,gCap,gCap,Endothelial,True,train
TTCGAAGCATGCGCAC-1_2_1,bpd,BPDPH7mo,gCap,gCap,Endothelial,True,train
CTTAACTTCGCGTAGC-1_2_1,bpd,BPDPH7mo,gCap,gCap,Endothelial,True,train
CTCAGAATCGTAGGTT-1_2_1,bpd,BPDPH7mo,gCap,gCap,Endothelial,True,train
GACGTTAAGTAAGTAC-1_2_1,bpd,BPDPH7mo,gCap,gCap,Endothelial,True,train
CCTTACGAGTCCATAC-1_2_1,bpd,BPDPH7mo,gCap,gCap,Endothelial,True,test
GTTAAGCCATTGAGCT-1_2_1,bpd,BPDPH7mo,gCap,gCap,Endothelial,True,train
ACTTTCAAGTCAAGGC-1_2_1,bpd,BPDPH7mo,gCap,gCap,Endothelial,True,train
TACTCATTCCTTCAAT-1_2_1,bpd,BPDPH7mo,gCap,gCap,Endothelial,True,train
TTGGCAAGTAAACACA-1_2_1,bpd,BPDPH7mo,gCap,gCap,Endothelial,True,train
CCAATCCGTATCAGTC-1_2_1,bpd,BPDPH7mo,gCap,gCap,Endothelial,True,train
CCTAGCTCACGAGGTA-1_2_1,bpd,BPDPH7mo,gCap,gCap,Endothelial,True,test
GGGATGATCATTGCCC-1_2_1,bpd,BPDPH7mo,gCap,gCap,Endothelial,True,train
CTGGTCTCAATGAATG-1_2_1,bpd,BPDPH7mo,gCap,gCap,Endothelial,True,train
TGTGTTTTCTCGTTTA-1_2_1,bpd,BPDPH7mo,gCap,gCap,Endothelial,True,train
GCAATCACATCTATGG-1_2_1,bpd,BPDPH7mo,gCap,gCap,Endothelial,True,train
GATCGATCACGAAGCA-1_2_1,bpd,BPDPH7mo,gCap,gCap,Endothelial,True,train
CAGAGAGCATCGACGC-1_2_1,bpd,BPDPH7mo,gCap,gCap,Endothelial,True,train
CGTTAGAAGTCATCCA-1_2_1,bpd,BPDPH7mo,gCap,gCap,Endothelial,True,train
AAACCTGTCGTGGGAA-1_2_1,bpd,BPDPH7mo,gCap,gCap,Endothelial,True,train
ACGCAGCAGCACGCCT-1_2_1,bpd,BPDPH7mo,gCap,gCap,Endothelial,True,train
CTGCTGTGTCAAGCGA-1_2_1,bpd,BPDPH7mo,gCap,gCap,Endothelial,True,train
GCTTGAACAACACCTA-1_2_1,bpd,BPDPH7mo,gCap,gCap,Endothelial,True,train
CGGCTAGCATGCCACG-1_2_1,bpd,BPDPH7mo,gCap,gCap,Endothelial,True,train
ATAGACCAGCAATATG-1_2_1,bpd,BPDPH7mo,gCap,gCap,Endothelial,True,train
TTCTCAAAGACAGGCT-1_2_1,bpd,BPDPH7mo,gCap,gCap,Endothelial,True,train
GGGTTGCAGTCACGCC-1_2_1,bpd,BPDPH7mo,gCap,gCap,Endothelial,True,train
CAGTAACAGTCCCACG-1_2_1,bpd,BPDPH7mo,gCap,gCap,Endothelial,True,train
CATCGGGAGGTGTGGT-1_2_1,bpd,BPDPH7mo,gCap,gCap,Endothelial,True,train
CATCAGATCACGACTA-1_2_1,bpd,BPDPH7mo,gCap,gCap,Endothelial,True,train
CATCAAGAGTGGTAAT-1_2_1,bpd,BPDPH7mo,gCap,gCap,Endothelial,True,train
ATCCGAACATGGGACA-1_2_1,bpd,BPDPH7mo,gCap,gCap,Endothelial,True,train
CCTTACGCAGATCTGT-1_2_1,bpd,BPDPH7mo,gCap,gCap,Endothelial,True,train
TAGAGCTCACACCGCA-1_2_1,bpd,BPDPH7mo,gCap,gCap,Endothelial,True,train
CAGCGACTCGCCAGCA-1_2_1,bpd,BPDPH7mo,gCap,gCap,Endothelial,True,train
AGGGAGTGTCGCTTTC-1_2_1,bpd,BPDPH7mo,gCap,gCap,Endothelial,True,train
ATTGGACGTACCGGCT-1_2_1,bpd,BPDPH7mo,gCap,gCap,Endothelial,True,train
AACGTTGGTCTAGGTT-1_2_1,bpd,BPDPH7mo,gCap,gCap,Endothelial,True,train
GTGAAGGCATTAGCCA-1_2_1,bpd,BPDPH7mo,gCap,gCap,Endothelial,True,train
ACTATCTGTGGTTTCA-1_2_1,bpd,BPDPH7mo,gCap,gCap,Endothelial,True,train
CGGACGTAGCCACGCT-1_2_1,bpd,BPDPH7mo,gCap,gCap,Endothelial,True,train
CTTAACTGTGCCTTGG-1_2_1,bpd,BPDPH7mo,gCap,gCap,Endothelial,True,train
TCAGCTCGTCCCTACT-1_2_1,bpd,BPDPH7mo,gCap,gCap,Endothelial,True,train
CAGCAGCTCCTACAGA-1_2_1,bpd,BPDPH7mo,gCap,gCap,Endothelial,True,train
TTGGAACAGCACACAG-1_2_1,bpd,BPDPH7mo,gCap,gCap,Endothelial,True,train
CGTTAGAGTTGAGTTC-1_2_1,bpd,BPDPH7mo,gCap,gCap,Endothelial,True,train
ATCATGGGTCCAGTTA-1_2_1,bpd,BPDPH7mo,gCap,gCap,Endothelial,True,train
TCTATTGGTAGCGTGA-1_2_1,bpd,BPDPH7mo,gCap,gCap,Endothelial,True,train
TCGGGACTCTCGCTTG-1_2_1,bpd,BPDPH7mo,gCap,gCap,Endothelial,True,train
TCGCGAGCAGCGTCCA-1_2_1,bpd,BPDPH7mo,gCap,gCap,Endothelial,True,train
GCAGCCAAGGGCACTA-1_2_1,bpd,BPDPH7mo,gCap,gCap,Endothelial,True,train
GATCAGTTCAATAAGG-1_2_1,bpd,BPDPH7mo,gCap,gCap,Endothelial,True,train
TCAGGATTCCTAGTGA-1_2_1,bpd,BPDPH7mo,gCap,gCap,Endothelial,True,train
TTGAACGCACAACGCC-1_2_1,bpd,BPDPH7mo,gCap,gCap,Endothelial,True,train
TGCACCTGTGGCGAAT-1_2_1,bpd,BPDPH7mo,gCap,gCap,Endothelial,True,train
CTACACCCACGCCAGT-1_2_1,bpd,BPDPH7mo,gCap,gCap,Endothelial,True,train
CACATTTTCGTTACGA-1_2_1,bpd,BPDPH7mo,gCap,gCap,Endothelial,True,train
GCTCTGTCAAGTCTGT-1_2_1,bpd,BPDPH7mo,gCap,gCap,Endothelial,True,train
GGTATTGCACCGAAAG-1_2_1,bpd,BPDPH7mo,gCap,gCap,Endothelial,True,train
TGGTTAGAGAGACTTA-1_2_1,bpd,BPDPH7mo,gCap,gCap,Endothelial,True,test
ACTTTCACACTCAGGC-1_2_1,bpd,BPDPH7mo,gCap,gCap,Endothelial,True,test
TTGGAACGTCTCACCT-1_2_1,bpd,BPDPH7mo,gCap,gCap,Endothelial,True,train
ACCGTAAGTTTGTGTG-1_2_1,bpd,BPDPH7mo,gCap,gCap,Endothelial,True,train
ACATCAGGTGGACGAT-1_2_1,bpd,BPDPH7mo,gCap,gCap,Endothelial,True,train
ATCTACTTCGTGACAT-1_2_1,bpd,BPDPH7mo,gCap,gCap,Endothelial,True,train
GTGCATATCACCCGAG-1_2_1,bpd,BPDPH7mo,gCap,gCap,Endothelial,True,train
GCATGTACAGCGTAAG-1_2_1,bpd,BPDPH7mo,gCap,gCap,Endothelial,True,train
GGTGAAGGTACAGACG-1_2_1,bpd,BPDPH7mo,gCap,gCap,Endothelial,True,train
CGTGTAACATCCTTGC-1_2_1,bpd,BPDPH7mo,gCap,gCap,Endothelial,True,train
ACTTACTTCTCTAAGG-1_2_1,bpd,BPDPH7mo,gCap,gCap,Endothelial,True,train
GACTAACAGTAGCCGA-1_2_1,bpd,BPDPH7mo,gCap,gCap,Endothelial,True,train
AAATGCCTCGAACGGA-1_2_1,bpd,BPDPH7mo,gCap,gCap,Endothelial,True,train
GAAACTCAGTCACGCC-1_2_1,bpd,BPDPH7mo,gCap,gCap,Endothelial,True,train
GGGCACTCATCCGGGT-1_2_1,bpd,BPDPH7mo,gCap,gCap,Endothelial,True,test
AGCATACTCCAAACTG-1_2_1,bpd,BPDPH7mo,gCap,gCap,Endothelial,True,train
TACAGTGAGGCTAGAC-1_2_1,bpd,BPDPH7mo,gCap,gCap,Endothelial,True,train
TAAGCGTTCGCACTCT-1_2_1,bpd,BPDPH7mo,gCap,gCap,Endothelial,True,train
GGAATAATCAAGATCC-1_2_1,bpd,BPDPH7mo,gCap,gCap,Endothelial,True,train
GTTCTCGTCAACCAAC-1_2_1,bpd,BPDPH7mo,gCap,gCap,Endothelial,True,train
ACACTGAAGCGTCTAT-1_2_1,bpd,BPDPH7mo,gCap,gCap,Endothelial,True,train
CACCACTAGTACGACG-1_2_1,bpd,BPDPH7mo,gCap,gCap,Endothelial,True,test
TAAGAGAGTGTGGTTT-1_2_1,bpd,BPDPH7mo,gCap,gCap,Endothelial,True,train
CAACTAGGTGAGCGAT-1_2_1,bpd,BPDPH7mo,gCap,gCap,Endothelial,True,train
AGTTGGTGTACGACCC-1_2_1,bpd,BPDPH7mo,gCap,gCap,Endothelial,True,test
GACTACAGTGCGATAG-1_2_1,bpd,BPDPH7mo,gCap,gCap,Endothelial,True,train
TTCTCAAAGGCGACAT-1_2_1,bpd,BPDPH7mo,gCap,gCap,Endothelial,True,train
ACTATCTAGGATGCGT-1_2_1,bpd,BPDPH7mo,gCap,gCap,Endothelial,True,train
TAGACCACAGGTCGTC-1_2_1,bpd,BPDPH7mo,gCap,gCap,Endothelial,True,train
CATCAGAGTCATGCAT-1_2_1,bpd,BPDPH7mo,gCap,gCap,Endothelial,True,train
GCGCAACGTACCTACA-1_2_1,bpd,BPDPH7mo,gCap,gCap,Endothelial,True,train
CGAGAAGAGTCCCACG-1_2_1,bpd,BPDPH7mo,gCap,gCap,Endothelial,True,train
CGGACGTTCTCACATT-1_2_1,bpd,BPDPH7mo,gCap,gCap,Endothelial,True,train
TACTTGTCAAGAGGCT-1_2_1,bpd,BPDPH7mo,gCap,gCap,Endothelial,True,train
TTGCCGTGTTCGTTGA-1_2_1,bpd,BPDPH7mo,gCap,gCap,Endothelial,True,train
CGCCAAGTCACCATAG-1_2_1,bpd,BPDPH7mo,gCap,gCap,Endothelial,True,train
CGATGGCGTTACGGAG-1_2_1,bpd,BPDPH7mo,gCap,gCap,Endothelial,True,train
CTCGGGACATGCAATC-1_2_1,bpd,BPDPH7mo,gCap,gCap,Endothelial,True,train
GACTACAGTCCGAATT-1_2_1,bpd,BPDPH7mo,gCap,gCap,Endothelial,True,test
ATCATCTCAAGGACAC-1_2_1,bpd,BPDPH7mo,gCap,gCap,Endothelial,True,train
CCAATCCTCTCCAACC-1_2_1,bpd,BPDPH7mo,gCap,gCap,Endothelial,True,train
AAACGGGGTGTAAGTA-1_2_1,bpd,BPDPH7mo,gCap,gCap,Endothelial,True,train
CGTCAGGTCCACGCAG-1_2_1,bpd,BPDPH7mo,gCap,gCap,Endothelial,True,train
CTGATCCGTCATCCCT-1_2_1,bpd,BPDPH7mo,gCap,gCap,Endothelial,True,train
GACACGCAGTTGAGTA-1_2_1,bpd,BPDPH7mo,gCap,gCap,Endothelial,True,train
CGAACATAGGAATGGA-1_2_1,bpd,BPDPH7mo,gCap,gCap,Endothelial,True,train
AGGTCATGTCCATGAT-1_2_1,bpd,BPDPH7mo,gCap,gCap,Endothelial,True,train
TCAATCTTCCGTAGGC-1_2_1,bpd,BPDPH7mo,gCap,gCap,Endothelial,True,train
CTGATCCTCTCAAACG-1_2_1,bpd,BPDPH7mo,gCap,gCap,Endothelial,True,train
ACTTGTTTCTCACATT-1_2_1,bpd,BPDPH7mo,gCap,gCap,Endothelial,True,train
GCATGATAGCTGAAAT-1_2_1,bpd,BPDPH7mo,gCap,gCap,Endothelial,True,train
GCATGATGTCCGAATT-1_2_1,bpd,BPDPH7mo,gCap,gCap,Endothelial,True,train
ACTGCTCTCTGGTTCC-1_2_1,bpd,BPDPH7mo,gCap,gCap,Endothelial,True,train
GATCAGTTCGCCATAA-1_2_1,bpd,BPDPH7mo,gCap,gCap,Endothelial,True,train
ACGTCAACATCCGGGT-1_2_1,bpd,BPDPH7mo,gCap,gCap,Endothelial,True,train
CATTATCCACGGTAGA-1_2_1,bpd,BPDPH7mo,gCap,gCap,Endothelial,True,train
CAGCGACGTTCTGTTT-1_2_1,bpd,BPDPH7mo,gCap,gCap,Endothelial,True,train
GACGGCTAGCTTTGGT-1_2_1,bpd,BPDPH7mo,gCap,gCap,Endothelial,True,train
GTCCTCAGTTCGCGAC-1_2_1,bpd,BPDPH7mo,gCap,gCap,Endothelial,True,train
ATAGACCGTGTGAATA-1_2_1,bpd,BPDPH7mo,gCap,gCap,Endothelial,True,train
TCAATCTCACGGACAA-1_2_1,bpd,BPDPH7mo,gCap,gCap,Endothelial,True,test
CTAATGGTCCGTAGTA-1_2_1,bpd,BPDPH7mo,gCap,gCap,Endothelial,True,train
GCATGATTCCAAAGTC-1_2_1,bpd,BPDPH7mo,gCap,gCap,Endothelial,True,train
GGCAATTAGAGTCTGG-1_2_1,bpd,BPDPH7mo,gCap,gCap,Endothelial,True,train
GGTGTTACAATGGACG-1_2_1,bpd,BPDPH7mo,gCap,gCap,Endothelial,True,train
CGGTTAATCAAGCCTA-1_2_1,bpd,BPDPH7mo,gCap,gCap,Endothelial,True,train
CACATTTCACGCTTTC-1_2_1,bpd,BPDPH7mo,gCap,gCap,Endothelial,True,train
CTTTGCGGTGTGGTTT-1_2_1,bpd,BPDPH7mo,gCap,gCap,Endothelial,True,train
CAACTAGTCGTCCGTT-1_2_1,bpd,BPDPH7mo,gCap,gCap,Endothelial,True,train
TCAACGATCAACCAAC-1_2_1,bpd,BPDPH7mo,gCap,gCap,Endothelial,True,train
TCTCTAAGTTCTCATT-1_2_1,bpd,BPDPH7mo,gCap,gCap,Endothelial,True,train
GTTAAGCCATTCCTCG-1_2_1,bpd,BPDPH7mo,gCap,gCap,Endothelial,True,train
TTTATGCGTTCGTGAT-1_2_1,bpd,BPDPH7mo,gCap,gCap,Endothelial,True,train
CGGCTAGTCCGGGTGT-1_2_1,bpd,BPDPH7mo,gCap,gCap,Endothelial,True,train
CTACACCGTCCGAGTC-1_2_1,bpd,BPDPH7mo,gCap,gCap,Endothelial,True,train
GCATACAAGGGCATGT-1_2_1,bpd,BPDPH7mo,gCap,gCap,Endothelial,True,train
GGACATTAGATGCGAC-1_2_1,bpd,BPDPH7mo,gCap,gCap,Endothelial,True,train
CATTATCTCACTCTTA-1_2_1,bpd,BPDPH7mo,gCap,gCap,Endothelial,True,train
CTCTAATAGGCTCAGA-1_2_1,bpd,BPDPH7mo,gCap,gCap,Endothelial,True,train
CAACCAATCGCCATAA-1_2_1,bpd,BPDPH7mo,gCap,gCap,Endothelial,True,train
ATTTCTGGTAAATACG-1_2_1,bpd,BPDPH7mo,gCap,gCap,Endothelial,True,train
GGAATAATCAACCAAC-1_2_1,bpd,BPDPH7mo,gCap,gCap,Endothelial,True,train
ACTGAGTGTCACCTAA-1_2_1,bpd,BPDPH7mo,gCap,gCap,Endothelial,True,train
CGCCAAGGTCACTTCC-1_2_1,bpd,BPDPH7mo,gCap,gCap,Endothelial,True,train
TAAGAGAAGGCGACAT-1_2_1,bpd,BPDPH7mo,gCap,gCap,Endothelial,True,train
GTACTTTCATTGAGCT-1_2_1,bpd,BPDPH7mo,gCap,gCap,Endothelial,True,train
TCAATCTGTAGCTCCG-1_2_1,bpd,BPDPH7mo,gCap,gCap,Endothelial,True,test
TGAGCATGTGACAAAT-1_2_1,bpd,BPDPH7mo,gCap,gCap,Endothelial,True,train
GGAAAGCAGGAATGGA-1_2_1,bpd,BPDPH7mo,gCap,gCap,Endothelial,True,train
CTGAAGTTCGATAGAA-1_2_1,bpd,BPDPH7mo,gCap,gCap,Endothelial,True,train
GGACGTCCATTCTTAC-1_2_1,bpd,BPDPH7mo,gCap,gCap,Endothelial,True,train
CTAGTGACATTGGCGC-1_2_1,bpd,BPDPH7mo,gCap,gCap,Endothelial,True,train
CCTTACGAGCGGCTTC-1_2_1,bpd,BPDPH7mo,gCap,gCap,Endothelial,True,train
ACGGGTCTCCGATATG-1_2_1,bpd,BPDPH7mo,gCap,gCap,Endothelial,True,train
GGACAGAAGGGAACGG-1_2_1,bpd,BPDPH7mo,gCap,gCap,Endothelial,True,train
ACATCAGAGGACTGGT-1_2_1,bpd,BPDPH7mo,gCap,gCap,Endothelial,True,train
CGAGCACGTGCACGAA-1_2_1,bpd,BPDPH7mo,gCap,gCap,Endothelial,True,train
TCTTCGGCAGTTTACG-1_2_1,bpd,BPDPH7mo,gCap,gCap,Endothelial,True,train
ACTGATGCAAGGACAC-1_2_1,bpd,BPDPH7mo,gCap,gCap,Endothelial,True,test
TGTCCCATCTGAGGGA-1_2_1,bpd,BPDPH7mo,gCap,gCap,Endothelial,True,train
CAGAATCAGACTAGAT-1_2_1,bpd,BPDPH7mo,gCap,gCap,Endothelial,True,train
CGTGAGCGTATAGTAG-1_2_1,bpd,BPDPH7mo,gCap,gCap,Endothelial,True,train
AGGGATGGTTTAGCTG-1_2_1,bpd,BPDPH7mo,gCap,gCap,Endothelial,True,train
TTTGCGCGTACAGACG-1_2_1,bpd,BPDPH7mo,gCap,gCap,Endothelial,True,train
ATCTGCCCAGACAAAT-1_2_1,bpd,BPDPH7mo,gCap,gCap,Endothelial,True,train
CGAACATGTATGGTTC-1_2_1,bpd,BPDPH7mo,gCap,gCap,Endothelial,True,train
CATCGGGAGGACATTA-1_2_1,bpd,BPDPH7mo,gCap,gCap,Endothelial,True,train
GGGCACTTCAGCTCTC-1_2_1,bpd,BPDPH7mo,gCap,gCap,Endothelial,True,train
CAAGATCGTGAAAGAG-1_2_1,bpd,BPDPH7mo,gCap,gCap,Endothelial,True,train
TATCAGGGTAGCTGCC-1_2_1,bpd,BPDPH7mo,gCap,gCap,Endothelial,True,train
TCAATCTCAGCTGTAT-1_2_1,bpd,BPDPH7mo,gCap,gCap,Endothelial,True,train
ACTTGTTTCCGATATG-1_2_1,bpd,BPDPH7mo,gCap,gCap,Endothelial,True,train
CGAGAAGTCTACCTGC-1_2_1,bpd,BPDPH7mo,gCap,gCap,Endothelial,True,train
CTCGGGATCCTCCTAG-1_2_1,bpd,BPDPH7mo,gCap,gCap,Endothelial,True,train
TTCGAAGAGTATTGGA-1_2_1,bpd,BPDPH7mo,gCap,gCap,Endothelial,True,train
TGAAAGATCGTTTGCC-1_2_1,bpd,BPDPH7mo,gCap,gCap,Endothelial,True,train
CCATGTCCACGGTGTC-1_2_1,bpd,BPDPH7mo,gCap,gCap,Endothelial,True,train
CATGCCTAGTCTCGGC-1_2_1,bpd,BPDPH7mo,gCap,gCap,Endothelial,True,train
TTTGTCAGTGTGTGCC-1_2_1,bpd,BPDPH7mo,gCap,gCap,Endothelial,True,train
ACGAGGAGTCCAGTGC-1_2_1,bpd,BPDPH7mo,gCap,gCap,Endothelial,True,train
TGGCGCAGTGATGCCC-1_2_1,bpd,BPDPH7mo,gCap,gCap,Endothelial,True,train
TTTACTGGTAAACGCG-1_2_1,bpd,BPDPH7mo,gCap,gCap,Endothelial,True,train
AAAGCAATCTTTACAC-1_2_1,bpd,BPDPH7mo,gCap,gCap,Endothelial,True,train
GCAGTTATCGGATGTT-1_2_1,bpd,BPDPH7mo,gCap,gCap,Endothelial,True,test
GTCGGGTCAGGCGATA-1_2_1,bpd,BPDPH7mo,gCap,gCap,Endothelial,True,train
ACCCACTCATTAGCCA-1_2_1,bpd,BPDPH7mo,gCap,gCap,Endothelial,True,train
ACGGGTCAGCCCAATT-1_2_1,bpd,BPDPH7mo,gCap,gCap,Endothelial,True,train
CTTTGCGAGTAGTGCG-1_2_1,bpd,BPDPH7mo,gCap,gCap,Endothelial,True,train
GCGCAGTGTGTCCTCT-1_2_1,bpd,BPDPH7mo,gCap,gCap,Endothelial,True,train
AAAGCAAGTTGGACCC-1_2_1,bpd,BPDPH7mo,gCap,gCap,Endothelial,True,train
ACGATACCAGTCGATT-1_2_1,bpd,BPDPH7mo,gCap,gCap,Endothelial,True,train
TGAGGGATCAGCGATT-1_2_1,bpd,BPDPH7mo,gCap,gCap,Endothelial,True,test
ACGGCCACATTGCGGC-1_2_1,bpd,BPDPH7mo,gCap,gCap,Endothelial,True,train
GATCGCGTCGTCTGAA-1_2_1,bpd,BPDPH7mo,gCap,gCap,Endothelial,True,train
CAGATCAGTGACAAAT-1_2_1,bpd,BPDPH7mo,gCap,gCap,Endothelial,True,train
ACGATACGTGCAGACA-1_2_1,bpd,BPDPH7mo,gCap,gCap,Endothelial,True,train
CGGACTGTCTCACATT-1_2_1,bpd,BPDPH7mo,gCap,gCap,Endothelial,True,train
GTGGGTCCAGATGGGT-1_2_1,bpd,BPDPH7mo,gCap,gCap,Endothelial,True,train
TTGGAACGTACGCACC-1_2_1,bpd,BPDPH7mo,gCap,gCap,Endothelial,True,train
TCAGCTCCAAATCCGT-1_2_1,bpd,BPDPH7mo,gCap,gCap,Endothelial,True,train
GCTCTGTGTCTCTCTG-1_2_1,bpd,BPDPH7mo,gCap,gCap,Endothelial,True,train
AGCGTATTCATTTGGG-1_2_1,bpd,BPDPH7mo,gCap,gCap,Endothelial,True,train
ACCCACTCATGGAATA-1_2_1,bpd,BPDPH7mo,gCap,gCap,Endothelial,True,train
TACAGTGTCTGTTGAG-1_2_1,bpd,BPDPH7mo,gCap,gCap,Endothelial,True,train
CGGAGCTTCTAACTGG-1_2_1,bpd,BPDPH7mo,gCap,gCap,Endothelial,True,train
GAACGGAGTTAGGGTG-1_2_1,bpd,BPDPH7mo,gCap,gCap,Endothelial,True,train
CTCGAGGCACAGGTTT-1_2_1,bpd,BPDPH7mo,gCap,gCap,Endothelial,True,train
CAAGAAAGTAGAGTGC-1_2_1,bpd,BPDPH7mo,gCap,gCap,Endothelial,True,train
CGAGCACTCTGCTTGC-1_2_1,bpd,BPDPH7mo,gCap,gCap,Endothelial,True,train
TGTCCCAGTAGGAGTC-1_2_1,bpd,BPDPH7mo,gCap,gCap,Endothelial,True,train
ACATCAGAGTCGTACT-1_2_1,bpd,BPDPH7mo,gCap,gCap,Endothelial,True,train
CATATTCGTAGCTGCC-1_2_1,bpd,BPDPH7mo,gCap,gCap,Endothelial,True,train
ATTCTACCAGGTCCAC-1_2_1,bpd,BPDPH7mo,gCap,gCap,Endothelial,True,train
GGAGCAAAGCTACCGC-1_2_1,bpd,BPDPH7mo,gCap,gCap,Endothelial,True,train
GCACATAGTAGTACCT-1_2_1,bpd,BPDPH7mo,gCap,gCap,Endothelial,True,train
TCTTCGGGTATAGTAG-1_2_1,bpd,BPDPH7mo,gCap,gCap,Endothelial,True,train
GTGGGTCGTAGTACCT-1_2_1,bpd,BPDPH7mo,gCap,gCap,Endothelial,True,train
ACTATCTTCTGTTTGT-1_2_1,bpd,BPDPH7mo,gCap,gCap,Endothelial,True,train
TTTCCTCAGTACGCCC-1_2_1,bpd,BPDPH7mo,gCap,gCap,Endothelial,True,train
CGTCCATCATCCCATC-1_2_1,bpd,BPDPH7mo,gCap,gCap,Endothelial,True,train
TTTGCGCGTTCCACAA-1_2_1,bpd,BPDPH7mo,gCap,gCap,Endothelial,True,train
TGGACGCAGAGACTAT-1_2_1,bpd,BPDPH7mo,gCap,gCap,Endothelial,True,train
GGTATTGGTCTCATCC-1_2_1,bpd,BPDPH7mo,gCap,gCap,Endothelial,True,train
CTTAACTGTTAAGAAC-1_2_1,bpd,BPDPH7mo,gCap,gCap,Endothelial,True,train
CAGCATACATAGACTC-1_2_1,bpd,BPDPH7mo,gCap,gCap,Endothelial,True,train
GTAGGCCCACGCCAGT-1_2_1,bpd,BPDPH7mo,gCap,gCap,Endothelial,True,train
GATTCAGGTGCAGACA-1_2_1,bpd,BPDPH7mo,gCap,gCap,Endothelial,True,train
GGACAGAGTCATATGC-1_2_1,bpd,BPDPH7mo,gCap,gCap,Endothelial,True,test
TTTGTCACAAGTTAAG-1_2_1,bpd,BPDPH7mo,gCap,gCap,Endothelial,True,train
AGGTCATGTATAATGG-1_2_1,bpd,BPDPH7mo,gCap,gCap,Endothelial,True,train
CTCTAATGTAAATGAC-1_2_1,bpd,BPDPH7mo,gCap,gCap,Endothelial,True,train
TACGGATCATGGGAAC-1_2_1,bpd,BPDPH7mo,gCap,gCap,Endothelial,True,train
AAACGGGTCCTCAACC-1_2_1,bpd,BPDPH7mo,gCap,gCap,Endothelial,True,train
CATGACACAGGAATGC-1_2_1,bpd,BPDPH7mo,gCap,gCap,Endothelial,True,train
TCCACACTCATGCATG-1_2_1,bpd,BPDPH7mo,gCap,gCap,Endothelial,True,train
CTTGGCTCACTATCTT-1_2_1,bpd,BPDPH7mo,gCap,gCap,Endothelial,True,train
TTGCGTCTCTGCGACG-1_2_1,bpd,BPDPH7mo,gCap,gCap,Endothelial,True,train
TTAGGCAGTCATGCCG-1_2_1,bpd,BPDPH7mo,gCap,gCap,Endothelial,True,train
TCAACGATCAACGCTA-1_2_1,bpd,BPDPH7mo,gCap,gCap,Endothelial,True,train
CGGACACGTTATTCTC-1_2_1,bpd,BPDPH7mo,gCap,gCap,Endothelial,True,train
GCGAGAAAGGAGTCTG-1_2_1,bpd,BPDPH7mo,gCap,gCap,Endothelial,True,train
ATCACGACATAGGATA-1_2_1,bpd,BPDPH7mo,gCap,gCap,Endothelial,True,train
GATGAAAAGCCGTCGT-1_2_1,bpd,BPDPH7mo,gCap,gCap,Endothelial,True,test
TCAGATGGTCTTTCAT-1_2_1,bpd,BPDPH7mo,gCap,gCap,Endothelial,True,train
AAAGATGGTTCCCTTG-1_2_1,bpd,BPDPH7mo,gCap,gCap,Endothelial,True,train
AGTTGGTAGTGCGTGA-1_2_1,bpd,BPDPH7mo,gCap,gCap,Endothelial,True,train
TACCTTACATCAGTCA-1_2_1,bpd,BPDPH7mo,gCap,gCap,Endothelial,True,train
CGTAGGCGTCCTAGCG-1_2_1,bpd,BPDPH7mo,gCap,gCap,Endothelial,True,train
GCTTGAACAAAGCAAT-1_2_1,bpd,BPDPH7mo,gCap,gCap,Endothelial,True,train
AAAGCAAGTGTCAATC-1_2_1,bpd,BPDPH7mo,gCap,gCap,Endothelial,True,train
TAGCCGGAGTACACCT-1_2_1,bpd,BPDPH7mo,gCap,gCap,Endothelial,True,train
AATCCAGGTTGTCGCG-1_2_1,bpd,BPDPH7mo,gCap,gCap,Endothelial,True,train
CGATGTACAGGGTTAG-1_2_1,bpd,BPDPH7mo,gCap,gCap,Endothelial,True,train
AACTGGTCATATGCTG-1_2_1,bpd,BPDPH7mo,gCap,gCap,Endothelial,True,train
TTCTCAAAGTCCGTAT-1_2_1,bpd,BPDPH7mo,gCap,gCap,Endothelial,True,train
GGTGAAGTCATGCTCC-1_2_1,bpd,BPDPH7mo,gCap,gCap,Endothelial,True,train
CCGTTCAGTAAGTAGT-1_2_1,bpd,BPDPH7mo,gCap,gCap,Endothelial,True,train
GACCAATGTATAAACG-1_2_1,bpd,BPDPH7mo,gCap,gCap,Endothelial,True,train
GTACTCCAGCTGAAAT-1_2_1,bpd,BPDPH7mo,gCap,gCap,Endothelial,True,train
CGTTCTGAGCGTGAGT-1_2_1,bpd,BPDPH7mo,gCap,gCap,Endothelial,True,train
TCGGTAAAGTCAAGGC-1_2_1,bpd,BPDPH7mo,gCap,gCap,Endothelial,True,train
ACTGATGGTCATATGC-1_2_1,bpd,BPDPH7mo,gCap,gCap,Endothelial,True,train
TTTGGTTTCTACTTAC-1_2_1,bpd,BPDPH7mo,gCap,gCap,Endothelial,True,train
CAGAGAGAGCAGATCG-1_2_1,bpd,BPDPH7mo,gCap,gCap,Endothelial,True,train
TCTCTAAGTACTTAGC-1_2_1,bpd,BPDPH7mo,gCap,gCap,Endothelial,True,train
AACACGTGTCAAAGAT-1_1,bpd,BPDPH7mo,gCap,gCap,Endothelial,True,train
TGATTTCAGATCCGAG-1_1,bpd,BPDPH7mo,gCap,gCap,Endothelial,True,train
TACTTACAGAAACCAT-1_1,bpd,BPDPH7mo,gCap,gCap,Endothelial,True,test
CTTAACTAGTTATCGC-1_1,bpd,BPDPH7mo,gCap,gCap,Endothelial,True,train
CACATAGCACTGTGTA-1_1,bpd,BPDPH7mo,gCap,gCap,Endothelial,True,train
GCCTCTATCTCTGAGA-1_1,bpd,BPDPH7mo,gCap,gCap,Endothelial,True,train
TCCCGATGTCAATACC-1_1,bpd,BPDPH7mo,gCap,gCap,Endothelial,True,train
GCACATAGTAATTGGA-1_1,bpd,BPDPH7mo,gCap,gCap,Endothelial,True,train
ATCTACTAGACATAAC-1_1,bpd,BPDPH7mo,gCap,gCap,Endothelial,True,train
TGCCAAATCTCACATT-1_1,bpd,BPDPH7mo,gCap,gCap,Endothelial,True,train
GACTGCGCATACGCCG-1_1,bpd,BPDPH7mo,gCap,gCap,Endothelial,True,train
CGCGTTTAGTATGACA-1_1,bpd,BPDPH7mo,gCap,gCap,Endothelial,True,train
TCCCGATCAGGTCCAC-1_1,bpd,BPDPH7mo,gCap,gCap,Endothelial,True,train
TTAGTTCCAAATCCGT-1_1,bpd,BPDPH7mo,gCap,gCap,Endothelial,True,train
AAAGATGAGTGGTAGC-1_1,bpd,BPDPH7mo,gCap,gCap,Endothelial,True,train
ACTGAACAGGCTAGCA-1_1,bpd,BPDPH7mo,gCap,gCap,Endothelial,True,train
AACGTTGGTTGAGTTC-1_1,bpd,BPDPH7mo,gCap,gCap,Endothelial,True,train
CTACCCAGTACCCAAT-1_1,bpd,BPDPH7mo,gCap,gCap,Endothelial,True,train
TGCTACCGTACAGACG-1_1,bpd,BPDPH7mo,gCap,gCap,Endothelial,True,train
ACAGCTATCAGCCTAA-1_1,bpd,BPDPH7mo,gCap,gCap,Endothelial,True,train
CGCTTCATCAGGCCCA-1_1,bpd,BPDPH7mo,gCap,gCap,Endothelial,True,train
GCGGGTTGTCCGAACC-1_1,bpd,BPDPH7mo,gCap,gCap,Endothelial,True,train
CCGTTCACAGCCTTGG-1_1,bpd,BPDPH7mo,gCap,gCap,Endothelial,True,test
CACATTTCAAACGCGA-1_1,bpd,BPDPH7mo,gCap,gCap,Endothelial,True,train
TGAAAGACAGCCTGTG-1_1,bpd,BPDPH7mo,gCap,gCap,Endothelial,True,train
GAACCTAAGTAGCGGT-1_1,bpd,BPDPH7mo,gCap,gCap,Endothelial,True,train
TATCAGGTCTATCCCG-1_1,bpd,BPDPH7mo,gCap,gCap,Endothelial,True,train
GATGAAACAACACCCG-1_1,bpd,BPDPH7mo,gCap,gCap,Endothelial,True,train
AACTTTCGTGGTCCGT-1_1,bpd,BPDPH7mo,gCap,gCap,Endothelial,True,train
TACTTACAGTATGACA-1_1,bpd,BPDPH7mo,gCap,gCap,Endothelial,True,train
CGGACGTAGAGTAAGG-1_1,bpd,BPDPH7mo,gCap,gCap,Endothelial,True,train
TGGCGCAGTGTGCCTG-1_1,bpd,BPDPH7mo,gCap,gCap,Endothelial,True,test
CAACCAACAGGCAGTA-1_1,bpd,BPDPH7mo,gCap,gCap,Endothelial,True,train
ACGATACGTGCAGTAG-1_1,bpd,BPDPH7mo,gCap,gCap,Endothelial,True,train
GACGGCTTCGGAGGTA-1_1,bpd,BPDPH7mo,gCap,gCap,Endothelial,True,train
GTTACAGCACTGTTAG-1_1,bpd,BPDPH7mo,gCap,gCap,Endothelial,True,train
CACCACTTCACGCATA-1_1,bpd,BPDPH7mo,gCap,gCap,Endothelial,True,train
TGACAACTCTACGAGT-1_1,bpd,BPDPH7mo,gCap,gCap,Endothelial,True,train
AGGGATGAGGACACCA-1_1,bpd,BPDPH7mo,gCap,gCap,Endothelial,True,test
CAGCGACAGATGTCGG-1_1,bpd,BPDPH7mo,gCap,gCap,Endothelial,True,train
CCTTTCTAGGGCTTCC-1_1,bpd,BPDPH7mo,gCap,gCap,Endothelial,True,test
GGCAATTAGCTAACAA-1_1,bpd,BPDPH7mo,gCap,gCap,Endothelial,True,train
ATAGACCAGACTGTAA-1_1,bpd,BPDPH7mo,gCap,gCap,Endothelial,True,train
GCACTCTTCCGTAGTA-1_1,bpd,BPDPH7mo,gCap,gCap,Endothelial,True,train
CTTAGGACAAGACACG-1_1,bpd,BPDPH7mo,gCap,gCap,Endothelial,True,train
CACTCCAAGTACGACG-1_1,bpd,BPDPH7mo,gCap,gCap,Endothelial,True,train
CTTACCGTCACCATAG-1_1,bpd,BPDPH7mo,gCap,gCap,Endothelial,True,train
CAGGTGCTCACCACCT-1_1,bpd,BPDPH7mo,gCap,gCap,Endothelial,True,train
GGGCACTGTAGTACCT-1_1,bpd,BPDPH7mo,gCap,gCap,Endothelial,True,train
GTGCATATCTATGTGG-1_1,bpd,BPDPH7mo,gCap,gCap,Endothelial,True,train
ACTATCTAGGTGCTAG-1_1,bpd,BPDPH7mo,gCap,gCap,Endothelial,True,test
CTGTTTAAGAGCAATT-1_1,bpd,BPDPH7mo,gCap,gCap,Endothelial,True,train
GCATACATCGTTACGA-1_1,bpd,BPDPH7mo,gCap,gCap,Endothelial,True,train
TAAGTGCCAAGCGAGT-1_1,bpd,BPDPH7mo,gCap,gCap,Endothelial,True,train
GCTTGAAAGACAGAGA-1_1,bpd,BPDPH7mo,gCap,gCap,Endothelial,True,train
ATCACGAAGACAATAC-1_1,bpd,BPDPH7mo,gCap,gCap,Endothelial,True,train
ACGGCCAGTATAATGG-1_1,bpd,BPDPH7mo,gCap,gCap,Endothelial,True,train
AACCGCGCAATCAGAA-1_1,bpd,BPDPH7mo,gCap,gCap,Endothelial,True,train
GCGACCATCCAGTATG-1_1,bpd,BPDPH7mo,gCap,gCap,Endothelial,True,train
GCCAAATGTCGTGGCT-1_1,bpd,BPDPH7mo,gCap,gCap,Endothelial,True,train
TCGGTAAAGATGCCTT-1_1,bpd,BPDPH7mo,gCap,gCap,Endothelial,True,train
CAGCATAAGCCCAACC-1_1,bpd,BPDPH7mo,gCap,gCap,Endothelial,True,train
CCTAAAGTCTTATCTG-1_1,bpd,BPDPH7mo,gCap,gCap,Endothelial,True,train
AGTTGGTAGTGTACCT-1_1,bpd,BPDPH7mo,gCap,gCap,Endothelial,True,train
CCACTACCAGCTTCGG-1_1,bpd,BPDPH7mo,gCap,gCap,Endothelial,True,train
GCATGATGTTCGCGAC-1_1,bpd,BPDPH7mo,gCap,gCap,Endothelial,True,test
GCCTCTAAGGCTATCT-1_1,bpd,BPDPH7mo,gCap,gCap,Endothelial,True,train
TTGGCAATCTGTCAAG-1_1,bpd,BPDPH7mo,gCap,gCap,Endothelial,True,train
CATATGGAGCCGCCTA-1_1,bpd,BPDPH7mo,gCap,gCap,Endothelial,True,train
GAGGTGATCTGATACG-1_1,bpd,BPDPH7mo,gCap,gCap,Endothelial,True,train
CTCATTACATGTCCTC-1_1,bpd,BPDPH7mo,gCap,gCap,Endothelial,True,train
CAGCGACTCGCATGGC-1_1,bpd,BPDPH7mo,gCap,gCap,Endothelial,True,train
GGACATTAGCCACGCT-1_1,bpd,BPDPH7mo,gCap,gCap,Endothelial,True,train
CTGATAGTCCTTCAAT-1_1,bpd,BPDPH7mo,gCap,gCap,Endothelial,True,train
CGCCAAGAGGATTCGG-1_1,bpd,BPDPH7mo,gCap,gCap,Endothelial,True,train
CAGAGAGCATCGGAAG-1_1,bpd,BPDPH7mo,gCap,gCap,Endothelial,True,train
ACGGCCACAACTGCTA-1_1,bpd,BPDPH7mo,gCap,gCap,Endothelial,True,train
GCGGGTTGTTCGTGAT-1_1,bpd,BPDPH7mo,gCap,gCap,Endothelial,True,train
TCTGGAATCTCCAGGG-1_1,bpd,BPDPH7mo,gCap,gCap,Endothelial,True,train
CTACATTCAGTAAGCG-1_1,bpd,BPDPH7mo,gCap,gCap,Endothelial,True,train
CTGATCCAGTAGCGGT-1_1,bpd,BPDPH7mo,gCap,gCap,Endothelial,True,train
CTCAGAAGTCCATCCT-1_1,bpd,BPDPH7mo,gCap,gCap,Endothelial,True,train
TCAATCTTCTTGCCGT-1_1,bpd,BPDPH7mo,gCap,gCap,Endothelial,True,train
ACCCACTGTAGCTTGT-1_1,bpd,BPDPH7mo,gCap,gCap,Endothelial,True,train
CATGACACATGCTAGT-1_1,bpd,BPDPH7mo,gCap,gCap,Endothelial,True,train
CCATTCGCAGCGTTCG-1_1,bpd,BPDPH7mo,gCap,gCap,Endothelial,True,train
TGCGCAGGTGTGAAAT-1_1,bpd,BPDPH7mo,gCap,gCap,Endothelial,True,train
ATAGACCTCTACCAGA-1_1,bpd,BPDPH7mo,gCap,gCap,Endothelial,True,train
TGACTAGTCGAATCCA-1_1,bpd,BPDPH7mo,gCap,gCap,Endothelial,True,train
GTCACAATCCGATATG-1_1,bpd,BPDPH7mo,gCap,gCap,Endothelial,True,test
CTGAAACTCTAGAGTC-1_1,bpd,BPDPH7mo,gCap,gCap,Endothelial,True,train
GCAGTTACATCGGTTA-1_1,bpd,BPDPH7mo,gCap,gCap,Endothelial,True,train
CAAGAAATCTGGTGTA-1_1,bpd,BPDPH7mo,gCap,gCap,Endothelial,True,train
TTGACTTCAAGGACAC-1_1,bpd,BPDPH7mo,gCap,gCap,Endothelial,True,train
CTGTTTATCGACCAGC-1_1,bpd,BPDPH7mo,gCap,gCap,Endothelial,True,train
CATGGCGCAATCGAAA-1_1,bpd,BPDPH7mo,gCap,gCap,Endothelial,True,train
AAGTCTGAGAGAACAG-1_1,bpd,BPDPH7mo,gCap,gCap,Endothelial,True,test
GAATGAAGTTGTCTTT-1_1,bpd,BPDPH7mo,gCap,gCap,Endothelial,True,train
GCTCTGTTCAATCACG-1_1,bpd,BPDPH7mo,gCap,gCap,Endothelial,True,train
GCTCCTAGTCTGCCAG-1_1,bpd,BPDPH7mo,gCap,gCap,Endothelial,True,train
TTTGTCAAGTTCCACA-1_1,bpd,BPDPH7mo,gCap,gCap,Endothelial,True,train
CATATGGGTCCAGTTA-1_1,bpd,BPDPH7mo,gCap,gCap,Endothelial,True,train
TCAGGATCAAGCTGGA-1_1,bpd,BPDPH7mo,gCap,gCap,Endothelial,True,train
CCTACCATCTTCAACT-1_1,bpd,BPDPH7mo,gCap,gCap,Endothelial,True,train
AGGTCATTCTTGTCAT-1_1,bpd,BPDPH7mo,gCap,gCap,Endothelial,True,train
CCTAGCTGTCCAACTA-1_1,bpd,BPDPH7mo,gCap,gCap,Endothelial,True,train
GTGAAGGAGTAGTGCG-1_1,bpd,BPDPH7mo,gCap,gCap,Endothelial,True,test
GACCTGGGTGGTTTCA-1_1,bpd,BPDPH7mo,gCap,gCap,Endothelial,True,train
CCTTACGAGTTAACGA-1_1,bpd,BPDPH7mo,gCap,gCap,Endothelial,True,train
GGAAAGCGTTCTCATT-1_1,bpd,BPDPH7mo,gCap,gCap,Endothelial,True,test
GCCTCTATCCCAAGTA-1_1,bpd,BPDPH7mo,gCap,gCap,Endothelial,True,train
ACGAGGAAGGCTACGA-1_1,bpd,BPDPH7mo,gCap,gCap,Endothelial,True,train
GACACGCTCTCGATGA-1_1,bpd,BPDPH7mo,gCap,gCap,Endothelial,True,train
TACCTTATCATGTAGC-1_1,bpd,BPDPH7mo,gCap,gCap,Endothelial,True,train
GACGTTATCGTACCGG-1_1,bpd,BPDPH7mo,gCap,gCap,Endothelial,True,train
CAGCAGCGTACATCCA-1_1,bpd,BPDPH7mo,gCap,gCap,Endothelial,True,train
GAGTCCGCATACGCTA-1_1,bpd,BPDPH7mo,gCap,gCap,Endothelial,True,train
ATAGACCCAAGGACTG-1_1,bpd,BPDPH7mo,gCap,gCap,Endothelial,True,test
TCAATCTTCTCTTATG-1_1,bpd,BPDPH7mo,gCap,gCap,Endothelial,True,test
AGCTCCTGTAAATGAC-1_1,bpd,BPDPH7mo,gCap,gCap,Endothelial,True,train
TTCTCAATCGCCCTTA-1_1,bpd,BPDPH7mo,gCap,gCap,Endothelial,True,train
CCATTCGGTGTGCCTG-1_1,bpd,BPDPH7mo,gCap,gCap,Endothelial,True,train
ATCGAGTGTCGAAAGC-1_1,bpd,BPDPH7mo,gCap,gCap,Endothelial,True,train
AACTCCCGTGGCTCCA-1_1,bpd,BPDPH7mo,gCap,gCap,Endothelial,True,train
TGGGCGTCAAGGACAC-1_1,bpd,BPDPH7mo,gCap,gCap,Endothelial,True,train
ACGGGTCTCATCTGCC-1_1,bpd,BPDPH7mo,gCap,gCap,Endothelial,True,train
CTTAACTCAGCCAATT-1_1,bpd,BPDPH7mo,gCap,gCap,Endothelial,True,train
TGGTTAGCACATTCGA-1_1,bpd,BPDPH7mo,gCap,gCap,Endothelial,True,train
ACTTGTTGTCGCTTCT-1_1,bpd,BPDPH7mo,gCap,gCap,Endothelial,True,train
ACCGTAAGTAAATACG-1_1,bpd,BPDPH7mo,gCap,gCap,Endothelial,True,train
CCTTCCCTCACAGTAC-1_1,bpd,BPDPH7mo,gCap,gCap,Endothelial,True,train
TAGAGCTGTCAGATAA-1_1,bpd,BPDPH7mo,gCap,gCap,Endothelial,True,train
TCTTTCCGTTGATTCG-1_1,bpd,BPDPH7mo,gCap,gCap,Endothelial,True,train
CATATTCTCGTAGGAG-1_1,bpd,BPDPH7mo,gCap,gCap,Endothelial,True,train
AGCGTATAGAAACCTA-1_1,bpd,BPDPH7mo,gCap,gCap,Endothelial,True,train
GCATGATAGTTGCAGG-1_1,bpd,BPDPH7mo,gCap,gCap,Endothelial,True,train
CGCTGGAAGCGAAGGG-1_1,bpd,BPDPH7mo,gCap,gCap,Endothelial,True,train
CGGAGCTCAGTAACGG-1_1,bpd,BPDPH7mo,gCap,gCap,Endothelial,True,train
GCCAAATGTGTTCTTT-1_1,bpd,BPDPH7mo,gCap,gCap,Endothelial,True,train
TTCCCAGAGGGTTCCC-1_1,bpd,BPDPH7mo,gCap,gCap,Endothelial,True,train
TGCTACCGTACCGTTA-1_1,bpd,BPDPH7mo,gCap,gCap,Endothelial,True,train
GGGCATCAGTATGACA-1_1,bpd,BPDPH7mo,gCap,gCap,Endothelial,True,train
ACTGTCCGTGACTACT-1_1,bpd,BPDPH7mo,gCap,gCap,Endothelial,True,train
TGCTGCTCACTTCTGC-1_1,bpd,BPDPH7mo,gCap,gCap,Endothelial,True,train
CAGCTAACATAGGATA-1_1,bpd,BPDPH7mo,gCap,gCap,Endothelial,True,train
GTTTCTATCCACGACG-1_1,bpd,BPDPH7mo,gCap,gCap,Endothelial,True,test
GAAGCAGGTCATATCG-1_1,bpd,BPDPH7mo,gCap,gCap,Endothelial,True,train
GTGAAGGCAGATAATG-1_1,bpd,BPDPH7mo,gCap,gCap,Endothelial,True,train
CTCGGAGAGTGTTGAA-1_1,bpd,BPDPH7mo,gCap,gCap,Endothelial,True,train
GTATTCTTCCTATGTT-1_1,bpd,BPDPH7mo,gCap,gCap,Endothelial,True,train
GTTACAGCACACCGAC-1_1,bpd,BPDPH7mo,gCap,gCap,Endothelial,True,train
ATAAGAGGTTAGATGA-1_1,bpd,BPDPH7mo,gCap,gCap,Endothelial,True,train
TCGGTAACAGATGGCA-1_1,bpd,BPDPH7mo,gCap,gCap,Endothelial,True,train
AAAGATGTCACATACG-1_1,bpd,BPDPH7mo,gCap,gCap,Endothelial,True,train
GAAACTCTCGCTGATA-1_1,bpd,BPDPH7mo,gCap,gCap,Endothelial,True,train
AGTAGTCAGTGTCTCA-1_1,bpd,BPDPH7mo,gCap,gCap,Endothelial,True,test
ATCCGAATCACAGTAC-1_1,bpd,BPDPH7mo,gCap,gCap,Endothelial,True,train
GGTGTTAAGTGACATA-1_1,bpd,BPDPH7mo,gCap,gCap,Endothelial,True,train
CATGCCTCAATGTAAG-1_1,bpd,BPDPH7mo,gCap,gCap,Endothelial,True,test
AGCGTATGTATCTGCA-1_1,bpd,BPDPH7mo,gCap,gCap,Endothelial,True,train
CGTGAGCCAGCTTAAC-1_1,bpd,BPDPH7mo,gCap,gCap,Endothelial,True,train
AGCTCTCGTTCTGGTA-1_1,bpd,BPDPH7mo,gCap,gCap,Endothelial,True,train
GTTTCTATCCTGTAGA-1_1,bpd,BPDPH7mo,gCap,gCap,Endothelial,True,train
TGACTTTGTTGACGTT-1_1,bpd,BPDPH7mo,gCap,gCap,Endothelial,True,train
GTACTTTAGACAGAGA-1_1,bpd,BPDPH7mo,gCap,gCap,Endothelial,True,train
GGGAGATGTGCGAAAC-1_1,bpd,BPDPH7mo,gCap,gCap,Endothelial,True,test
TTAGGACTCCTCAATT-1_1,bpd,BPDPH7mo,gCap,gCap,Endothelial,True,train
CACACAACAGCTGTAT-1_1,bpd,BPDPH7mo,gCap,gCap,Endothelial,True,train
GTAACGTCACATGACT-1_1,bpd,BPDPH7mo,gCap,gCap,Endothelial,True,train
TACTTGTTCGTAGGAG-1_1,bpd,BPDPH7mo,gCap,gCap,Endothelial,True,train
GGATTACGTCTCACCT-1_1,bpd,BPDPH7mo,gCap,gCap,Endothelial,True,test
CACCAGGGTGCCTGGT-1_1,bpd,BPDPH7mo,gCap,gCap,Endothelial,True,train
CGAACATGTTTCCACC-1_1,bpd,BPDPH7mo,gCap,gCap,Endothelial,True,train
CAGCAGCTCTGGCGTG-1_1,bpd,BPDPH7mo,gCap,gCap,Endothelial,True,train
ATTATCCAGCTGCAAG-1_1,bpd,BPDPH7mo,gCap,gCap,Endothelial,True,train
CACACCTCAGGTCCAC-1_1,bpd,BPDPH7mo,gCap,gCap,Endothelial,True,train
TCACAAGCAGCAGTTT-1_1,bpd,BPDPH7mo,gCap,gCap,Endothelial,True,train
AACTCTTAGTTAAGTG-1_1,bpd,BPDPH7mo,gCap,gCap,Endothelial,True,test
CGTGTAAGTAAGAGAG-1_1,bpd,BPDPH7mo,gCap,gCap,Endothelial,True,train
TCATTACTCGCTAGCG-1_1,bpd,BPDPH7mo,gCap,gCap,Endothelial,True,train
GGCTGGTCACACCGAC-1_1,bpd,BPDPH7mo,gCap,gCap,Endothelial,True,train
CGTCTACGTTCCTCCA-1_1,bpd,BPDPH7mo,gCap,gCap,Endothelial,True,train
GCTGCTTTCAGAAATG-1_1,bpd,BPDPH7mo,gCap,gCap,Endothelial,True,train
AAAGCAATCTTGACGA-1_1,bpd,BPDPH7mo,gCap,gCap,Endothelial,True,train
GTGAAGGTCACCAGGC-1_1,bpd,BPDPH7mo,gCap,gCap,Endothelial,True,train
CATGGCGGTCTAAACC-1_1,bpd,BPDPH7mo,gCap,gCap,Endothelial,True,train
CGTTGGGGTCCTAGCG-1_1,bpd,BPDPH7mo,gCap,gCap,Endothelial,True,train
AACTGGTCAATGGTCT-1_1,bpd,BPDPH7mo,gCap,gCap,Endothelial,True,train
CAGTCCTAGCGTAGTG-1_1,bpd,BPDPH7mo,gCap,gCap,Endothelial,True,train
TTCTTAGAGTGCCAGA-1_1,bpd,BPDPH7mo,gCap,gCap,Endothelial,True,train
TCTGAGACATCCAACA-1_1,bpd,BPDPH7mo,gCap,gCap,Endothelial,True,train
TCTCATAGTGCGCTTG-1_1,bpd,BPDPH7mo,gCap,gCap,Endothelial,True,train
GCTTGAATCTGGCGAC-1_1,bpd,BPDPH7mo,gCap,gCap,Endothelial,True,train
ATTACTCGTTAGAACA-1_1,bpd,BPDPH7mo,gCap,gCap,Endothelial,True,train
AGTTGGTTCGTCTGCT-1_1,bpd,BPDPH7mo,gCap,gCap,Endothelial,True,train
AGATTGCGTAAATACG-1_1,bpd,BPDPH7mo,gCap,gCap,Endothelial,True,test
GTTCATTTCTCGATGA-1_1,bpd,BPDPH7mo,gCap,gCap,Endothelial,True,train
AGCCTAAAGCCGGTAA-1_1,bpd,BPDPH7mo,gCap,gCap,Endothelial,True,test
AGAATAGCATGCCTAA-1_1,bpd,BPDPH7mo,gCap,gCap,Endothelial,True,train
CGCGGTATCTCACATT-1_1,bpd,BPDPH7mo,gCap,gCap,Endothelial,True,train
GTCGGGTTCACTCTTA-1_1,bpd,BPDPH7mo,gCap,gCap,Endothelial,True,train
GTGGGTCAGCCAGAAC-1_1,bpd,BPDPH7mo,gCap,gCap,Endothelial,True,train
CTTAACTCAGCAGTTT-1_1,bpd,BPDPH7mo,gCap,gCap,Endothelial,True,train
CTCGTACAGATGTAAC-1_1,bpd,BPDPH7mo,gCap,gCap,Endothelial,True,train
ACTGATGAGACACTAA-1_1,bpd,BPDPH7mo,gCap,gCap,Endothelial,True,train
TTGACTTGTACAGTGG-1_1,bpd,BPDPH7mo,gCap,gCap,Endothelial,True,train
CTCACACCATTTCAGG-1_1,bpd,BPDPH7mo,gCap,gCap,Endothelial,True,train
AATCGGTCATTCTCAT-1_1,bpd,BPDPH7mo,gCap,gCap,Endothelial,True,test
CACATTTAGCTGCAAG-1_1,bpd,BPDPH7mo,gCap,gCap,Endothelial,True,train
GTTCGGGCAATGGAGC-1_1,bpd,BPDPH7mo,gCap,gCap,Endothelial,True,train
AACGTTGGTTTGCATG-1_1,bpd,BPDPH7mo,gCap,gCap,Endothelial,True,train
AGTTGGTCAAGTAATG-1_1,bpd,BPDPH7mo,gCap,gCap,Endothelial,True,train
GAGTCCGCAGTATAAG-1_1,bpd,BPDPH7mo,gCap,gCap,Endothelial,True,train
AAATGCCCATCTCGCT-1_1,bpd,BPDPH7mo,gCap,gCap,Endothelial,True,train
TGACGGCTCTGGGCCA-1_1,bpd,BPDPH7mo,gCap,gCap,Endothelial,True,train
TGCTACCCAGCCTTTC-1_1,bpd,BPDPH7mo,gCap,gCap,Endothelial,True,train
TGGCTGGAGCTAGTGG-1_1,bpd,BPDPH7mo,gCap,gCap,Endothelial,True,train
CGAACATCAGCCTTGG-1_1,bpd,BPDPH7mo,gCap,gCap,Endothelial,True,train
AAGCCGCAGGCACATG-1_1,bpd,BPDPH7mo,gCap,gCap,Endothelial,True,train
AGACGTTGTTATCGGT-1_1,bpd,BPDPH7mo,gCap,gCap,Endothelial,True,test
CTGAAACTCGTAGGAG-1_1,bpd,BPDPH7mo,gCap,gCap,Endothelial,True,train
CAACCTCCACGACTCG-1_1,bpd,BPDPH7mo,gCap,gCap,Endothelial,True,train
CCTTCCCAGGGTGTGT-1_1,bpd,BPDPH7mo,gCap,gCap,Endothelial,True,train
CATCCACAGAAGGACA-1_1,bpd,BPDPH7mo,gCap,gCap,Endothelial,True,train
ACCTTTACATCGGACC-1_1,bpd,BPDPH7mo,gCap,gCap,Endothelial,True,train
ACACTGAGTGTTGAGG-1_1,bpd,BPDPH7mo,gCap,gCap,Endothelial,True,train
CAACCTCCACTTACGA-1_1,bpd,BPDPH7mo,gCap,gCap,Endothelial,True,train
AGGCCACTCTCGCTTG-1_1,bpd,BPDPH7mo,gCap,gCap,Endothelial,True,train
CCTCTGAAGACAAGCC-1_1,bpd,BPDPH7mo,gCap,gCap,Endothelial,True,test
CTTTGCGTCAAACCAC-1_1,bpd,BPDPH7mo,gCap,gCap,Endothelial,True,train
AGCTTGATCCTTTCTC-1_1,bpd,BPDPH7mo,gCap,gCap,Endothelial,True,train
AACTCTTAGTTAGGTA-1_1,bpd,BPDPH7mo,gCap,gCap,Endothelial,True,train
GGAGCAAGTAAGGATT-1_1,bpd,BPDPH7mo,gCap,gCap,Endothelial,True,train
TCTCTAATCTTCGGTC-1_1,bpd,BPDPH7mo,gCap,gCap,Endothelial,True,train
CCTACCAAGACTACAA-1_1,bpd,BPDPH7mo,gCap,gCap,Endothelial,True,train
AGCTTGACACGAAATA-1_1,bpd,BPDPH7mo,gCap,gCap,Endothelial,True,train
TACTTACTCTTGTACT-1_1,bpd,BPDPH7mo,gCap,gCap,Endothelial,True,train
TTTCCTCAGCACACAG-1_1,bpd,BPDPH7mo,gCap,gCap,Endothelial,True,train
GACTGCGCAATGAATG-1_1,bpd,BPDPH7mo,gCap,gCap,Endothelial,True,train
CGTAGGCCACGTTGGC-1_1,bpd,BPDPH7mo,gCap,gCap,Endothelial,True,train
GGAGCAAAGAAACGAG-1_1,bpd,BPDPH7mo,gCap,gCap,Endothelial,True,train
CACATAGAGCGAAGGG-1_1,bpd,BPDPH7mo,gCap,gCap,Endothelial,True,train
CGTAGCGGTTTGACAC-1_1,bpd,BPDPH7mo,gCap,gCap,Endothelial,True,train
TCATTTGGTTCACCTC-1_1,bpd,BPDPH7mo,gCap,gCap,Endothelial,True,test
CTCTAATTCTTACCGC-1_1,bpd,BPDPH7mo,gCap,gCap,Endothelial,True,train
GGACAAGAGAGAACAG-1_1,bpd,BPDPH7mo,gCap,gCap,Endothelial,True,test
TTATGCTTCAGCATGT-1_1,bpd,BPDPH7mo,gCap,gCap,Endothelial,True,train
CCTATTATCAGCGATT-1_1,bpd,BPDPH7mo,gCap,gCap,Endothelial,True,train
ACCGTAAAGAGAGCTC-1_1,bpd,BPDPH7mo,gCap,gCap,Endothelial,True,train
CACATAGAGCACGCCT-1_1,bpd,BPDPH7mo,gCap,gCap,Endothelial,True,train
TTGAACGAGGGCACTA-1_1,bpd,BPDPH7mo,gCap,gCap,Endothelial,True,train
TAGTTGGAGCTAAACA-1_1,bpd,BPDPH7mo,gCap,gCap,Endothelial,True,test
TCTGGAAGTAACGACG-1_1,bpd,BPDPH7mo,gCap,gCap,Endothelial,True,train
CAAGGCCAGCTGTTCA-1_1,bpd,BPDPH7mo,gCap,gCap,Endothelial,True,valid
CATATGGAGACTGTAA-1_1,bpd,BPDPH7mo,gCap,gCap,Endothelial,True,train
ATCTGCCAGAGCCTAG-1_1,bpd,BPDPH7mo,gCap,gCap,Endothelial,True,train
TTAACTCTCGTGGACC-1_1,bpd,BPDPH7mo,gCap,gCap,Endothelial,True,train
ATTGGTGTCCCGACTT-1_1,bpd,BPDPH7mo,gCap,gCap,Endothelial,True,train
CGCTATCTCTCGTTTA-1_1,bpd,BPDPH7mo,gCap,gCap,Endothelial,True,train
TAGGCATGTCGAATCT-1_1,bpd,BPDPH7mo,gCap,gCap,Endothelial,True,train
CTACATTGTACTTAGC-1_1,bpd,BPDPH7mo,gCap,gCap,Endothelial,True,train
TGACTTTGTCTGATCA-1_1,bpd,BPDPH7mo,gCap,gCap,Endothelial,True,train
AGTGTCAGTTAAGACA-1_1,bpd,BPDPH7mo,gCap,gCap,Endothelial,True,train
CTCGGGATCACCCTCA-1_1,bpd,BPDPH7mo,gCap,gCap,Endothelial,True,test
CAACCTCTCTCAAACG-1_1,bpd,BPDPH7mo,gCap,gCap,Endothelial,True,train
TGTATTCAGTGTTTGC-1_1,bpd,BPDPH7mo,gCap,gCap,Endothelial,True,train
AAGGCAGCAGGGCATA-1_1,bpd,BPDPH7mo,gCap,gCap,Endothelial,True,train
GTTAAGCGTAAATGTG-1_1,bpd,BPDPH7mo,gCap,gCap,Endothelial,True,train
CAGCTAATCGCATGGC-1_1,bpd,BPDPH7mo,gCap,gCap,Endothelial,True,train
ATTCTACAGATCGGGT-1_1,bpd,BPDPH7mo,gCap,gCap,Endothelial,True,train
GGTGAAGAGTTGAGAT-1_1,bpd,BPDPH7mo,gCap,gCap,Endothelial,True,train
GAGCAGAGTTGATTCG-1_1,bpd,BPDPH7mo,gCap,gCap,Endothelial,True,train
AGAATAGTCGCAGGCT-1_1,bpd,BPDPH7mo,gCap,gCap,Endothelial,True,train
GACTGCGGTAGCGCAA-1_1,bpd,BPDPH7mo,gCap,gCap,Endothelial,True,train
AAAGTAGAGACAATAC-1_1,bpd,BPDPH7mo,gCap,gCap,Endothelial,True,train
ATGTGTGTCAGCTTAG-1_1,bpd,BPDPH7mo,gCap,gCap,Endothelial,True,train
ATCCACCAGTGCTGCC-1_1,bpd,BPDPH7mo,gCap,gCap,Endothelial,True,train
TTGGCAAAGACACGAC-1_1,bpd,BPDPH7mo,gCap,gCap,Endothelial,True,train
CACCACTCATCTGGTA-1_1,bpd,BPDPH7mo,gCap,gCap,Endothelial,True,train
GCGGGTTCAATGTAAG-1_1,bpd,BPDPH7mo,gCap,gCap,Endothelial,True,train
GTGTTAGAGGGAGTAA-1_1,bpd,BPDPH7mo,gCap,gCap,Endothelial,True,train
GCCAAATGTGCACTTA-1_1,bpd,BPDPH7mo,gCap,gCap,Endothelial,True,train
AGATCTGTCCTCAATT-1_1,bpd,BPDPH7mo,gCap,gCap,Endothelial,True,train
CTGTGCTGTTCACCTC-1_1,bpd,BPDPH7mo,gCap,gCap,Endothelial,True,train
CTAGAGTCATGCCCGA-1_1,bpd,BPDPH7mo,gCap,gCap,Endothelial,True,train
GCGGGTTAGGACAGCT-1_1,bpd,BPDPH7mo,gCap,gCap,Endothelial,True,train
TTAGGACCAGGCTGAA-1_1,bpd,BPDPH7mo,gCap,gCap,Endothelial,True,train
CGAATGTTCGCCGTGA-1_1,bpd,BPDPH7mo,gCap,gCap,Endothelial,True,train
GTATTCTGTTTAAGCC-1_1,bpd,BPDPH7mo,gCap,gCap,Endothelial,True,train
GACACGCTCCTTTCGG-1_1,bpd,BPDPH7mo,gCap,gCap,Endothelial,True,train
GCAGTTAAGACAATAC-1_1,bpd,BPDPH7mo,gCap,gCap,Endothelial,True,train
CTCGGAGAGGCACATG-1_1,bpd,BPDPH7mo,gCap,gCap,Endothelial,True,train
CCTCAGTCAAATTGCC-1_1,bpd,BPDPH7mo,gCap,gCap,Endothelial,True,train
TCCCGATAGGGCTCTC-1_1,bpd,BPDPH7mo,gCap,gCap,Endothelial,True,train
TCTCATAGTTCACGGC-1_1,bpd,BPDPH7mo,gCap,gCap,Endothelial,True,test
TTGGCAATCTCTTGAT-1_1,bpd,BPDPH7mo,gCap,gCap,Endothelial,True,test
TTTCCTCTCCTGCAGG-1_1,bpd,BPDPH7mo,gCap,gCap,Endothelial,True,train
CACAAACAGGTGATTA-1_1,bpd,BPDPH7mo,gCap,gCap,Endothelial,True,train
AGTGGGAGTAAGTAGT-1_1,bpd,BPDPH7mo,gCap,gCap,Endothelial,True,train
GCAAACTCAATCACAC-1_1,bpd,BPDPH7mo,gCap,gCap,Endothelial,True,train
ACGTCAAGTTTAGCTG-1_1,bpd,BPDPH7mo,gCap,gCap,Endothelial,True,train
GAATGAAAGAGCCTAG-1_1,bpd,BPDPH7mo,gCap,gCap,Endothelial,True,train
CGGACACTCCACGAAT-1_1,bpd,BPDPH7mo,gCap,gCap,Endothelial,True,test
CATGCCTAGGCAAAGA-1_1,bpd,BPDPH7mo,gCap,gCap,Endothelial,True,train
CATCGAAGTGTGAAAT-1_1,bpd,BPDPH7mo,gCap,gCap,Endothelial,True,test
ACGAGCCTCAGGCGAA-1_1,bpd,BPDPH7mo,gCap,gCap,Endothelial,True,train
GTTCTCGAGACCCACC-1_1,bpd,BPDPH7mo,gCap,gCap,Endothelial,True,test
ACGAGGATCATCGATG-1_1,bpd,BPDPH7mo,gCap,gCap,Endothelial,True,train
AGGGTGATCACAACGT-1_1,bpd,BPDPH7mo,gCap,gCap,Endothelial,True,train
GATGCTAAGATGAGAG-1_1,bpd,BPDPH7mo,gCap,gCap,Endothelial,True,train
TGTTCCGTCCTGCAGG-1_1,bpd,BPDPH7mo,gCap,gCap,Endothelial,True,train
AAAGTAGCACGCCAGT-1_1,bpd,BPDPH7mo,gCap,gCap,Endothelial,True,train
GAATGAAAGCAATCTC-1_1,bpd,BPDPH7mo,gCap,gCap,Endothelial,True,train
ACTATCTAGAGGGCTT-1_1,bpd,BPDPH7mo,gCap,gCap,Endothelial,True,train
GATCGTAGTATATGAG-1_1,bpd,BPDPH7mo,gCap,gCap,Endothelial,True,train
CGGGTCAAGCCACTAT-1_1,bpd,BPDPH7mo,gCap,gCap,Endothelial,True,train
TGAGCATAGAGCTATA-1_1,bpd,BPDPH7mo,gCap,gCap,Endothelial,True,train
TAGAGCTAGAATGTGT-1_1,bpd,BPDPH7mo,gCap,gCap,Endothelial,True,train
ACTGAACTCTCGCATC-1_1,bpd,BPDPH7mo,gCap,gCap,Endothelial,True,train
TTGAACGAGGAGTCTG-1_1,bpd,BPDPH7mo,gCap,gCap,Endothelial,True,train
ACTTACTCATCCGGGT-1_1,bpd,BPDPH7mo,gCap,gCap,Endothelial,True,train
GTTTCTAGTCAGATAA-1_1,bpd,BPDPH7mo,gCap,gCap,Endothelial,True,train
GCAGCCAAGGTGTGGT-1_1,bpd,BPDPH7mo,gCap,gCap,Endothelial,True,train
TCACAAGGTTGAACTC-1_1,bpd,BPDPH7mo,gCap,gCap,Endothelial,True,train
ACTTTCAGTACAAGTA-1_1,bpd,BPDPH7mo,gCap,gCap,Endothelial,True,train
TCAGATGGTGGCCCTA-1_1,bpd,BPDPH7mo,gCap,gCap,Endothelial,True,train
ATTGGACCAGATCTGT-1_1,bpd,BPDPH7mo,gCap,gCap,Endothelial,True,train
ACTTGTTTCTGCGTAA-1_1,bpd,BPDPH7mo,gCap,gCap,Endothelial,True,train
TAGGCATGTCACTGGC-1_1,bpd,BPDPH7mo,gCap,gCap,Endothelial,True,train
CGATCGGGTCTGCCAG-1_1,bpd,BPDPH7mo,gCap,gCap,Endothelial,True,train
GTCCTCAAGCAAATCA-1_1,bpd,BPDPH7mo,gCap,gCap,Endothelial,True,train
AZI_AAAGGATCAGTCACGC-1,rat,AZI,Peri,Peri,mural,True,train
AZI_AAATGGAGTGACTCGC-1,rat,AZI,Peri,Peri,mural,True,train
AZI_AACCAACAGACGACGT-1,rat,AZI,Peri,Peri,mural,True,test
AZI_AACGAAAGTGTGGTCC-1,rat,AZI,Peri,Peri,mural,True,train
AZI_AAGAACAAGCTCATAC-1,rat,AZI,Peri,Peri,mural,True,train
AZI_AAGTACCAGAGTTGAT-1,rat,AZI,Peri,Peri,mural,True,test
AZI_AAGTACCCAGACACCC-1,rat,AZI,Peri,Peri,mural,True,train
AZI_AATCGACTCTACGGGC-1,rat,AZI,Peri,Peri,mural,True,train
AZI_AATGGAACAGTAGGAC-1,rat,AZI,Peri,Peri,mural,True,train
AZI_AATGGAATCTGAGAAA-1,rat,AZI,Peri,Peri,mural,True,train
AZI_ACAAAGATCGCCTTTG-1,rat,AZI,Peri,Peri,mural,True,train
AZI_ACAGAAAAGAGTGTTA-1,rat,AZI,Peri,Peri,mural,True,train
AZI_ACATTTCTCATAGACC-1,rat,AZI,Peri,Peri,mural,True,train
AZI_ACCACAAAGTTGCTCA-1,rat,AZI,Peri,Peri,mural,True,train
AZI_ACCACAAGTTATTCCT-1,rat,AZI,Peri,Peri,mural,True,train
AZI_ACCTGAAAGAGTAACT-1,rat,AZI,Peri,Peri,mural,True,train
AZI_ACTACGATCGCCTCTA-1,rat,AZI,Peri,Peri,mural,True,train
AZI_ACTATGGCATCGAGCC-1,rat,AZI,Peri,Peri,mural,True,train
AZI_ACTCTCGTCGTTCGCT-1,rat,AZI,Peri,Peri,mural,True,train
AZI_ACTTATCCATAGAAAC-1,rat,AZI,Peri,Peri,mural,True,train
AZI_ACTTCGCAGACGGTCA-1,rat,AZI,Peri,Peri,mural,True,train
AZI_AGAAATGTCCTCGATC-1,rat,AZI,Peri,Peri,mural,True,train
AZI_AGACCCGAGAGTGGCT-1,rat,AZI,Peri,Peri,mural,True,train
AZI_AGACCCGCACGTGTGC-1,rat,AZI,Peri,Peri,mural,True,test
AZI_AGACTCAAGATAACAC-1,rat,AZI,Peri,Peri,mural,True,train
AZI_AGAGAATCAACGAGGT-1,rat,AZI,Peri,Peri,mural,True,train
AZI_AGCATCACAATAGTAG-1,rat,AZI,Peri,Peri,mural,True,train
AZI_AGCCACGGTTGCAAGG-1,rat,AZI,Peri,Peri,mural,True,test
AZI_AGCGATTAGAGATGCC-1,rat,AZI,Peri,Peri,mural,True,train
AZI_AGCTCAACATCCGTTC-1,rat,AZI,Peri,Peri,mural,True,train
AZI_AGGCATTCACTGAGGA-1,rat,AZI,Peri,Peri,mural,True,train
AZI_AGGGCCTTCGCGATCG-1,rat,AZI,Peri,Peri,mural,True,test
AZI_AGGGTCCGTCCCTGTT-1,rat,AZI,Peri,Peri,mural,True,train
AZI_AGGTTGTGTGATACCT-1,rat,AZI,Peri,Peri,mural,True,train
AZI_AGTCAACAGACCATAA-1,rat,AZI,Peri,Peri,mural,True,train
AZI_AGTGATCCAACTCCCT-1,rat,AZI,Peri,Peri,mural,True,train
AZI_ATCCACCCAGCTCGGT-1,rat,AZI,Peri,Peri,mural,True,train
AZI_ATCCCTGTCAGCACCG-1,rat,AZI,Peri,Peri,mural,True,train
AZI_ATCGGATAGACTCCGC-1,rat,AZI,Peri,Peri,mural,True,test
AZI_ATGATCGAGATGTTGA-1,rat,AZI,Peri,Peri,mural,True,train
AZI_ATGGAGGAGACCTCCG-1,rat,AZI,Peri,Peri,mural,True,train
AZI_ATGGATCTCTTAGCCC-1,rat,AZI,Peri,Peri,mural,True,train
AZI_ATTCAGGGTATCGCAT-1,rat,AZI,Peri,Peri,mural,True,train
AZI_ATTCCCGGTGTGTTTG-1,rat,AZI,Peri,Peri,mural,True,train
AZI_ATTCCTACACCGGCTA-1,rat,AZI,Peri,Peri,mural,True,train
AZI_ATTCCTATCCGTACGG-1,rat,AZI,Peri,Peri,mural,True,train
AZI_ATTCTACAGCGACATG-1,rat,AZI,Peri,Peri,mural,True,train
AZI_ATTCTTGAGTAGCTCT-1,rat,AZI,Peri,Peri,mural,True,train
AZI_ATTGGGTGTCCATCTC-1,rat,AZI,Peri,Peri,mural,True,train
AZI_ATTTACCCAGCAGACA-1,rat,AZI,Peri,Peri,mural,True,train
AZI_CAATGACCATTGGCAT-1,rat,AZI,Peri,Peri,mural,True,train
AZI_CACAGATGTGTCCGTG-1,rat,AZI,Peri,Peri,mural,True,train
AZI_CACAGGCTCTTCGTAT-1,rat,AZI,Peri,Peri,mural,True,train
AZI_CACATGATCGACATTG-1,rat,AZI,Peri,Peri,mural,True,train
AZI_CACCAAACATTGGGAG-1,rat,AZI,Peri,Peri,mural,True,test
AZI_CACCGTTCAGGCTTGC-1,rat,AZI,Peri,Peri,mural,True,train
AZI_CACTGGGAGGTTAGTA-1,rat,AZI,Peri,Peri,mural,True,train
AZI_CAGCAGCTCACACGAT-1,rat,AZI,Peri,Peri,mural,True,test
AZI_CAGCCAGTCGCAACAT-1,rat,AZI,Peri,Peri,mural,True,train
AZI_CATAAGCAGTAGCATA-1,rat,AZI,Peri,Peri,mural,True,train
AZI_CATAAGCGTGGCCTCA-1,rat,AZI,Peri,Peri,mural,True,train
AZI_CATACAGCAAATAAGC-1,rat,AZI,Peri,Peri,mural,True,train
AZI_CATACTTGTTAGAGAT-1,rat,AZI,Peri,Peri,mural,True,train
AZI_CATTTCACACCAGTTA-1,rat,AZI,Peri,Peri,mural,True,test
AZI_CATTTCATCTGCTCTG-1,rat,AZI,Peri,Peri,mural,True,train
AZI_CCACGTTCAGTGCGCT-1,rat,AZI,Peri,Peri,mural,True,train
AZI_CCCTAACCATCGGAAG-1,rat,AZI,Peri,Peri,mural,True,train
AZI_CCCTGATGTCCGAAGA-1,rat,AZI,Peri,Peri,mural,True,train
AZI_CCGATGGGTCCCTGAG-1,rat,AZI,Peri,Peri,mural,True,train
AZI_CCGGACACATGTGACT-1,rat,AZI,Peri,Peri,mural,True,test
AZI_CCGGTGAAGAGTAACT-1,rat,AZI,Peri,Peri,mural,True,train
AZI_CCTCAACTCTGTCAGA-1,rat,AZI,Peri,Peri,mural,True,test
AZI_CCTCAGTAGGAGAGGC-1,rat,AZI,Peri,Peri,mural,True,train
AZI_CCTCCAACAACAAAGT-1,rat,AZI,Peri,Peri,mural,True,test
AZI_CCTCTAGAGCATGCAG-1,rat,AZI,Peri,Peri,mural,True,test
AZI_CGAAGTTGTGAAAGTT-1,rat,AZI,Peri,Peri,mural,True,train
AZI_CGATCGGGTGCCGGTT-1,rat,AZI,Peri,Peri,mural,True,train
AZI_CGATCGGGTTGTGCAT-1,rat,AZI,Peri,Peri,mural,True,train
AZI_CGCATGGCATACACCA-1,rat,AZI,Peri,Peri,mural,True,test
AZI_CGCATGGGTACGCTTA-1,rat,AZI,Peri,Peri,mural,True,train
AZI_CGCCAGACAGAACCGA-1,rat,AZI,Peri,Peri,mural,True,train
AZI_CGCGTGACAGCGATTT-1,rat,AZI,Peri,Peri,mural,True,train
AZI_CGTCCATGTAGTAAGT-1,rat,AZI,Peri,Peri,mural,True,test
AZI_CGTGTCTCAGAAGCTG-1,rat,AZI,Peri,Peri,mural,True,train
AZI_CTAACCCCATCATTGG-1,rat,AZI,Peri,Peri,mural,True,train
AZI_CTACCCAAGTTGGCTT-1,rat,AZI,Peri,Peri,mural,True,test
AZI_CTCATGCCAACTCGAT-1,rat,AZI,Peri,Peri,mural,True,train
AZI_CTCCATGGTTTCGTAG-1,rat,AZI,Peri,Peri,mural,True,train
AZI_CTCTGGTGTGTATTGC-1,rat,AZI,Peri,Peri,mural,True,train
AZI_CTGAATGAGTGGATTA-1,rat,AZI,Peri,Peri,mural,True,test
AZI_CTGCATCTCCTCTGCA-1,rat,AZI,Peri,Peri,mural,True,train
AZI_CTGTACCAGTCCGCGT-1,rat,AZI,Peri,Peri,mural,True,train
AZI_CTGTAGAGTACGATTC-1,rat,AZI,Peri,Peri,mural,True,train
AZI_CTTAGGATCAGTCAGT-1,rat,AZI,Peri,Peri,mural,True,train
AZI_CTTCGGTAGGCTGTAG-1,rat,AZI,Peri,Peri,mural,True,train
AZI_CTTGAGACACTTCATT-1,rat,AZI,Peri,Peri,mural,True,test
AZI_CTTTCGGGTCTTGAGT-1,rat,AZI,Peri,Peri,mural,True,train
AZI_GAACACTTCAATCCGA-1,rat,AZI,Peri,Peri,mural,True,test
AZI_GACGTTAAGGTTCATC-1,rat,AZI,Peri,Peri,mural,True,train
AZI_GACTGATGTAGTTCCA-1,rat,AZI,Peri,Peri,mural,True,train
AZI_GACTTCCGTCGCACGT-1,rat,AZI,Peri,Peri,mural,True,test
AZI_GAGACCCGTCTCCCTA-1,rat,AZI,Peri,Peri,mural,True,train
AZI_GAGAGGTCATCCGGCA-1,rat,AZI,Peri,Peri,mural,True,train
AZI_GAGTTACGTAGCACAG-1,rat,AZI,Peri,Peri,mural,True,train
AZI_GAGTTTGTCCCTCTCC-1,rat,AZI,Peri,Peri,mural,True,train
AZI_GATGACTAGGGAGGGT-1,rat,AZI,Peri,Peri,mural,True,train
AZI_GATGAGGCAGAACTTC-1,rat,AZI,Peri,Peri,mural,True,train
AZI_GATTTCTGTCAACCAT-1,rat,AZI,Peri,Peri,mural,True,train
AZI_GCACGTGCACCAGCTG-1,rat,AZI,Peri,Peri,mural,True,train
AZI_GCAGCTGCATAGCACT-1,rat,AZI,Peri,Peri,mural,True,train
AZI_GCATGATAGCGTTCCG-1,rat,AZI,Peri,Peri,mural,True,train
AZI_GCATGATGTGTCCAAT-1,rat,AZI,Peri,Peri,mural,True,train
AZI_GCCATTCTCTGGAGAG-1,rat,AZI,Peri,Peri,mural,True,valid
AZI_GGAAGTGCACAGACGA-1,rat,AZI,Peri,Peri,mural,True,train
AZI_GGAATCTTCATTGCTT-1,rat,AZI,Peri,Peri,mural,True,train
AZI_GGCACGTAGGAATTAC-1,rat,AZI,Peri,Peri,mural,True,train
AZI_GGCTTGGTCCTCGATC-1,rat,AZI,Peri,Peri,mural,True,train
AZI_GGGACTCGTTGTTGTG-1,rat,AZI,Peri,Peri,mural,True,train
AZI_GGGATCCAGCCAGAGT-1,rat,AZI,Peri,Peri,mural,True,train
AZI_GGGATCCAGTGCACCC-1,rat,AZI,Peri,Peri,mural,True,test
AZI_GGGCCATTCTCAACCC-1,rat,AZI,Peri,Peri,mural,True,train
AZI_GGGCTCACATCCGAGC-1,rat,AZI,Peri,Peri,mural,True,train
AZI_GGGTAGATCGCACGAC-1,rat,AZI,Peri,Peri,mural,True,train
AZI_GGTGTCGCAGTCCCGA-1,rat,AZI,Peri,Peri,mural,True,train
AZI_GGTTCTCGTGTTTCTT-1,rat,AZI,Peri,Peri,mural,True,train
AZI_GGTTGTATCCTTGACC-1,rat,AZI,Peri,Peri,mural,True,train
AZI_GTAACCACAGAGACTG-1,rat,AZI,Peri,Peri,mural,True,train
AZI_GTAAGTCTCCAAAGGG-1,rat,AZI,Peri,Peri,mural,True,train
AZI_GTAATCGGTCGTCGGT-1,rat,AZI,Peri,Peri,mural,True,test
AZI_GTACAACAGCCTGAGA-1,rat,AZI,Peri,Peri,mural,True,train
AZI_GTCACTCAGACATGCG-1,rat,AZI,Peri,Peri,mural,True,train
AZI_GTCGAATAGTATAGAC-1,rat,AZI,Peri,Peri,mural,True,train
AZI_GTCGAATCAGGTGAGT-1,rat,AZI,Peri,Peri,mural,True,train
AZI_GTGGCGTTCAAGAGTA-1,rat,AZI,Peri,Peri,mural,True,train
AZI_GTGGCGTTCTACACAG-1,rat,AZI,Peri,Peri,mural,True,train
AZI_GTGTGGCCATAAGCGG-1,rat,AZI,Peri,Peri,mural,True,train
AZI_GTGTTAGAGCTAAGTA-1,rat,AZI,Peri,Peri,mural,True,test
AZI_TAAGTCGTCAACACGT-1,rat,AZI,Peri,Peri,mural,True,train
AZI_TACCCACAGTCCCGGT-1,rat,AZI,Peri,Peri,mural,True,train
AZI_TACGCTCGTGATGTAA-1,rat,AZI,Peri,Peri,mural,True,train
AZI_TAGTGCAAGAAGCTCG-1,rat,AZI,Peri,Peri,mural,True,train
AZI_TAGTGCAAGACTCATC-1,rat,AZI,Peri,Peri,mural,True,train
AZI_TATATCCAGACTGAGC-1,rat,AZI,Peri,Peri,mural,True,train
AZI_TATCAGGCAGACGGAT-1,rat,AZI,Peri,Peri,mural,True,train
AZI_TATTTCGCAGAGATGC-1,rat,AZI,Peri,Peri,mural,True,test
AZI_TCACAAGTCATACGAC-1,rat,AZI,Peri,Peri,mural,True,train
AZI_TCAGGGCGTGGTCCCA-1,rat,AZI,Peri,Peri,mural,True,valid
AZI_TCATACTCATAACGGG-1,rat,AZI,Peri,Peri,mural,True,train
AZI_TCATGGAAGCAAATGT-1,rat,AZI,Peri,Peri,mural,True,train
AZI_TCCAGAAGTTCCCAAA-1,rat,AZI,Peri,Peri,mural,True,train
AZI_TCCGATCGTAACACCT-1,rat,AZI,Peri,Peri,mural,True,train
AZI_TCCTCCCTCCAACACA-1,rat,AZI,Peri,Peri,mural,True,train
AZI_TCCTCGATCAAATAGG-1,rat,AZI,Peri,Peri,mural,True,test
AZI_TCCTGCAAGGCCACTC-1,rat,AZI,Peri,Peri,mural,True,train
AZI_TCGAACATCGGTAACT-1,rat,AZI,Peri,Peri,mural,True,test
AZI_TCGACGGCAATAACCC-1,rat,AZI,Peri,Peri,mural,True,train
AZI_TCGCACTGTCTGTGCG-1,rat,AZI,Peri,Peri,mural,True,train
AZI_TCGGGCAAGCAGCAGT-1,rat,AZI,Peri,Peri,mural,True,train
AZI_TCTGTCGGTTCGGTCG-1,rat,AZI,Peri,Peri,mural,True,test
AZI_TCTTGCGTCGCGTGCA-1,rat,AZI,Peri,Peri,mural,True,train
AZI_TGAACGTAGCATTTGC-1,rat,AZI,Peri,Peri,mural,True,train
AZI_TGAGACTTCATCACCC-1,rat,AZI,Peri,Peri,mural,True,train
AZI_TGATGGTAGTGCTCAT-1,rat,AZI,Peri,Peri,mural,True,train
AZI_TGCGATAAGCAGATAT-1,rat,AZI,Peri,Peri,mural,True,train
AZI_TGCGGGTTCCAACTAG-1,rat,AZI,Peri,Peri,mural,True,train
AZI_TGCTTGCCAACCTATG-1,rat,AZI,Peri,Peri,mural,True,train
AZI_TGGAGAGTCGCCCAGA-1,rat,AZI,Peri,Peri,mural,True,train
AZI_TGGGAAGTCAGCCCAG-1,rat,AZI,Peri,Peri,mural,True,train
AZI_TGTCCCATCGTGGGAA-1,rat,AZI,Peri,Peri,mural,True,train
AZI_TGTCCTGCAGGCATTT-1,rat,AZI,Peri,Peri,mural,True,train
AZI_TGTGATGTCTTAATCC-1,rat,AZI,Peri,Peri,mural,True,train
AZI_TGTGGCGAGTAGCAAT-1,rat,AZI,Peri,Peri,mural,True,train
AZI_TGTGGCGCACACTGGC-1,rat,AZI,Peri,Peri,mural,True,train
AZI_TGTTGAGCATGGCCAC-1,rat,AZI,Peri,Peri,mural,True,train
AZI_TTACCATAGGTGATAT-1,rat,AZI,Peri,Peri,mural,True,train
AZI_TTAGTCTGTGATCATC-1,rat,AZI,Peri,Peri,mural,True,train
AZI_TTATTGCGTCGTCATA-1,rat,AZI,Peri,Peri,mural,True,train
AZI_TTCACGCAGAAGGTAG-1,rat,AZI,Peri,Peri,mural,True,train
AZI_TTCATGTGTTCTTGTT-1,rat,AZI,Peri,Peri,mural,True,train
AZI_TTCCACGAGGCACTCC-1,rat,AZI,Peri,Peri,mural,True,train
AZI_TTCCGGTGTATGAAGT-1,rat,AZI,Peri,Peri,mural,True,train
AZI_TTCGGTCTCCATATGG-1,rat,AZI,Peri,Peri,mural,True,train
AZI_TTCTAGTAGTCATGGG-1,rat,AZI,Peri,Peri,mural,True,train
AZI_TTGGATGTCAGTCCGG-1,rat,AZI,Peri,Peri,mural,True,test
AZI_TTGGGATCATACCAGT-1,rat,AZI,Peri,Peri,mural,True,train
AZI_TTTACCAAGTCGAAAT-1,rat,AZI,Peri,Peri,mural,True,train
AZI_TTTACTGGTAGGCTCC-1,rat,AZI,Peri,Peri,mural,True,train
AZI_TTTGGAGGTGACTGAG-1,rat,AZI,Peri,Peri,mural,True,train
AZI_AAACGCTAGCCTTGAT-1,rat,AZI,VEC,VEC,endothelial,True,train
AZI_AACTTCTCATGTGGCC-1,rat,AZI,VEC,VEC,endothelial,True,train
AZI_AAGAACACAGAGTGTG-1,rat,AZI,VEC,VEC,endothelial,True,train
AZI_AAGCATCTCCCTCTAG-1,rat,AZI,VEC,VEC,endothelial,True,train
AZI_AAGGTAAGTCAGCTTA-1,rat,AZI,VEC,VEC,endothelial,True,test
AZI_ACAAGCTGTAACGGTG-1,rat,AZI,VEC,VEC,endothelial,True,test
AZI_ACACCAAAGGTCGTGA-1,rat,AZI,VEC,VEC,endothelial,True,train
AZI_ACCAAACCAGGCATGA-1,rat,AZI,VEC,VEC,endothelial,True,test
AZI_ACCGTTCGTGTACAGG-1,rat,AZI,VEC,VEC,endothelial,True,train
AZI_ACGGAAGAGGATGCGT-1,rat,AZI,VEC,VEC,endothelial,True,test
AZI_ACGTAACTCTTTCCAA-1,rat,AZI,VEC,VEC,endothelial,True,train
AZI_ACGTTCCCAAAGAACT-1,rat,AZI,VEC,VEC,endothelial,True,train
AZI_ACTATCTCAATCCTAG-1,rat,AZI,VEC,VEC,endothelial,True,train
AZI_ACTATTCTCACGGGAA-1,rat,AZI,VEC,VEC,endothelial,True,train
AZI_AGACAAAAGCTGTTAC-1,rat,AZI,VEC,VEC,endothelial,True,train
AZI_AGACAAACACAACGCC-1,rat,AZI,VEC,VEC,endothelial,True,train
AZI_AGATCGTAGGGCCTCT-1,rat,AZI,VEC,VEC,endothelial,True,train
AZI_AGCGATTGTAGGTCAG-1,rat,AZI,VEC,VEC,endothelial,True,test
AZI_AGCGTCGCAGCGTGCT-1,rat,AZI,VEC,VEC,endothelial,True,train
AZI_AGCTCAAAGTCATGAA-1,rat,AZI,VEC,VEC,endothelial,True,train
AZI_AGGAGGTAGTCCTGCG-1,rat,AZI,VEC,VEC,endothelial,True,train
AZI_AGGATAACACGTGAGA-1,rat,AZI,VEC,VEC,endothelial,True,train
AZI_AGGCATTAGATCCAAA-1,rat,AZI,VEC,VEC,endothelial,True,test
AZI_AGGTAGGTCCCGATCT-1,rat,AZI,VEC,VEC,endothelial,True,train
AZI_AGTAGTCGTACCACGC-1,rat,AZI,VEC,VEC,endothelial,True,train
AZI_AGTCATGCATAATCCG-1,rat,AZI,VEC,VEC,endothelial,True,train
AZI_AGTGATCTCCGCGGAT-1,rat,AZI,VEC,VEC,endothelial,True,train
AZI_ATACCGAGTAGGCTGA-1,rat,AZI,VEC,VEC,endothelial,True,train
AZI_ATACTTCTCCAGGACC-1,rat,AZI,VEC,VEC,endothelial,True,train
AZI_ATCCACCAGGGACCAT-1,rat,AZI,VEC,VEC,endothelial,True,train
AZI_ATCGTAGAGAGGTCAC-1,rat,AZI,VEC,VEC,endothelial,True,train
AZI_ATCTCTACAACGGCTC-1,rat,AZI,VEC,VEC,endothelial,True,train
AZI_ATGACCATCTTCGTAT-1,rat,AZI,VEC,VEC,endothelial,True,train
AZI_ATTCCTAAGATGTTAG-1,rat,AZI,VEC,VEC,endothelial,True,train
AZI_ATTTACCCAAAGGGCT-1,rat,AZI,VEC,VEC,endothelial,True,train
AZI_CAAGCTATCTGCCCTA-1,rat,AZI,VEC,VEC,endothelial,True,train
AZI_CACACAAGTTGGACCC-1,rat,AZI,VEC,VEC,endothelial,True,train
AZI_CACTAAGTCCTTTGAT-1,rat,AZI,VEC,VEC,endothelial,True,train
AZI_CACTGTCGTACAGAAT-1,rat,AZI,VEC,VEC,endothelial,True,valid
AZI_CAGATACAGTTGTCAC-1,rat,AZI,VEC,VEC,endothelial,True,train
AZI_CAGCCAGTCATTCATC-1,rat,AZI,VEC,VEC,endothelial,True,train
AZI_CATCCCATCTGCCTCA-1,rat,AZI,VEC,VEC,endothelial,True,train
AZI_CATCCGTTCGAGTGGA-1,rat,AZI,VEC,VEC,endothelial,True,train
AZI_CCCTGATCATAATGAG-1,rat,AZI,VEC,VEC,endothelial,True,train
AZI_CCGAACGAGCATCCTA-1,rat,AZI,VEC,VEC,endothelial,True,train
AZI_CCGGTGACACGCCAGT-1,rat,AZI,VEC,VEC,endothelial,True,train
AZI_CCGTAGGGTGAGCTCC-1,rat,AZI,VEC,VEC,endothelial,True,train
AZI_CCTCACAAGTTGTAAG-1,rat,AZI,VEC,VEC,endothelial,True,train
AZI_CGAGAAGGTCAAAGTA-1,rat,AZI,VEC,VEC,endothelial,True,train
AZI_CGATGCGGTCAGTCCG-1,rat,AZI,VEC,VEC,endothelial,True,test
AZI_CGGACACTCCACGTCT-1,rat,AZI,VEC,VEC,endothelial,True,train
AZI_CGGGTCAAGTGATGGC-1,rat,AZI,VEC,VEC,endothelial,True,test
AZI_CGTAGTATCGTCGCTT-1,rat,AZI,VEC,VEC,endothelial,True,train
AZI_CTAAGTGGTACAGGTG-1,rat,AZI,VEC,VEC,endothelial,True,train
AZI_CTCCAACGTACCCGAC-1,rat,AZI,VEC,VEC,endothelial,True,train
AZI_CTCTCAGCAGGTCAGA-1,rat,AZI,VEC,VEC,endothelial,True,train
AZI_CTCTGGTCAATTTCTC-1,rat,AZI,VEC,VEC,endothelial,True,train
AZI_CTGAATGCAGTTGAAA-1,rat,AZI,VEC,VEC,endothelial,True,test
AZI_CTGATCCGTATACCTG-1,rat,AZI,VEC,VEC,endothelial,True,train
AZI_CTGTGAACAACACGAG-1,rat,AZI,VEC,VEC,endothelial,True,train
AZI_CTTAGGATCGCGTAGC-1,rat,AZI,VEC,VEC,endothelial,True,train
AZI_CTTCTAACAGAGGAAA-1,rat,AZI,VEC,VEC,endothelial,True,train
AZI_CTTCTAATCGAACACT-1,rat,AZI,VEC,VEC,endothelial,True,test
AZI_CTTGAGATCTCTTAAC-1,rat,AZI,VEC,VEC,endothelial,True,train
AZI_GAATAGATCTGCCTCA-1,rat,AZI,VEC,VEC,endothelial,True,train
AZI_GACCTTCCAGTTCACA-1,rat,AZI,VEC,VEC,endothelial,True,train
AZI_GAGATGGGTCAAGCCC-1,rat,AZI,VEC,VEC,endothelial,True,train
AZI_GAGGCCTCAAAGCGTG-1,rat,AZI,VEC,VEC,endothelial,True,train
AZI_GATCACAGTATCGAAA-1,rat,AZI,VEC,VEC,endothelial,True,train
AZI_GCATCGGGTACCCGAC-1,rat,AZI,VEC,VEC,endothelial,True,valid
AZI_GCCAGTGCAAGTCCCG-1,rat,AZI,VEC,VEC,endothelial,True,train
AZI_GCCATTCGTAGTGTGG-1,rat,AZI,VEC,VEC,endothelial,True,train
AZI_GCGAGAAAGTCTCCTC-1,rat,AZI,VEC,VEC,endothelial,True,train
AZI_GCGGATCAGCTGCCAC-1,rat,AZI,VEC,VEC,endothelial,True,test
AZI_GCTACCTTCTCAGAAC-1,rat,AZI,VEC,VEC,endothelial,True,train
AZI_GGAAGTGAGATGAATC-1,rat,AZI,VEC,VEC,endothelial,True,train
AZI_GGAGAACGTGATAGTA-1,rat,AZI,VEC,VEC,endothelial,True,train
AZI_GGATGTTGTCACTACA-1,rat,AZI,VEC,VEC,endothelial,True,train
AZI_GGCAGTCAGACTCATC-1,rat,AZI,VEC,VEC,endothelial,True,train
AZI_GGCAGTCCAGCCTACG-1,rat,AZI,VEC,VEC,endothelial,True,train
AZI_GGCGTCACAGTATACC-1,rat,AZI,VEC,VEC,endothelial,True,train
AZI_GGGACTCAGCTGTTAC-1,rat,AZI,VEC,VEC,endothelial,True,train
AZI_GGGTATTCACCATAAC-1,rat,AZI,VEC,VEC,endothelial,True,train
AZI_GGTAATCGTAGCACGA-1,rat,AZI,VEC,VEC,endothelial,True,train
AZI_GTCAAACGTCATAACC-1,rat,AZI,VEC,VEC,endothelial,True,train
AZI_GTCTTTAGTTAGGGTG-1,rat,AZI,VEC,VEC,endothelial,True,train
AZI_GTGCAGCAGAATGTTG-1,rat,AZI,VEC,VEC,endothelial,True,train
AZI_GTGGAAGTCTATTGTC-1,rat,AZI,VEC,VEC,endothelial,True,train
AZI_GTGGAGATCCGCTAGG-1,rat,AZI,VEC,VEC,endothelial,True,train
AZI_GTTGCGGAGAGGGTGG-1,rat,AZI,VEC,VEC,endothelial,True,train
AZI_GTTGTCCCAGCGTGCT-1,rat,AZI,VEC,VEC,endothelial,True,train
AZI_TAACACGCATCACGGC-1,rat,AZI,VEC,VEC,endothelial,True,test
AZI_TAACCAGAGCCATTGT-1,rat,AZI,VEC,VEC,endothelial,True,test
AZI_TAATTCCAGACATCAA-1,rat,AZI,VEC,VEC,endothelial,True,train
AZI_TACCTCGTCGTTCCTG-1,rat,AZI,VEC,VEC,endothelial,True,test
AZI_TACTTCAAGAAGGTAG-1,rat,AZI,VEC,VEC,endothelial,True,test
AZI_TATCTGTTCAGGGATG-1,rat,AZI,VEC,VEC,endothelial,True,train
AZI_TATTGGGCAAGAGTAT-1,rat,AZI,VEC,VEC,endothelial,True,train
AZI_TCAGCAAGTCTGCGCA-1,rat,AZI,VEC,VEC,endothelial,True,train
AZI_TCATGGACACCCTCTA-1,rat,AZI,VEC,VEC,endothelial,True,test
AZI_TCATGTTTCATAGCAC-1,rat,AZI,VEC,VEC,endothelial,True,train
AZI_TCCAGAAGTGGGACAT-1,rat,AZI,VEC,VEC,endothelial,True,test
AZI_TCGAACATCGCGAAGA-1,rat,AZI,VEC,VEC,endothelial,True,train
AZI_TCGGATAAGACATCAA-1,rat,AZI,VEC,VEC,endothelial,True,train
AZI_TCGTGCTAGAGCATTA-1,rat,AZI,VEC,VEC,endothelial,True,train
AZI_TCTGTCGCACCGGCTA-1,rat,AZI,VEC,VEC,endothelial,True,train
AZI_TGACAGTCAATTGAGA-1,rat,AZI,VEC,VEC,endothelial,True,train
AZI_TGATCTTCAGTGGCTC-1,rat,AZI,VEC,VEC,endothelial,True,train
AZI_TGGAGAGAGTGCAGGT-1,rat,AZI,VEC,VEC,endothelial,True,train
AZI_TGGGCTGGTGAATGAT-1,rat,AZI,VEC,VEC,endothelial,True,train
AZI_TTCATGTTCATTACCT-1,rat,AZI,VEC,VEC,endothelial,True,train
AZI_TTGAACGGTACGAGCA-1,rat,AZI,VEC,VEC,endothelial,True,train
AZI_TTTACGTCATACTGTG-1,rat,AZI,VEC,VEC,endothelial,True,train
AZI_AACAACCCATCATCCC-1,rat,AZI,aCAP,aCAP,endothelial,True,train
AZI_AACCATGCAATAACCC-1,rat,AZI,aCAP,aCAP,endothelial,True,train
AZI_AAGCCATCACATTACG-1,rat,AZI,aCAP,aCAP,endothelial,True,train
AZI_AAGTACCCAATTGTGC-1,rat,AZI,aCAP,aCAP,endothelial,True,train
AZI_AATCGACCAACCGACC-1,rat,AZI,aCAP,aCAP,endothelial,True,train
AZI_AATGCCAAGAGTCAAT-1,rat,AZI,aCAP,aCAP,endothelial,True,train
AZI_AATGCCACATGACACT-1,rat,AZI,aCAP,aCAP,endothelial,True,train
AZI_AATTCCTCACGACGCT-1,rat,AZI,aCAP,aCAP,endothelial,True,train
AZI_ACATCCCTCATCACAG-1,rat,AZI,aCAP,aCAP,endothelial,True,train
AZI_ACGATGTTCCTCAGAA-1,rat,AZI,aCAP,aCAP,endothelial,True,train
AZI_ACTCCCACATCGTGCG-1,rat,AZI,aCAP,aCAP,endothelial,True,valid
AZI_ACTTTGTTCTGTCCGT-1,rat,AZI,aCAP,aCAP,endothelial,True,train
AZI_AGAACAATCCACAGGC-1,rat,AZI,aCAP,aCAP,endothelial,True,train
AZI_AGAGAGCTCTGCTTTA-1,rat,AZI,aCAP,aCAP,endothelial,True,train
AZI_AGCTTCCAGGTTACCT-1,rat,AZI,aCAP,aCAP,endothelial,True,train
AZI_AGGAGGTGTCGTATGT-1,rat,AZI,aCAP,aCAP,endothelial,True,train
AZI_AGGCATTGTCAAAGAT-1,rat,AZI,aCAP,aCAP,endothelial,True,train
AZI_AGGGTGATCCTACCAC-1,rat,AZI,aCAP,aCAP,endothelial,True,train
AZI_AGTACCAAGTTACGAA-1,rat,AZI,aCAP,aCAP,endothelial,True,train
AZI_AGTAGCTAGTCCTGTA-1,rat,AZI,aCAP,aCAP,endothelial,True,test
AZI_AGTTAGCAGTCCGCGT-1,rat,AZI,aCAP,aCAP,endothelial,True,train
AZI_ATCACAGAGACTTAAG-1,rat,AZI,aCAP,aCAP,endothelial,True,train
AZI_ATCCTATTCGCCGATG-1,rat,AZI,aCAP,aCAP,endothelial,True,train
AZI_CACACAATCATTCTTG-1,rat,AZI,aCAP,aCAP,endothelial,True,train
AZI_CAGCAATTCAGCATTG-1,rat,AZI,aCAP,aCAP,endothelial,True,train
AZI_CATTTCAGTATGGTAA-1,rat,AZI,aCAP,aCAP,endothelial,True,train
AZI_CCCTCTCGTGGGTCAA-1,rat,AZI,aCAP,aCAP,endothelial,True,train
AZI_CCGCAAGGTGGATTTC-1,rat,AZI,aCAP,aCAP,endothelial,True,train
AZI_CCGGGTACATGTCAGT-1,rat,AZI,aCAP,aCAP,endothelial,True,test
AZI_CCTACGTCATTGACAC-1,rat,AZI,aCAP,aCAP,endothelial,True,train
AZI_CCTTGTGTCATCCCGT-1,rat,AZI,aCAP,aCAP,endothelial,True,train
AZI_CGATGGCCATTAAGCC-1,rat,AZI,aCAP,aCAP,endothelial,True,test
AZI_CGCGTGACATCCTTGC-1,rat,AZI,aCAP,aCAP,endothelial,True,train
AZI_CGGAACCTCGGTGTAT-1,rat,AZI,aCAP,aCAP,endothelial,True,train
AZI_CGGGCATAGAGGTGCT-1,rat,AZI,aCAP,aCAP,endothelial,True,train
AZI_CGGGTCACAACAAAGT-1,rat,AZI,aCAP,aCAP,endothelial,True,test
AZI_CGTTCTGAGCTCGAAG-1,rat,AZI,aCAP,aCAP,endothelial,True,train
AZI_CTACCCAAGACGCTCC-1,rat,AZI,aCAP,aCAP,endothelial,True,train
AZI_CTAGACACAGAGGGTT-1,rat,AZI,aCAP,aCAP,endothelial,True,train
AZI_CTGTACCTCAAGGTGG-1,rat,AZI,aCAP,aCAP,endothelial,True,test
AZI_CTGTATTAGCCTCTTC-1,rat,AZI,aCAP,aCAP,endothelial,True,train
AZI_CTGTCGTAGGACGCAT-1,rat,AZI,aCAP,aCAP,endothelial,True,train
AZI_GAAATGAAGAAGTCTA-1,rat,AZI,aCAP,aCAP,endothelial,True,train
AZI_GACGTTATCCGAGCTG-1,rat,AZI,aCAP,aCAP,endothelial,True,train
AZI_GACTATGCAAATAGCA-1,rat,AZI,aCAP,aCAP,endothelial,True,train
AZI_GACTGATAGCACGATG-1,rat,AZI,aCAP,aCAP,endothelial,True,train
AZI_GAGTTTGTCGAGTACT-1,rat,AZI,aCAP,aCAP,endothelial,True,train
AZI_GATCATGGTACACGTT-1,rat,AZI,aCAP,aCAP,endothelial,True,test
AZI_GATGACTTCAGGGATG-1,rat,AZI,aCAP,aCAP,endothelial,True,train
AZI_GATGGAGCATAATCCG-1,rat,AZI,aCAP,aCAP,endothelial,True,train
AZI_GATTTCTCAATACCCA-1,rat,AZI,aCAP,aCAP,endothelial,True,train
AZI_GCCCAGATCATGAGTC-1,rat,AZI,aCAP,aCAP,endothelial,True,test
AZI_GCCCGAAAGAAATTGC-1,rat,AZI,aCAP,aCAP,endothelial,True,train
AZI_GCCGATGGTTACGCCG-1,rat,AZI,aCAP,aCAP,endothelial,True,train
AZI_GGCTTGGAGTGGTTCT-1,rat,AZI,aCAP,aCAP,endothelial,True,test
AZI_GGCTTTCAGTACTGTC-1,rat,AZI,aCAP,aCAP,endothelial,True,train
AZI_GGTGGCTAGCACTTTG-1,rat,AZI,aCAP,aCAP,endothelial,True,train
AZI_GGTGTCGCAGTTCACA-1,rat,AZI,aCAP,aCAP,endothelial,True,train
AZI_GTATTTCCACGGATCC-1,rat,AZI,aCAP,aCAP,endothelial,True,train
AZI_GTCACTCTCACCGGTG-1,rat,AZI,aCAP,aCAP,endothelial,True,train
AZI_GTGCAGCGTGTTCAGT-1,rat,AZI,aCAP,aCAP,endothelial,True,test
AZI_TAACACGCAACTTCTT-1,rat,AZI,aCAP,aCAP,endothelial,True,train
AZI_TACCGGGCACATACTG-1,rat,AZI,aCAP,aCAP,endothelial,True,test
AZI_TAGACTGAGGGAGATA-1,rat,AZI,aCAP,aCAP,endothelial,True,train
AZI_TAGGGTTCACTAGGCC-1,rat,AZI,aCAP,aCAP,endothelial,True,train
AZI_TCAAGCACAGTAGATA-1,rat,AZI,aCAP,aCAP,endothelial,True,train
AZI_TCATATCGTGAGTAGC-1,rat,AZI,aCAP,aCAP,endothelial,True,train
AZI_TCCACCATCGTGTCAA-1,rat,AZI,aCAP,aCAP,endothelial,True,train
AZI_TCCTTCTCAATTGCAC-1,rat,AZI,aCAP,aCAP,endothelial,True,train
AZI_TCGTGGGCAAATGGAT-1,rat,AZI,aCAP,aCAP,endothelial,True,train
AZI_TGAATGCCACCTGCAG-1,rat,AZI,aCAP,aCAP,endothelial,True,train
AZI_TGAGGGAAGCCTAACT-1,rat,AZI,aCAP,aCAP,endothelial,True,train
AZI_TGAGGTTTCAAAGGTA-1,rat,AZI,aCAP,aCAP,endothelial,True,train
AZI_TGAGGTTTCATTGCGA-1,rat,AZI,aCAP,aCAP,endothelial,True,train
AZI_TGATGGTAGGGATCTG-1,rat,AZI,aCAP,aCAP,endothelial,True,test
AZI_TGATTCTGTCAGCTTA-1,rat,AZI,aCAP,aCAP,endothelial,True,test
AZI_TGCAGTACAGTAGAGC-1,rat,AZI,aCAP,aCAP,endothelial,True,train
AZI_TGCTTCGAGTAAGCAT-1,rat,AZI,aCAP,aCAP,endothelial,True,train
AZI_TGCTTGCTCGTAGGGA-1,rat,AZI,aCAP,aCAP,endothelial,True,train
AZI_TGGCGTGCACAAGGTG-1,rat,AZI,aCAP,aCAP,endothelial,True,train
AZI_TTACTGTGTTGCTCCT-1,rat,AZI,aCAP,aCAP,endothelial,True,train
AZI_TTCGCTGGTTAAGACA-1,rat,AZI,aCAP,aCAP,endothelial,True,train
AZI_TTCTAGTGTTGTGTTG-1,rat,AZI,aCAP,aCAP,endothelial,True,train
AZI_TTGGGATTCGCTACGG-1,rat,AZI,aCAP,aCAP,endothelial,True,train
AZI_TTTACGTAGCTCTTCC-1,rat,AZI,aCAP,aCAP,endothelial,True,test
AZI_TTTCCTCGTGGTCCCA-1,rat,AZI,aCAP,aCAP,endothelial,True,valid
AZI_AAACGAATCACATACG-1,rat,AZI,gCAP,gCAP,endothelial,True,train
AZI_AAAGAACCAAGCGATG-1,rat,AZI,gCAP,gCAP,endothelial,True,train
AZI_AAAGGTATCGTACACA-1,rat,AZI,gCAP,gCAP,endothelial,True,test
AZI_AACAAGAAGAACTCCT-1,rat,AZI,gCAP,gCAP,endothelial,True,test
AZI_AACAAGATCGTTAGAC-1,rat,AZI,gCAP,gCAP,endothelial,True,train
AZI_AACAGGGGTCGAGTGA-1,rat,AZI,gCAP,gCAP,endothelial,True,test
AZI_AACCCAAGTCCTTAAG-1,rat,AZI,gCAP,gCAP,endothelial,True,train
AZI_AAGCGAGGTGGTTTGT-1,rat,AZI,gCAP,gCAP,endothelial,True,train
AZI_AAGCGTTAGCCGGATA-1,rat,AZI,gCAP,gCAP,endothelial,True,train
AZI_AAGCGTTCAGCTCCTT-1,rat,AZI,gCAP,gCAP,endothelial,True,train
AZI_AAGGTAACAATGGCCC-1,rat,AZI,gCAP,gCAP,endothelial,True,train
AZI_AAGTACCAGGTAGTCG-1,rat,AZI,gCAP,gCAP,endothelial,True,test
AZI_AAGTCGTCACAAAGTA-1,rat,AZI,gCAP,gCAP,endothelial,True,train
AZI_AAGTTCGCAAGTGGAC-1,rat,AZI,gCAP,gCAP,endothelial,True,train
AZI_AATAGAGCAGCCTATA-1,rat,AZI,gCAP,gCAP,endothelial,True,train
AZI_AATCGTGCATGACTAC-1,rat,AZI,gCAP,gCAP,endothelial,True,train
AZI_AATGAAGGTGACTGTT-1,rat,AZI,gCAP,gCAP,endothelial,True,train
AZI_AATGACCGTGGAACCA-1,rat,AZI,gCAP,gCAP,endothelial,True,train
AZI_AATGCCAGTCTGTTAG-1,rat,AZI,gCAP,gCAP,endothelial,True,train
AZI_AATTTCCCACCGTGGT-1,rat,AZI,gCAP,gCAP,endothelial,True,train
AZI_ACAACCACACATATCG-1,rat,AZI,gCAP,gCAP,endothelial,True,train
AZI_ACAACCACATCAGCAT-1,rat,AZI,gCAP,gCAP,endothelial,True,train
AZI_ACAACCAGTGCCGTTG-1,rat,AZI,gCAP,gCAP,endothelial,True,train
AZI_ACACCAAAGTTGGGAC-1,rat,AZI,gCAP,gCAP,endothelial,True,train
AZI_ACACTGATCTACTATC-1,rat,AZI,gCAP,gCAP,endothelial,True,train
AZI_ACAGCCGGTCCGAAGA-1,rat,AZI,gCAP,gCAP,endothelial,True,train
AZI_ACATTTCGTTCTCGTC-1,rat,AZI,gCAP,gCAP,endothelial,True,train
AZI_ACCAAACAGTAAAGCT-1,rat,AZI,gCAP,gCAP,endothelial,True,train
AZI_ACCATTTGTATGTGTC-1,rat,AZI,gCAP,gCAP,endothelial,True,train
AZI_ACCCAAAGTTCTGACA-1,rat,AZI,gCAP,gCAP,endothelial,True,train
AZI_ACCTACCTCAAGCCAT-1,rat,AZI,gCAP,gCAP,endothelial,True,train
AZI_ACCTGAAAGCCAAGGT-1,rat,AZI,gCAP,gCAP,endothelial,True,train
AZI_ACGATCAAGAAATCCA-1,rat,AZI,gCAP,gCAP,endothelial,True,train
AZI_ACGATCAGTTAGAGAT-1,rat,AZI,gCAP,gCAP,endothelial,True,train
AZI_ACGATGTGTCTTACTT-1,rat,AZI,gCAP,gCAP,endothelial,True,train
AZI_ACGCACGTCTGGTCAA-1,rat,AZI,gCAP,gCAP,endothelial,True,train
AZI_ACGTAGTCAAAGGCGT-1,rat,AZI,gCAP,gCAP,endothelial,True,train
AZI_ACGTCCTCACAATCTG-1,rat,AZI,gCAP,gCAP,endothelial,True,train
AZI_ACTATCTCAAGAATGT-1,rat,AZI,gCAP,gCAP,endothelial,True,train
AZI_ACTATCTGTTCCCACT-1,rat,AZI,gCAP,gCAP,endothelial,True,train
AZI_ACTATTCAGGATAATC-1,rat,AZI,gCAP,gCAP,endothelial,True,train
AZI_ACTCTCGGTATCGAGG-1,rat,AZI,gCAP,gCAP,endothelial,True,test
AZI_ACTCTCGGTTGCAAGG-1,rat,AZI,gCAP,gCAP,endothelial,True,test
AZI_ACTGATGGTTGGGATG-1,rat,AZI,gCAP,gCAP,endothelial,True,test
AZI_ACTGCAAAGGAGGCAG-1,rat,AZI,gCAP,gCAP,endothelial,True,train
AZI_ACTTATCAGATTGATG-1,rat,AZI,gCAP,gCAP,endothelial,True,train
AZI_ACTTATCCATTGAAAG-1,rat,AZI,gCAP,gCAP,endothelial,True,train
AZI_AGAACAAGTCGCTCGA-1,rat,AZI,gCAP,gCAP,endothelial,True,test
AZI_AGAAGCGAGGCAATGC-1,rat,AZI,gCAP,gCAP,endothelial,True,train
AZI_AGAAGTAAGATACGAT-1,rat,AZI,gCAP,gCAP,endothelial,True,train
AZI_AGAAGTAAGCAGCAGT-1,rat,AZI,gCAP,gCAP,endothelial,True,train
AZI_AGAAGTATCTCATGCC-1,rat,AZI,gCAP,gCAP,endothelial,True,train
AZI_AGACACTCATTGAGGG-1,rat,AZI,gCAP,gCAP,endothelial,True,train
AZI_AGACACTTCAGCCTCT-1,rat,AZI,gCAP,gCAP,endothelial,True,train
AZI_AGACAGGAGGGATCGT-1,rat,AZI,gCAP,gCAP,endothelial,True,train
AZI_AGACCCGGTGTATACC-1,rat,AZI,gCAP,gCAP,endothelial,True,train
AZI_AGACTCATCGCTGTCT-1,rat,AZI,gCAP,gCAP,endothelial,True,train
AZI_AGAGCAGCACTCCGGA-1,rat,AZI,gCAP,gCAP,endothelial,True,train
AZI_AGAGCCCAGGAACGTC-1,rat,AZI,gCAP,gCAP,endothelial,True,train
AZI_AGATAGAAGCTCCGAC-1,rat,AZI,gCAP,gCAP,endothelial,True,train
AZI_AGATCCAGTTACCGTA-1,rat,AZI,gCAP,gCAP,endothelial,True,train
AZI_AGATGAAGTATGCTTG-1,rat,AZI,gCAP,gCAP,endothelial,True,train
AZI_AGATGCTAGGTCTGGA-1,rat,AZI,gCAP,gCAP,endothelial,True,train
AZI_AGCCAATCAAGCCTGC-1,rat,AZI,gCAP,gCAP,endothelial,True,train
AZI_AGCCAATTCGACATTG-1,rat,AZI,gCAP,gCAP,endothelial,True,train
AZI_AGCCAGCCATGTGACT-1,rat,AZI,gCAP,gCAP,endothelial,True,train
AZI_AGCGATTTCCGCAACG-1,rat,AZI,gCAP,gCAP,endothelial,True,train
AZI_AGCGATTTCTGCTGAA-1,rat,AZI,gCAP,gCAP,endothelial,True,test
AZI_AGCGCCAAGGTTCACT-1,rat,AZI,gCAP,gCAP,endothelial,True,train
AZI_AGCGCTGCAATCCTAG-1,rat,AZI,gCAP,gCAP,endothelial,True,train
AZI_AGCGCTGCACAGCTTA-1,rat,AZI,gCAP,gCAP,endothelial,True,test
AZI_AGCGTATAGTCACACT-1,rat,AZI,gCAP,gCAP,endothelial,True,train
AZI_AGCGTATCAAACACCT-1,rat,AZI,gCAP,gCAP,endothelial,True,train
AZI_AGCGTCGAGAGCCATG-1,rat,AZI,gCAP,gCAP,endothelial,True,train
AZI_AGCTCAATCACCCTCA-1,rat,AZI,gCAP,gCAP,endothelial,True,train
AZI_AGGAATACACTCCGGA-1,rat,AZI,gCAP,gCAP,endothelial,True,train
AZI_AGGAATAGTTGCATTG-1,rat,AZI,gCAP,gCAP,endothelial,True,train
AZI_AGGACTTGTGTTTACG-1,rat,AZI,gCAP,gCAP,endothelial,True,train
AZI_AGGAGGTCACCAGCCA-1,rat,AZI,gCAP,gCAP,endothelial,True,train
AZI_AGGCCACAGGTACAGC-1,rat,AZI,gCAP,gCAP,endothelial,True,test
AZI_AGGGAGTTCGGCAGTC-1,rat,AZI,gCAP,gCAP,endothelial,True,train
AZI_AGGGCCTTCTCCGAGG-1,rat,AZI,gCAP,gCAP,endothelial,True,valid
AZI_AGGGCTCCAATAGTGA-1,rat,AZI,gCAP,gCAP,endothelial,True,test
AZI_AGGGCTCGTGCTGATT-1,rat,AZI,gCAP,gCAP,endothelial,True,train
AZI_AGGGTGATCCCTATTA-1,rat,AZI,gCAP,gCAP,endothelial,True,train
AZI_AGGGTTTCAAGGCGTA-1,rat,AZI,gCAP,gCAP,endothelial,True,test
AZI_AGGTCATTCCGATAAC-1,rat,AZI,gCAP,gCAP,endothelial,True,train
AZI_AGGTTACAGATTGGGC-1,rat,AZI,gCAP,gCAP,endothelial,True,test
AZI_AGGTTACTCCTACCGT-1,rat,AZI,gCAP,gCAP,endothelial,True,train
AZI_AGTCAACTCTGAATGC-1,rat,AZI,gCAP,gCAP,endothelial,True,train
AZI_AGTCACAAGTTGAAGT-1,rat,AZI,gCAP,gCAP,endothelial,True,train
AZI_AGTCACAGTAACCAGG-1,rat,AZI,gCAP,gCAP,endothelial,True,train
AZI_AGTGACTGTTCGGCTG-1,rat,AZI,gCAP,gCAP,endothelial,True,train
AZI_AGTGCCGGTACGAGCA-1,rat,AZI,gCAP,gCAP,endothelial,True,train
AZI_AGTGCCGTCTTTCAGT-1,rat,AZI,gCAP,gCAP,endothelial,True,test
AZI_AGTTCCCAGGTCGAGT-1,rat,AZI,gCAP,gCAP,endothelial,True,train
AZI_AGTTCCCGTTGTGTTG-1,rat,AZI,gCAP,gCAP,endothelial,True,train
AZI_AGTTCGAAGATCGCCC-1,rat,AZI,gCAP,gCAP,endothelial,True,train
AZI_AGTTCGAAGTTTGTCG-1,rat,AZI,gCAP,gCAP,endothelial,True,train
AZI_AGTTCGAGTTCGCGTG-1,rat,AZI,gCAP,gCAP,endothelial,True,train
AZI_AGTTCGATCTGAGAAA-1,rat,AZI,gCAP,gCAP,endothelial,True,train
AZI_ATACCGACATTACGGT-1,rat,AZI,gCAP,gCAP,endothelial,True,train
AZI_ATACTTCGTGCGAGTA-1,rat,AZI,gCAP,gCAP,endothelial,True,test
AZI_ATACTTCTCATGCGGC-1,rat,AZI,gCAP,gCAP,endothelial,True,train
AZI_ATACTTCTCTTGGTCC-1,rat,AZI,gCAP,gCAP,endothelial,True,test
AZI_ATAGGCTAGTCCCTAA-1,rat,AZI,gCAP,gCAP,endothelial,True,train
AZI_ATCATTCGTTTCACTT-1,rat,AZI,gCAP,gCAP,endothelial,True,train
AZI_ATCCACCCATAGTCAC-1,rat,AZI,gCAP,gCAP,endothelial,True,train
AZI_ATCCATTCAGACCCGT-1,rat,AZI,gCAP,gCAP,endothelial,True,train
AZI_ATCCATTGTCAACCTA-1,rat,AZI,gCAP,gCAP,endothelial,True,train
AZI_ATCGCCTGTTGTCTAG-1,rat,AZI,gCAP,gCAP,endothelial,True,train
AZI_ATCGTCCTCGGACTGC-1,rat,AZI,gCAP,gCAP,endothelial,True,test
AZI_ATCGTGAAGCGTTCAT-1,rat,AZI,gCAP,gCAP,endothelial,True,train
AZI_ATCGTGATCCGCTGTT-1,rat,AZI,gCAP,gCAP,endothelial,True,train
AZI_ATGAAAGTCCAACCAA-1,rat,AZI,gCAP,gCAP,endothelial,True,train
AZI_ATGACCAAGGTGCTAG-1,rat,AZI,gCAP,gCAP,endothelial,True,test
AZI_ATGACCATCGGTCGAC-1,rat,AZI,gCAP,gCAP,endothelial,True,train
AZI_ATGATCGGTACTTCCC-1,rat,AZI,gCAP,gCAP,endothelial,True,train
AZI_ATGATCGGTATCGTGT-1,rat,AZI,gCAP,gCAP,endothelial,True,train
AZI_ATGCCTCAGCTTGTGT-1,rat,AZI,gCAP,gCAP,endothelial,True,train
AZI_ATGCCTCTCTAGCAAC-1,rat,AZI,gCAP,gCAP,endothelial,True,test
AZI_ATGGGAGTCGAAGTGG-1,rat,AZI,gCAP,gCAP,endothelial,True,train
AZI_ATGGTTGTCTATACGG-1,rat,AZI,gCAP,gCAP,endothelial,True,train
AZI_ATTACCTCAAAGTATG-1,rat,AZI,gCAP,gCAP,endothelial,True,test
AZI_ATTACCTGTCACGCTG-1,rat,AZI,gCAP,gCAP,endothelial,True,train
AZI_ATTACTCCAAGAGCTG-1,rat,AZI,gCAP,gCAP,endothelial,True,train
AZI_ATTCAGGCACATATCG-1,rat,AZI,gCAP,gCAP,endothelial,True,train
AZI_ATTCATCTCTGAGATC-1,rat,AZI,gCAP,gCAP,endothelial,True,train
AZI_ATTCCTAGTCCAAATC-1,rat,AZI,gCAP,gCAP,endothelial,True,test
AZI_ATTCGTTAGCACACAG-1,rat,AZI,gCAP,gCAP,endothelial,True,train
AZI_ATTCGTTGTTATCTTC-1,rat,AZI,gCAP,gCAP,endothelial,True,train
AZI_ATTCTACCAACCAATC-1,rat,AZI,gCAP,gCAP,endothelial,True,train
AZI_ATTTACCCAGAGTCAG-1,rat,AZI,gCAP,gCAP,endothelial,True,train
AZI_ATTTCACTCGAGTGGA-1,rat,AZI,gCAP,gCAP,endothelial,True,train
AZI_ATTTCTGGTGAAGCTG-1,rat,AZI,gCAP,gCAP,endothelial,True,train
AZI_CAAAGAAAGCCGTTAT-1,rat,AZI,gCAP,gCAP,endothelial,True,test
AZI_CAAAGAATCGGTCGGT-1,rat,AZI,gCAP,gCAP,endothelial,True,train
AZI_CAACAGTAGTTTGAGA-1,rat,AZI,gCAP,gCAP,endothelial,True,train
AZI_CAACAGTTCCGATCTC-1,rat,AZI,gCAP,gCAP,endothelial,True,test
AZI_CAACCTCCACCTTCCA-1,rat,AZI,gCAP,gCAP,endothelial,True,train
AZI_CAACGATAGGACAAGA-1,rat,AZI,gCAP,gCAP,endothelial,True,train
AZI_CAAGAGGAGACTTGTC-1,rat,AZI,gCAP,gCAP,endothelial,True,train
AZI_CAAGAGGCACGCAGTC-1,rat,AZI,gCAP,gCAP,endothelial,True,train
AZI_CAAGAGGGTTCAGCTA-1,rat,AZI,gCAP,gCAP,endothelial,True,train
AZI_CAATGACCACAGCATT-1,rat,AZI,gCAP,gCAP,endothelial,True,train
AZI_CACAGATCAAAGCGTG-1,rat,AZI,gCAP,gCAP,endothelial,True,train
AZI_CACAGATCAGATTTCG-1,rat,AZI,gCAP,gCAP,endothelial,True,train
AZI_CACAGATCATGACGGA-1,rat,AZI,gCAP,gCAP,endothelial,True,train
AZI_CACATGACACAGGATG-1,rat,AZI,gCAP,gCAP,endothelial,True,train
AZI_CACCAAAAGAGGTTAT-1,rat,AZI,gCAP,gCAP,endothelial,True,train
AZI_CACCAAACATACACCA-1,rat,AZI,gCAP,gCAP,endothelial,True,train
AZI_CACGAATCACCCTAGG-1,rat,AZI,gCAP,gCAP,endothelial,True,train
AZI_CACGAATTCGATCCCT-1,rat,AZI,gCAP,gCAP,endothelial,True,train
AZI_CACGGGTTCGTGGCTG-1,rat,AZI,gCAP,gCAP,endothelial,True,train
AZI_CACGTGGGTAGGCAAC-1,rat,AZI,gCAP,gCAP,endothelial,True,train
AZI_CACTAAGTCAGGACGA-1,rat,AZI,gCAP,gCAP,endothelial,True,train
AZI_CACTTCGAGACATCCT-1,rat,AZI,gCAP,gCAP,endothelial,True,train
AZI_CAGAGCCCACGGAAGT-1,rat,AZI,gCAP,gCAP,endothelial,True,train
AZI_CAGATACTCAGTAGGG-1,rat,AZI,gCAP,gCAP,endothelial,True,train
AZI_CAGATCACAGCTATAC-1,rat,AZI,gCAP,gCAP,endothelial,True,train
AZI_CAGATTGCAACTTGCA-1,rat,AZI,gCAP,gCAP,endothelial,True,test
AZI_CAGATTGCACACCGCA-1,rat,AZI,gCAP,gCAP,endothelial,True,train
AZI_CAGATTGGTGAATTGA-1,rat,AZI,gCAP,gCAP,endothelial,True,train
AZI_CAGCCAGAGGCTAACG-1,rat,AZI,gCAP,gCAP,endothelial,True,train
AZI_CAGCGTGCACTTCTCG-1,rat,AZI,gCAP,gCAP,endothelial,True,train
AZI_CAGCGTGGTACGGGAT-1,rat,AZI,gCAP,gCAP,endothelial,True,train
AZI_CAGCGTGTCGGAGCAA-1,rat,AZI,gCAP,gCAP,endothelial,True,train
AZI_CAGGCCAGTTGACGGA-1,rat,AZI,gCAP,gCAP,endothelial,True,train
AZI_CAGGCCATCTTCACGC-1,rat,AZI,gCAP,gCAP,endothelial,True,test
AZI_CAGGTATAGAAACCAT-1,rat,AZI,gCAP,gCAP,endothelial,True,train
AZI_CAGGTATCATATCTCT-1,rat,AZI,gCAP,gCAP,endothelial,True,train
AZI_CAGTGCGGTAGGACTG-1,rat,AZI,gCAP,gCAP,endothelial,True,train
AZI_CAGTTCCAGCCTCATA-1,rat,AZI,gCAP,gCAP,endothelial,True,train
AZI_CATAAGCGTTATAGAG-1,rat,AZI,gCAP,gCAP,endothelial,True,train
AZI_CATACAGCAGTTAGGG-1,rat,AZI,gCAP,gCAP,endothelial,True,train
AZI_CATACTTCATGAGTAA-1,rat,AZI,gCAP,gCAP,endothelial,True,train
AZI_CATAGACCATGTTCAG-1,rat,AZI,gCAP,gCAP,endothelial,True,train
AZI_CATAGACGTTGTGTTG-1,rat,AZI,gCAP,gCAP,endothelial,True,train
AZI_CATCAAGTCAAAGCCT-1,rat,AZI,gCAP,gCAP,endothelial,True,train
AZI_CATCGCTTCAGAACCT-1,rat,AZI,gCAP,gCAP,endothelial,True,train
AZI_CATCGGGAGGTAACTA-1,rat,AZI,gCAP,gCAP,endothelial,True,train
AZI_CATCGGGGTCTTTCAT-1,rat,AZI,gCAP,gCAP,endothelial,True,train
AZI_CATCGTCAGATGGGCT-1,rat,AZI,gCAP,gCAP,endothelial,True,train
AZI_CATGCCTGTACCGGAA-1,rat,AZI,gCAP,gCAP,endothelial,True,train
AZI_CATTCCGGTCAAGCCC-1,rat,AZI,gCAP,gCAP,endothelial,True,train
AZI_CATTCCGGTGTGTCGC-1,rat,AZI,gCAP,gCAP,endothelial,True,test
AZI_CATTCTAGTCGTTGGC-1,rat,AZI,gCAP,gCAP,endothelial,True,train
AZI_CATTGAGGTACCGGCT-1,rat,AZI,gCAP,gCAP,endothelial,True,train
AZI_CATTGAGGTCTACTGA-1,rat,AZI,gCAP,gCAP,endothelial,True,test
AZI_CATTGCCCATGAATCC-1,rat,AZI,gCAP,gCAP,endothelial,True,train
AZI_CATTGTTAGTACGAGC-1,rat,AZI,gCAP,gCAP,endothelial,True,train
AZI_CCAAGCGGTAGGTAGC-1,rat,AZI,gCAP,gCAP,endothelial,True,train
AZI_CCAATTTAGTCTCTGA-1,rat,AZI,gCAP,gCAP,endothelial,True,train
AZI_CCAATTTAGTTCATGC-1,rat,AZI,gCAP,gCAP,endothelial,True,train
AZI_CCACAAAAGATGCGAC-1,rat,AZI,gCAP,gCAP,endothelial,True,train
AZI_CCACAAACATGAGGGT-1,rat,AZI,gCAP,gCAP,endothelial,True,train
AZI_CCACAAATCGAGCCTG-1,rat,AZI,gCAP,gCAP,endothelial,True,train
AZI_CCACGAGCAGAACGCA-1,rat,AZI,gCAP,gCAP,endothelial,True,test
AZI_CCACTTGGTCAACATC-1,rat,AZI,gCAP,gCAP,endothelial,True,train
AZI_CCATAAGAGAATAGTC-1,rat,AZI,gCAP,gCAP,endothelial,True,test
AZI_CCATAAGCATACTTTC-1,rat,AZI,gCAP,gCAP,endothelial,True,train
AZI_CCATCACTCGCATAGT-1,rat,AZI,gCAP,gCAP,endothelial,True,train
AZI_CCCTCAAAGGGATCTG-1,rat,AZI,gCAP,gCAP,endothelial,True,train
AZI_CCCTCTCGTTACGATC-1,rat,AZI,gCAP,gCAP,endothelial,True,train
AZI_CCCTGATAGGTAGTAT-1,rat,AZI,gCAP,gCAP,endothelial,True,train
AZI_CCCTGATCAGCTTTCC-1,rat,AZI,gCAP,gCAP,endothelial,True,train
AZI_CCCTGATGTCGGCTAC-1,rat,AZI,gCAP,gCAP,endothelial,True,train
AZI_CCCTGATTCGCAATTG-1,rat,AZI,gCAP,gCAP,endothelial,True,train
AZI_CCCTTAGAGCCTCAGC-1,rat,AZI,gCAP,gCAP,endothelial,True,test
AZI_CCCTTAGCAACAAGTA-1,rat,AZI,gCAP,gCAP,endothelial,True,train
AZI_CCGAACGTCACGGACC-1,rat,AZI,gCAP,gCAP,endothelial,True,train
AZI_CCGATCTGTAGACGGT-1,rat,AZI,gCAP,gCAP,endothelial,True,train
AZI_CCGATGGGTGTTGCCG-1,rat,AZI,gCAP,gCAP,endothelial,True,train
AZI_CCGGACACAACACAGG-1,rat,AZI,gCAP,gCAP,endothelial,True,train
AZI_CCGGACACAGATACCT-1,rat,AZI,gCAP,gCAP,endothelial,True,train
AZI_CCGGACACAGGTAGTG-1,rat,AZI,gCAP,gCAP,endothelial,True,train
AZI_CCGGACAGTGGCCCAT-1,rat,AZI,gCAP,gCAP,endothelial,True,train
AZI_CCGGACATCACCTACC-1,rat,AZI,gCAP,gCAP,endothelial,True,train
AZI_CCGGGTAGTGGGTTGA-1,rat,AZI,gCAP,gCAP,endothelial,True,train
AZI_CCGGGTATCCATCTGC-1,rat,AZI,gCAP,gCAP,endothelial,True,train
AZI_CCGTAGGAGTCGGCAA-1,rat,AZI,gCAP,gCAP,endothelial,True,train
AZI_CCGTGAGAGCTGGCTC-1,rat,AZI,gCAP,gCAP,endothelial,True,test
AZI_CCGTTCAGTTACGGAG-1,rat,AZI,gCAP,gCAP,endothelial,True,train
AZI_CCTACGTAGCATGAAT-1,rat,AZI,gCAP,gCAP,endothelial,True,train
AZI_CCTACGTTCACTTTGT-1,rat,AZI,gCAP,gCAP,endothelial,True,train
AZI_CCTATCGCAGCCTACG-1,rat,AZI,gCAP,gCAP,endothelial,True,train
AZI_CCTCAACGTCGAGTTT-1,rat,AZI,gCAP,gCAP,endothelial,True,train
AZI_CCTCACAAGAAGTGTT-1,rat,AZI,gCAP,gCAP,endothelial,True,test
AZI_CCTCAGTTCCGTTGAA-1,rat,AZI,gCAP,gCAP,endothelial,True,test
AZI_CCTCATGAGGTCGACA-1,rat,AZI,gCAP,gCAP,endothelial,True,train
AZI_CCTCCAACAAGACGAC-1,rat,AZI,gCAP,gCAP,endothelial,True,test
AZI_CCTCCAACAGTATTCG-1,rat,AZI,gCAP,gCAP,endothelial,True,train
AZI_CCTCCTCGTCGCAACC-1,rat,AZI,gCAP,gCAP,endothelial,True,train
AZI_CCTCTAGTCATCTACT-1,rat,AZI,gCAP,gCAP,endothelial,True,train
AZI_CCTCTAGTCTGCGGGT-1,rat,AZI,gCAP,gCAP,endothelial,True,train
AZI_CCTCTCCCAAACCACT-1,rat,AZI,gCAP,gCAP,endothelial,True,train
AZI_CCTTCAGGTGGTAACG-1,rat,AZI,gCAP,gCAP,endothelial,True,train
AZI_CCTTGTGAGTCATACC-1,rat,AZI,gCAP,gCAP,endothelial,True,train
AZI_CCTTGTGCACTGAGGA-1,rat,AZI,gCAP,gCAP,endothelial,True,train
AZI_CCTTTGGTCGCCGTGA-1,rat,AZI,gCAP,gCAP,endothelial,True,train
AZI_CGAAGGAAGACGACGT-1,rat,AZI,gCAP,gCAP,endothelial,True,test
AZI_CGAAGTTGTTTACTGG-1,rat,AZI,gCAP,gCAP,endothelial,True,train
AZI_CGAATTGGTCTAGGCC-1,rat,AZI,gCAP,gCAP,endothelial,True,train
AZI_CGACAGCAGGGTGAAA-1,rat,AZI,gCAP,gCAP,endothelial,True,train
AZI_CGAGAAGCATAGGAGC-1,rat,AZI,gCAP,gCAP,endothelial,True,train
AZI_CGAGGCTAGTTGCCTA-1,rat,AZI,gCAP,gCAP,endothelial,True,train
AZI_CGAGGCTCACACACGC-1,rat,AZI,gCAP,gCAP,endothelial,True,train
AZI_CGCATGGAGCAGCCTC-1,rat,AZI,gCAP,gCAP,endothelial,True,test
AZI_CGCATGGAGGTGCAGT-1,rat,AZI,gCAP,gCAP,endothelial,True,train
AZI_CGCGTGAAGTTCCAGT-1,rat,AZI,gCAP,gCAP,endothelial,True,train
AZI_CGCGTGATCAGTAGGG-1,rat,AZI,gCAP,gCAP,endothelial,True,train
AZI_CGGAATTTCTGGGCAC-1,rat,AZI,gCAP,gCAP,endothelial,True,train
AZI_CGGACACAGTTCCAGT-1,rat,AZI,gCAP,gCAP,endothelial,True,train
AZI_CGGGACTTCCGCCTAT-1,rat,AZI,gCAP,gCAP,endothelial,True,train
AZI_CGGGCATTCATTGTTC-1,rat,AZI,gCAP,gCAP,endothelial,True,train
AZI_CGGGTGTCAATTTCTC-1,rat,AZI,gCAP,gCAP,endothelial,True,train
AZI_CGTAAGTCATCCCGTT-1,rat,AZI,gCAP,gCAP,endothelial,True,train
AZI_CGTAAGTGTTGTCATG-1,rat,AZI,gCAP,gCAP,endothelial,True,train
AZI_CGTAATGAGCCGGATA-1,rat,AZI,gCAP,gCAP,endothelial,True,test
AZI_CGTCAAAAGGGATGTC-1,rat,AZI,gCAP,gCAP,endothelial,True,train
AZI_CGTCCATGTTAAGACA-1,rat,AZI,gCAP,gCAP,endothelial,True,train
AZI_CGTGAATGTAAGGAGA-1,rat,AZI,gCAP,gCAP,endothelial,True,train
AZI_CGTTGGGAGGGAGGCA-1,rat,AZI,gCAP,gCAP,endothelial,True,train
AZI_CTAACTTTCTCTAAGG-1,rat,AZI,gCAP,gCAP,endothelial,True,train
AZI_CTACGGGAGTCATGCT-1,rat,AZI,gCAP,gCAP,endothelial,True,train
AZI_CTATCCGCATTGGATC-1,rat,AZI,gCAP,gCAP,endothelial,True,train
AZI_CTATCCGTCCGTTGGG-1,rat,AZI,gCAP,gCAP,endothelial,True,train
AZI_CTATCTATCAAAGACA-1,rat,AZI,gCAP,gCAP,endothelial,True,train
AZI_CTCAATTCACATACGT-1,rat,AZI,gCAP,gCAP,endothelial,True,test
AZI_CTCACTGAGCAATAGT-1,rat,AZI,gCAP,gCAP,endothelial,True,train
AZI_CTCACTGGTTATGACC-1,rat,AZI,gCAP,gCAP,endothelial,True,train
AZI_CTCAGGGGTACGATCT-1,rat,AZI,gCAP,gCAP,endothelial,True,train
AZI_CTCAGGGGTAGGAAAG-1,rat,AZI,gCAP,gCAP,endothelial,True,train
AZI_CTCAGTCCATGTGTCA-1,rat,AZI,gCAP,gCAP,endothelial,True,train
AZI_CTCAGTCTCGCGTGAC-1,rat,AZI,gCAP,gCAP,endothelial,True,train
AZI_CTCAGTCTCGTAGTGT-1,rat,AZI,gCAP,gCAP,endothelial,True,test
AZI_CTCATGCAGCCGTTGC-1,rat,AZI,gCAP,gCAP,endothelial,True,train
AZI_CTCCGATTCACCGGGT-1,rat,AZI,gCAP,gCAP,endothelial,True,train
AZI_CTCCGATTCGCCTAGG-1,rat,AZI,gCAP,gCAP,endothelial,True,train
AZI_CTCCTCCGTATGGAAT-1,rat,AZI,gCAP,gCAP,endothelial,True,train
AZI_CTCTCGAAGGGTGAGG-1,rat,AZI,gCAP,gCAP,endothelial,True,train
AZI_CTCTCGAAGTTCCGGC-1,rat,AZI,gCAP,gCAP,endothelial,True,train
AZI_CTCTGGTCACAGAAGC-1,rat,AZI,gCAP,gCAP,endothelial,True,train
AZI_CTCTGGTCACGAGGAT-1,rat,AZI,gCAP,gCAP,endothelial,True,train
AZI_CTCTGGTCAGTCTGGC-1,rat,AZI,gCAP,gCAP,endothelial,True,test
AZI_CTGAGGCAGGTGGGTT-1,rat,AZI,gCAP,gCAP,endothelial,True,train
AZI_CTGATCCGTGCAAGAC-1,rat,AZI,gCAP,gCAP,endothelial,True,train
AZI_CTGCAGGAGCCAAGTG-1,rat,AZI,gCAP,gCAP,endothelial,True,train
AZI_CTGCAGGAGTCTAACC-1,rat,AZI,gCAP,gCAP,endothelial,True,test
AZI_CTGCATCCATTGGCAT-1,rat,AZI,gCAP,gCAP,endothelial,True,train
AZI_CTGCATCTCGGTCGAC-1,rat,AZI,gCAP,gCAP,endothelial,True,train
AZI_CTGCCTACATAGCTGT-1,rat,AZI,gCAP,gCAP,endothelial,True,train
AZI_CTGCTCAAGTCCTACA-1,rat,AZI,gCAP,gCAP,endothelial,True,train
AZI_CTGGACGCAACTCCAA-1,rat,AZI,gCAP,gCAP,endothelial,True,train
AZI_CTGGCAGCAAGTGACG-1,rat,AZI,gCAP,gCAP,endothelial,True,train
AZI_CTGGCAGCATTCTCTA-1,rat,AZI,gCAP,gCAP,endothelial,True,train
AZI_CTGGTCTCAGTTCACA-1,rat,AZI,gCAP,gCAP,endothelial,True,test
AZI_CTGTAGAAGTATGAAC-1,rat,AZI,gCAP,gCAP,endothelial,True,train
AZI_CTGTAGATCTCTCAAT-1,rat,AZI,gCAP,gCAP,endothelial,True,train
AZI_CTGTATTCATCACCAA-1,rat,AZI,gCAP,gCAP,endothelial,True,train
AZI_CTGTCGTTCGCGCTGA-1,rat,AZI,gCAP,gCAP,endothelial,True,test
AZI_CTTACCGTCAGCCTCT-1,rat,AZI,gCAP,gCAP,endothelial,True,train
AZI_CTTAGGATCGTGACTA-1,rat,AZI,gCAP,gCAP,endothelial,True,test
AZI_CTTCAATAGAGCCATG-1,rat,AZI,gCAP,gCAP,endothelial,True,train
AZI_CTTCGGTTCCACCTGT-1,rat,AZI,gCAP,gCAP,endothelial,True,test
AZI_CTTCTCTGTCCAAATC-1,rat,AZI,gCAP,gCAP,endothelial,True,train
AZI_GAACGTTTCCATATGG-1,rat,AZI,gCAP,gCAP,endothelial,True,train
AZI_GAAGAATCACAACGAG-1,rat,AZI,gCAP,gCAP,endothelial,True,test
AZI_GAAGGGTGTCCTCATC-1,rat,AZI,gCAP,gCAP,endothelial,True,train
AZI_GAATAGACAGACAATA-1,rat,AZI,gCAP,gCAP,endothelial,True,test
AZI_GAATCACTCGAGTGAG-1,rat,AZI,gCAP,gCAP,endothelial,True,train
AZI_GACACGCCACATGACT-1,rat,AZI,gCAP,gCAP,endothelial,True,test
AZI_GACAGCCCACTTGGGC-1,rat,AZI,gCAP,gCAP,endothelial,True,test
AZI_GACATCAGTCAGATTC-1,rat,AZI,gCAP,gCAP,endothelial,True,train
AZI_GACCAATTCTAAGCCA-1,rat,AZI,gCAP,gCAP,endothelial,True,train
AZI_GACCCAGAGACTACGG-1,rat,AZI,gCAP,gCAP,endothelial,True,train
AZI_GACCCAGCAGCAGTAG-1,rat,AZI,gCAP,gCAP,endothelial,True,train
AZI_GACCCAGCAGGTACGA-1,rat,AZI,gCAP,gCAP,endothelial,True,train
AZI_GACCGTGCAACTGAAA-1,rat,AZI,gCAP,gCAP,endothelial,True,train
AZI_GACCGTGCATATTCGG-1,rat,AZI,gCAP,gCAP,endothelial,True,train
AZI_GACCGTGGTACGATCT-1,rat,AZI,gCAP,gCAP,endothelial,True,train
AZI_GACCTTCGTCTACACA-1,rat,AZI,gCAP,gCAP,endothelial,True,train
AZI_GACCTTCTCCTGTTAT-1,rat,AZI,gCAP,gCAP,endothelial,True,train
AZI_GACTATGTCCTACCAC-1,rat,AZI,gCAP,gCAP,endothelial,True,test
AZI_GACTCAATCTTCGTGC-1,rat,AZI,gCAP,gCAP,endothelial,True,train
AZI_GACTGATCAGTAACAA-1,rat,AZI,gCAP,gCAP,endothelial,True,test
AZI_GAGCTGCTCTCTCGCA-1,rat,AZI,gCAP,gCAP,endothelial,True,train
AZI_GAGGCAAAGCCGCTTG-1,rat,AZI,gCAP,gCAP,endothelial,True,train
AZI_GAGGCCTCAGATCCAT-1,rat,AZI,gCAP,gCAP,endothelial,True,train
AZI_GAGTCATAGTTCTACG-1,rat,AZI,gCAP,gCAP,endothelial,True,train
AZI_GAGTCATTCGGTTCAA-1,rat,AZI,gCAP,gCAP,endothelial,True,train
AZI_GAGTGAGAGGGCCCTT-1,rat,AZI,gCAP,gCAP,endothelial,True,train
AZI_GAGTGAGGTGAGTAGC-1,rat,AZI,gCAP,gCAP,endothelial,True,train
AZI_GAGTGTTTCATATGGC-1,rat,AZI,gCAP,gCAP,endothelial,True,train
AZI_GAGTTACGTCTTCGAA-1,rat,AZI,gCAP,gCAP,endothelial,True,train
AZI_GATCCCTCAGACAAAT-1,rat,AZI,gCAP,gCAP,endothelial,True,train
AZI_GATCCCTCAGCTCTGG-1,rat,AZI,gCAP,gCAP,endothelial,True,train
AZI_GATCGTATCACCTCAC-1,rat,AZI,gCAP,gCAP,endothelial,True,train
AZI_GATGAGGGTCCAGCCA-1,rat,AZI,gCAP,gCAP,endothelial,True,train
AZI_GATGATCAGGGTGGGA-1,rat,AZI,gCAP,gCAP,endothelial,True,train
AZI_GATGTTGCAGCGTACC-1,rat,AZI,gCAP,gCAP,endothelial,True,train
AZI_GATTCGAAGCATGATA-1,rat,AZI,gCAP,gCAP,endothelial,True,train
AZI_GATTGGTAGAGTAACT-1,rat,AZI,gCAP,gCAP,endothelial,True,train
AZI_GATTTCTTCCACGTGG-1,rat,AZI,gCAP,gCAP,endothelial,True,train
AZI_GCAACATTCCATTCGC-1,rat,AZI,gCAP,gCAP,endothelial,True,test
AZI_GCAACCGGTACGGTTT-1,rat,AZI,gCAP,gCAP,endothelial,True,train
AZI_GCAGCCAAGACGCCCT-1,rat,AZI,gCAP,gCAP,endothelial,True,train
AZI_GCAGCCAGTACAAACA-1,rat,AZI,gCAP,gCAP,endothelial,True,valid
AZI_GCAGGCTAGGAGTATT-1,rat,AZI,gCAP,gCAP,endothelial,True,train
AZI_GCCAGGTAGCGTGTTT-1,rat,AZI,gCAP,gCAP,endothelial,True,train
AZI_GCCAGGTGTTCTCGTC-1,rat,AZI,gCAP,gCAP,endothelial,True,train
AZI_GCCAGTGAGGGCAGAG-1,rat,AZI,gCAP,gCAP,endothelial,True,test
AZI_GCCCAGACACTCCACT-1,rat,AZI,gCAP,gCAP,endothelial,True,train
AZI_GCCCAGAGTGGCTGAA-1,rat,AZI,gCAP,gCAP,endothelial,True,train
AZI_GCCCAGAGTGGGAGAG-1,rat,AZI,gCAP,gCAP,endothelial,True,train
AZI_GCCCGAATCCAGCAAT-1,rat,AZI,gCAP,gCAP,endothelial,True,train
AZI_GCCTGTTCAGAAACCG-1,rat,AZI,gCAP,gCAP,endothelial,True,train
AZI_GCGATCGGTATCGATC-1,rat,AZI,gCAP,gCAP,endothelial,True,train
AZI_GCGTGCATCCGCGATG-1,rat,AZI,gCAP,gCAP,endothelial,True,train
AZI_GCTCAAAGTACAAGCG-1,rat,AZI,gCAP,gCAP,endothelial,True,train
AZI_GCTCAAAGTAGTCCTA-1,rat,AZI,gCAP,gCAP,endothelial,True,train
AZI_GCTCAAATCATGAGGG-1,rat,AZI,gCAP,gCAP,endothelial,True,train
AZI_GCTGAATTCACAGTGT-1,rat,AZI,gCAP,gCAP,endothelial,True,train
AZI_GCTGGGTCACTTACAG-1,rat,AZI,gCAP,gCAP,endothelial,True,train
AZI_GCTTCACCACAGTCGC-1,rat,AZI,gCAP,gCAP,endothelial,True,train
AZI_GGAGATGCAAATGAGT-1,rat,AZI,gCAP,gCAP,endothelial,True,train
AZI_GGCGTCATCCATCGTC-1,rat,AZI,gCAP,gCAP,endothelial,True,train
AZI_GGCGTCATCGCGGTAC-1,rat,AZI,gCAP,gCAP,endothelial,True,train
AZI_GGCTTGGCAGGTGTTT-1,rat,AZI,gCAP,gCAP,endothelial,True,train
AZI_GGGAAGTAGACCATTC-1,rat,AZI,gCAP,gCAP,endothelial,True,train
AZI_GGGACAAAGTAGGATT-1,rat,AZI,gCAP,gCAP,endothelial,True,train
AZI_GGGAGATTCGCAAGAG-1,rat,AZI,gCAP,gCAP,endothelial,True,train
AZI_GGGAGTATCTAGGCAT-1,rat,AZI,gCAP,gCAP,endothelial,True,train
AZI_GGGCGTTTCTCATTTG-1,rat,AZI,gCAP,gCAP,endothelial,True,train
AZI_GGGTAGACACGCTGAC-1,rat,AZI,gCAP,gCAP,endothelial,True,test
AZI_GGGTCTGGTATCGCAT-1,rat,AZI,gCAP,gCAP,endothelial,True,train
AZI_GGGTGTCAGTGTTCCA-1,rat,AZI,gCAP,gCAP,endothelial,True,train
AZI_GGGTGTCTCATGGCCG-1,rat,AZI,gCAP,gCAP,endothelial,True,train
AZI_GGGTTATTCTCTCAAT-1,rat,AZI,gCAP,gCAP,endothelial,True,train
AZI_GGTAATCAGTCTAGAA-1,rat,AZI,gCAP,gCAP,endothelial,True,train
AZI_GGTAATCGTTCCAAAC-1,rat,AZI,gCAP,gCAP,endothelial,True,train
AZI_GGTAGAGCACGACGTC-1,rat,AZI,gCAP,gCAP,endothelial,True,train
AZI_GGTGGCTTCCGCGATG-1,rat,AZI,gCAP,gCAP,endothelial,True,train
AZI_GGTTGTAAGTCGAATA-1,rat,AZI,gCAP,gCAP,endothelial,True,test
AZI_GGTTGTACAGAGTCTT-1,rat,AZI,gCAP,gCAP,endothelial,True,train
AZI_GTAACACAGGAAAGTG-1,rat,AZI,gCAP,gCAP,endothelial,True,train
AZI_GTAAGTCAGAGAGGGC-1,rat,AZI,gCAP,gCAP,endothelial,True,train
AZI_GTAAGTCCAGCGAACA-1,rat,AZI,gCAP,gCAP,endothelial,True,train
AZI_GTAATGCAGTCAGCGA-1,rat,AZI,gCAP,gCAP,endothelial,True,train
AZI_GTACAACTCGACATTG-1,rat,AZI,gCAP,gCAP,endothelial,True,train
AZI_GTAGATCCAACCCTAA-1,rat,AZI,gCAP,gCAP,endothelial,True,train
AZI_GTAGATCCAGACGATG-1,rat,AZI,gCAP,gCAP,endothelial,True,train
AZI_GTAGCTAAGACGGATC-1,rat,AZI,gCAP,gCAP,endothelial,True,train
AZI_GTAGGTTCAGTAACAA-1,rat,AZI,gCAP,gCAP,endothelial,True,train
AZI_GTAGTACTCACTGAAC-1,rat,AZI,gCAP,gCAP,endothelial,True,train
AZI_GTATTGGAGTGCAGGT-1,rat,AZI,gCAP,gCAP,endothelial,True,train
AZI_GTATTTCCATGTTACG-1,rat,AZI,gCAP,gCAP,endothelial,True,train
AZI_GTCAAACCAAGCCATT-1,rat,AZI,gCAP,gCAP,endothelial,True,train
AZI_GTCAAGTAGGGAGGAC-1,rat,AZI,gCAP,gCAP,endothelial,True,train
AZI_GTCAAGTCAAGACAAT-1,rat,AZI,gCAP,gCAP,endothelial,True,train
AZI_GTCAAGTGTCTGTCCT-1,rat,AZI,gCAP,gCAP,endothelial,True,train
AZI_GTCAAGTGTTTCCCAC-1,rat,AZI,gCAP,gCAP,endothelial,True,train
AZI_GTCAAGTTCTGAGTCA-1,rat,AZI,gCAP,gCAP,endothelial,True,train
AZI_GTCACGGTCCCTCGAT-1,rat,AZI,gCAP,gCAP,endothelial,True,train
AZI_GTCACTCGTGTAAACA-1,rat,AZI,gCAP,gCAP,endothelial,True,train
AZI_GTCAGCGCAGGCACTC-1,rat,AZI,gCAP,gCAP,endothelial,True,train
AZI_GTCAGCGGTGCAGTGA-1,rat,AZI,gCAP,gCAP,endothelial,True,train
AZI_GTCCCATAGCGGCTCT-1,rat,AZI,gCAP,gCAP,endothelial,True,train
AZI_GTCCTCAGTGGTCTAT-1,rat,AZI,gCAP,gCAP,endothelial,True,train
AZI_GTCTACCGTCTGTGCG-1,rat,AZI,gCAP,gCAP,endothelial,True,test
AZI_GTCTCACCACAGCGCT-1,rat,AZI,gCAP,gCAP,endothelial,True,train
AZI_GTCTCACGTACAAGCG-1,rat,AZI,gCAP,gCAP,endothelial,True,train
AZI_GTCTCACGTTCTCGCT-1,rat,AZI,gCAP,gCAP,endothelial,True,train
AZI_GTCTCACTCCGATCGG-1,rat,AZI,gCAP,gCAP,endothelial,True,train
AZI_GTGACGCGTTGATGTC-1,rat,AZI,gCAP,gCAP,endothelial,True,train
AZI_GTGAGCCGTCTTACAG-1,rat,AZI,gCAP,gCAP,endothelial,True,test
AZI_GTGAGGAGTCTTTCAT-1,rat,AZI,gCAP,gCAP,endothelial,True,train
AZI_GTGCAGCCAATCTAGC-1,rat,AZI,gCAP,gCAP,endothelial,True,test
AZI_GTGCGTGCACTAAACC-1,rat,AZI,gCAP,gCAP,endothelial,True,train
AZI_GTGCTGGTCACTACTT-1,rat,AZI,gCAP,gCAP,endothelial,True,train
AZI_GTGGAAGCAGGCCTGT-1,rat,AZI,gCAP,gCAP,endothelial,True,train
AZI_GTGGCGTCAGCCATTA-1,rat,AZI,gCAP,gCAP,endothelial,True,train
AZI_GTGTAACTCTGCTTTA-1,rat,AZI,gCAP,gCAP,endothelial,True,train
AZI_GTGTCCTGTCTCAGAT-1,rat,AZI,gCAP,gCAP,endothelial,True,train
AZI_GTGTGGCAGACGACGT-1,rat,AZI,gCAP,gCAP,endothelial,True,test
AZI_GTGTGGCAGCACTCAT-1,rat,AZI,gCAP,gCAP,endothelial,True,train
AZI_GTGTGGCAGCATGAAT-1,rat,AZI,gCAP,gCAP,endothelial,True,test
AZI_GTGTTAGGTAACAAGT-1,rat,AZI,gCAP,gCAP,endothelial,True,train
AZI_GTGTTCCTCTCCCAAC-1,rat,AZI,gCAP,gCAP,endothelial,True,train
AZI_GTTAGACTCCCGGTAG-1,rat,AZI,gCAP,gCAP,endothelial,True,train
AZI_GTTAGACTCGTGGCGT-1,rat,AZI,gCAP,gCAP,endothelial,True,train
AZI_GTTAGTGAGACGGAAA-1,rat,AZI,gCAP,gCAP,endothelial,True,train
AZI_GTTAGTGGTCGCTGCA-1,rat,AZI,gCAP,gCAP,endothelial,True,train
AZI_GTTATGGAGCGAGAAA-1,rat,AZI,gCAP,gCAP,endothelial,True,test
AZI_GTTCATTGTCTGCATA-1,rat,AZI,gCAP,gCAP,endothelial,True,train
AZI_GTTCGCTGTGCCTTCT-1,rat,AZI,gCAP,gCAP,endothelial,True,test
AZI_GTTCGCTTCCGTCACT-1,rat,AZI,gCAP,gCAP,endothelial,True,train
AZI_GTTCGCTTCGCATTAG-1,rat,AZI,gCAP,gCAP,endothelial,True,train
AZI_GTTGAACGTTGACTAC-1,rat,AZI,gCAP,gCAP,endothelial,True,train
AZI_GTTGTAGGTGAGACGT-1,rat,AZI,gCAP,gCAP,endothelial,True,train
AZI_GTTTACTAGGAGGTTC-1,rat,AZI,gCAP,gCAP,endothelial,True,test
AZI_GTTTGGATCAGCACCG-1,rat,AZI,gCAP,gCAP,endothelial,True,train
AZI_TAACACGTCAAGTCTG-1,rat,AZI,gCAP,gCAP,endothelial,True,train
AZI_TAACACGTCTACGCAA-1,rat,AZI,gCAP,gCAP,endothelial,True,train
AZI_TAACGACCATCGAAGG-1,rat,AZI,gCAP,gCAP,endothelial,True,train
AZI_TAACTTCGTCTAACGT-1,rat,AZI,gCAP,gCAP,endothelial,True,test
AZI_TAAGCCACACCCTTGT-1,rat,AZI,gCAP,gCAP,endothelial,True,train
AZI_TAAGCGTTCCGCTAGG-1,rat,AZI,gCAP,gCAP,endothelial,True,train
AZI_TAAGTCGAGCATGAAT-1,rat,AZI,gCAP,gCAP,endothelial,True,test
AZI_TAATCTCCAGCGAACA-1,rat,AZI,gCAP,gCAP,endothelial,True,train
AZI_TAATTCCGTGGGTCAA-1,rat,AZI,gCAP,gCAP,endothelial,True,test
AZI_TACAGGTCACCATAAC-1,rat,AZI,gCAP,gCAP,endothelial,True,train
AZI_TACATTCCAGTCGGTC-1,rat,AZI,gCAP,gCAP,endothelial,True,train
AZI_TACCCACAGGTAGTAT-1,rat,AZI,gCAP,gCAP,endothelial,True,train
AZI_TACCCACGTCGCCTAG-1,rat,AZI,gCAP,gCAP,endothelial,True,train
AZI_TACCCGTTCTATTGTC-1,rat,AZI,gCAP,gCAP,endothelial,True,test
AZI_TACCTCGAGAGCACTG-1,rat,AZI,gCAP,gCAP,endothelial,True,train
AZI_TACCTCGCAAGGCCTC-1,rat,AZI,gCAP,gCAP,endothelial,True,train
AZI_TACCTGCAGTGCCAGA-1,rat,AZI,gCAP,gCAP,endothelial,True,train
AZI_TACGGTATCCGTAATG-1,rat,AZI,gCAP,gCAP,endothelial,True,test
AZI_TACTTACTCCGGTAAT-1,rat,AZI,gCAP,gCAP,endothelial,True,train
AZI_TACTTCAGTCACTGAT-1,rat,AZI,gCAP,gCAP,endothelial,True,train
AZI_TACTTGTAGCGCACAA-1,rat,AZI,gCAP,gCAP,endothelial,True,train
AZI_TACTTGTGTTGAGGAC-1,rat,AZI,gCAP,gCAP,endothelial,True,valid
AZI_TAGACCAGTGGATACG-1,rat,AZI,gCAP,gCAP,endothelial,True,train
AZI_TAGATCGAGCGCCTAC-1,rat,AZI,gCAP,gCAP,endothelial,True,train
AZI_TAGCACATCGGTAACT-1,rat,AZI,gCAP,gCAP,endothelial,True,test
AZI_TAGTGCATCTAGTGTG-1,rat,AZI,gCAP,gCAP,endothelial,True,train
AZI_TATCAGGCAAATCGGG-1,rat,AZI,gCAP,gCAP,endothelial,True,train
AZI_TATCAGGCACACGTGC-1,rat,AZI,gCAP,gCAP,endothelial,True,train
AZI_TATCAGGTCCGCAACG-1,rat,AZI,gCAP,gCAP,endothelial,True,test
AZI_TATCAGGTCTCTAGGA-1,rat,AZI,gCAP,gCAP,endothelial,True,train
AZI_TATCCTATCAATCTTC-1,rat,AZI,gCAP,gCAP,endothelial,True,train
AZI_TATCTTGCAATAGAGT-1,rat,AZI,gCAP,gCAP,endothelial,True,train
AZI_TATTCCACAATGCTCA-1,rat,AZI,gCAP,gCAP,endothelial,True,train
AZI_TATTGGGAGAACTGAT-1,rat,AZI,gCAP,gCAP,endothelial,True,test
AZI_TCAAGCAGTGGATCAG-1,rat,AZI,gCAP,gCAP,endothelial,True,test
AZI_TCACACCCAGCTCGGT-1,rat,AZI,gCAP,gCAP,endothelial,True,train
AZI_TCAGCAAAGCACCCAC-1,rat,AZI,gCAP,gCAP,endothelial,True,train
AZI_TCAGCAATCCAACACA-1,rat,AZI,gCAP,gCAP,endothelial,True,test
AZI_TCAGGGCAGTCGGGAT-1,rat,AZI,gCAP,gCAP,endothelial,True,train
AZI_TCAGGTATCTTCGTAT-1,rat,AZI,gCAP,gCAP,endothelial,True,train
AZI_TCAGTGACAATCAAGA-1,rat,AZI,gCAP,gCAP,endothelial,True,train
AZI_TCAGTTTGTAGGTACG-1,rat,AZI,gCAP,gCAP,endothelial,True,train
AZI_TCATACTAGCAGGGAG-1,rat,AZI,gCAP,gCAP,endothelial,True,train
AZI_TCATCATCACATCCCT-1,rat,AZI,gCAP,gCAP,endothelial,True,test
AZI_TCATGTTTCTTGGGCG-1,rat,AZI,gCAP,gCAP,endothelial,True,train
AZI_TCATTACTCAACACCA-1,rat,AZI,gCAP,gCAP,endothelial,True,train
AZI_TCATTCACAGCCATTA-1,rat,AZI,gCAP,gCAP,endothelial,True,test
AZI_TCATTGTAGCATAGGC-1,rat,AZI,gCAP,gCAP,endothelial,True,train
AZI_TCATTGTCACATGTTG-1,rat,AZI,gCAP,gCAP,endothelial,True,train
AZI_TCATTTGGTCGGTACC-1,rat,AZI,gCAP,gCAP,endothelial,True,train
AZI_TCATTTGTCGCCAATA-1,rat,AZI,gCAP,gCAP,endothelial,True,train
AZI_TCCACCACACTCACTC-1,rat,AZI,gCAP,gCAP,endothelial,True,train
AZI_TCCAGAACAAGAGAGA-1,rat,AZI,gCAP,gCAP,endothelial,True,train
AZI_TCCATCGGTCACGTGC-1,rat,AZI,gCAP,gCAP,endothelial,True,train
AZI_TCCGAAAAGTATCTGC-1,rat,AZI,gCAP,gCAP,endothelial,True,train
AZI_TCCGAAATCGAAGCAG-1,rat,AZI,gCAP,gCAP,endothelial,True,train
AZI_TCCGATCTCTCATTAC-1,rat,AZI,gCAP,gCAP,endothelial,True,train
AZI_TCCGGGAAGTCGCCAC-1,rat,AZI,gCAP,gCAP,endothelial,True,train
AZI_TCCGGGACAAGTTGGG-1,rat,AZI,gCAP,gCAP,endothelial,True,train
AZI_TCCGGGATCATGGGAG-1,rat,AZI,gCAP,gCAP,endothelial,True,train
AZI_TCCGGGATCATTCATC-1,rat,AZI,gCAP,gCAP,endothelial,True,train
AZI_TCCGTGTGTGGCTCTG-1,rat,AZI,gCAP,gCAP,endothelial,True,valid
AZI_TCCTCGAAGAGCACTG-1,rat,AZI,gCAP,gCAP,endothelial,True,train
AZI_TCCTCGAAGCGCTGCT-1,rat,AZI,gCAP,gCAP,endothelial,True,train
AZI_TCCTCTTCAGGCTTGC-1,rat,AZI,gCAP,gCAP,endothelial,True,train
AZI_TCCTCTTTCCCTCGAT-1,rat,AZI,gCAP,gCAP,endothelial,True,test
AZI_TCGAACACAACAAAGT-1,rat,AZI,gCAP,gCAP,endothelial,True,train
AZI_TCGAAGTGTAGGAAAG-1,rat,AZI,gCAP,gCAP,endothelial,True,train
AZI_TCGACCTAGAGTACCG-1,rat,AZI,gCAP,gCAP,endothelial,True,train
AZI_TCGACGGTCAGTGTCA-1,rat,AZI,gCAP,gCAP,endothelial,True,train
AZI_TCGACGGTCGCCGAAC-1,rat,AZI,gCAP,gCAP,endothelial,True,train
AZI_TCGCACTAGAGCTTTC-1,rat,AZI,gCAP,gCAP,endothelial,True,train
AZI_TCGCACTCATGAATCC-1,rat,AZI,gCAP,gCAP,endothelial,True,train
AZI_TCGCTCACAAGCCATT-1,rat,AZI,gCAP,gCAP,endothelial,True,train
AZI_TCGGATATCCATTCGC-1,rat,AZI,gCAP,gCAP,endothelial,True,train
AZI_TCGGATATCTGGCCTT-1,rat,AZI,gCAP,gCAP,endothelial,True,test
AZI_TCGGGTGAGACAACAT-1,rat,AZI,gCAP,gCAP,endothelial,True,test
AZI_TCGGGTGAGCACCTGC-1,rat,AZI,gCAP,gCAP,endothelial,True,train
AZI_TCGGGTGAGGACCCAA-1,rat,AZI,gCAP,gCAP,endothelial,True,train
AZI_TCGTGCTTCACTGCTC-1,rat,AZI,gCAP,gCAP,endothelial,True,test
AZI_TCGTGGGGTATCGTAC-1,rat,AZI,gCAP,gCAP,endothelial,True,train
AZI_TCTACCGCACGTCATA-1,rat,AZI,gCAP,gCAP,endothelial,True,train
AZI_TCTCACGGTGTCTTCC-1,rat,AZI,gCAP,gCAP,endothelial,True,train
AZI_TCTCAGCTCCGTGTAA-1,rat,AZI,gCAP,gCAP,endothelial,True,train
AZI_TCTCCGATCTTTCCAA-1,rat,AZI,gCAP,gCAP,endothelial,True,train
AZI_TCTTCCTAGCCAGTAG-1,rat,AZI,gCAP,gCAP,endothelial,True,train
AZI_TCTTCCTCATCTTAGG-1,rat,AZI,gCAP,gCAP,endothelial,True,train
AZI_TGAACGTGTACGTACT-1,rat,AZI,gCAP,gCAP,endothelial,True,train
AZI_TGAACGTTCACCATCC-1,rat,AZI,gCAP,gCAP,endothelial,True,train
AZI_TGAATCGAGCGATTCT-1,rat,AZI,gCAP,gCAP,endothelial,True,train
AZI_TGACCCTTCTTCTGTA-1,rat,AZI,gCAP,gCAP,endothelial,True,test
AZI_TGACTCCGTACAAGCG-1,rat,AZI,gCAP,gCAP,endothelial,True,train
AZI_TGAGACTGTTACAGCT-1,rat,AZI,gCAP,gCAP,endothelial,True,train
AZI_TGAGGAGGTCATCGCG-1,rat,AZI,gCAP,gCAP,endothelial,True,train
AZI_TGAGGGATCATGCAGT-1,rat,AZI,gCAP,gCAP,endothelial,True,train
AZI_TGCAGATAGAGGTATT-1,rat,AZI,gCAP,gCAP,endothelial,True,train
AZI_TGCAGGCCAGAACTCT-1,rat,AZI,gCAP,gCAP,endothelial,True,train
AZI_TGCAGTAAGCCACAAG-1,rat,AZI,gCAP,gCAP,endothelial,True,train
AZI_TGCGGGTCAACTGAAA-1,rat,AZI,gCAP,gCAP,endothelial,True,train
AZI_TGCGGGTTCCGAAGGA-1,rat,AZI,gCAP,gCAP,endothelial,True,train
AZI_TGCTCGTTCACATCAG-1,rat,AZI,gCAP,gCAP,endothelial,True,test
AZI_TGCTGAAGTTCGAACT-1,rat,AZI,gCAP,gCAP,endothelial,True,train
AZI_TGCTTGCCAGCTACAT-1,rat,AZI,gCAP,gCAP,endothelial,True,train
AZI_TGGAACTCACGTGAGA-1,rat,AZI,gCAP,gCAP,endothelial,True,train
AZI_TGGAGAGAGCATGAAT-1,rat,AZI,gCAP,gCAP,endothelial,True,test
AZI_TGGAGAGAGTAAATGC-1,rat,AZI,gCAP,gCAP,endothelial,True,train
AZI_TGGAGGAAGTTACGAA-1,rat,AZI,gCAP,gCAP,endothelial,True,train
AZI_TGGAGGACAGACGGAT-1,rat,AZI,gCAP,gCAP,endothelial,True,train
AZI_TGGGAAGAGTGCTACT-1,rat,AZI,gCAP,gCAP,endothelial,True,train
AZI_TGGGAAGCACGTGAGA-1,rat,AZI,gCAP,gCAP,endothelial,True,train
AZI_TGGGATTGTCGGCCTA-1,rat,AZI,gCAP,gCAP,endothelial,True,train
AZI_TGGGCTGAGTAACGAT-1,rat,AZI,gCAP,gCAP,endothelial,True,train
AZI_TGGGCTGGTCTTGCTC-1,rat,AZI,gCAP,gCAP,endothelial,True,train
AZI_TGGTAGTCACATTACG-1,rat,AZI,gCAP,gCAP,endothelial,True,train
AZI_TGTAACGGTTCTGACA-1,rat,AZI,gCAP,gCAP,endothelial,True,train
AZI_TGTAAGCCATGTCTAG-1,rat,AZI,gCAP,gCAP,endothelial,True,train
AZI_TGTACAGAGTCTGCAT-1,rat,AZI,gCAP,gCAP,endothelial,True,train
AZI_TGTAGACAGTAATACG-1,rat,AZI,gCAP,gCAP,endothelial,True,train
AZI_TGTAGACTCCGAGCTG-1,rat,AZI,gCAP,gCAP,endothelial,True,train
AZI_TGTCAGAGTAACATGA-1,rat,AZI,gCAP,gCAP,endothelial,True,train
AZI_TGTCCACAGTAGGAAG-1,rat,AZI,gCAP,gCAP,endothelial,True,train
AZI_TGTCCACTCCGTGCGA-1,rat,AZI,gCAP,gCAP,endothelial,True,train
AZI_TGTGAGTAGGCAGCTA-1,rat,AZI,gCAP,gCAP,endothelial,True,test
AZI_TGTGTGATCCACCCTA-1,rat,AZI,gCAP,gCAP,endothelial,True,train
AZI_TGTTCATAGGGCAAGG-1,rat,AZI,gCAP,gCAP,endothelial,True,train
AZI_TTAATCCAGTTACGGG-1,rat,AZI,gCAP,gCAP,endothelial,True,test
AZI_TTAATCCCAATTAGGA-1,rat,AZI,gCAP,gCAP,endothelial,True,train
AZI_TTAATCCGTGGCTCTG-1,rat,AZI,gCAP,gCAP,endothelial,True,test
AZI_TTAGGCAAGGCTCACC-1,rat,AZI,gCAP,gCAP,endothelial,True,valid
AZI_TTCAATCGTGTATTGC-1,rat,AZI,gCAP,gCAP,endothelial,True,train
AZI_TTCACCGAGCACTAGG-1,rat,AZI,gCAP,gCAP,endothelial,True,train
AZI_TTCACCGGTAACAAGT-1,rat,AZI,gCAP,gCAP,endothelial,True,test
AZI_TTCACGCGTCTAGGCC-1,rat,AZI,gCAP,gCAP,endothelial,True,train
AZI_TTCAGGACAGCCCACA-1,rat,AZI,gCAP,gCAP,endothelial,True,train
AZI_TTCAGGAGTCACAGTT-1,rat,AZI,gCAP,gCAP,endothelial,True,train
AZI_TTCATGTGTGTTCGAT-1,rat,AZI,gCAP,gCAP,endothelial,True,train
AZI_TTCCGTGCATACTTTC-1,rat,AZI,gCAP,gCAP,endothelial,True,train
AZI_TTCCTAACACAAGCCC-1,rat,AZI,gCAP,gCAP,endothelial,True,train
AZI_TTCCTTCAGTATGACA-1,rat,AZI,gCAP,gCAP,endothelial,True,train
AZI_TTCCTTCCAAGTCATC-1,rat,AZI,gCAP,gCAP,endothelial,True,train
AZI_TTCCTTCCACCACTGG-1,rat,AZI,gCAP,gCAP,endothelial,True,test
AZI_TTCGATTTCAAAGGTA-1,rat,AZI,gCAP,gCAP,endothelial,True,train
AZI_TTCTCTCAGAATTTGG-1,rat,AZI,gCAP,gCAP,endothelial,True,train
AZI_TTCTGTAAGGTAGACC-1,rat,AZI,gCAP,gCAP,endothelial,True,train
AZI_TTGAACGCAGGTACGA-1,rat,AZI,gCAP,gCAP,endothelial,True,train
AZI_TTGACCCAGCGTGAAC-1,rat,AZI,gCAP,gCAP,endothelial,True,train
AZI_TTGAGTGGTCCTGTTC-1,rat,AZI,gCAP,gCAP,endothelial,True,train
AZI_TTGCATTAGATTCGAA-1,rat,AZI,gCAP,gCAP,endothelial,True,train
AZI_TTGCTGCAGATGCAGC-1,rat,AZI,gCAP,gCAP,endothelial,True,test
AZI_TTGCTGCGTAGAATGT-1,rat,AZI,gCAP,gCAP,endothelial,True,test
AZI_TTGGGATAGCTTCATG-1,rat,AZI,gCAP,gCAP,endothelial,True,train
AZI_TTGGGTAAGAAGCGGG-1,rat,AZI,gCAP,gCAP,endothelial,True,train
AZI_TTGGTTTGTCATCACA-1,rat,AZI,gCAP,gCAP,endothelial,True,train
AZI_TTGGTTTTCCGCAAAT-1,rat,AZI,gCAP,gCAP,endothelial,True,train
AZI_TTGTTCAGTCCACATA-1,rat,AZI,gCAP,gCAP,endothelial,True,train
AZI_TTGTTGTAGTCCCTAA-1,rat,AZI,gCAP,gCAP,endothelial,True,train
AZI_TTGTTGTCAACTGATC-1,rat,AZI,gCAP,gCAP,endothelial,True,train
AZI_TTGTTGTTCAGACCTA-1,rat,AZI,gCAP,gCAP,endothelial,True,train
AZI_TTTACGTCATTGCTTT-1,rat,AZI,gCAP,gCAP,endothelial,True,train
AZI_TTTACTGGTAGGTAGC-1,rat,AZI,gCAP,gCAP,endothelial,True,test
AZI_TTTACTGTCTGAGGCC-1,rat,AZI,gCAP,gCAP,endothelial,True,train
AZI_TTTAGTCAGTGGAAAG-1,rat,AZI,gCAP,gCAP,endothelial,True,train
AZI_TTTCCTCCATCGTTCC-1,rat,AZI,gCAP,gCAP,endothelial,True,train
AZI_TTTCGATCAGCTCTGG-1,rat,AZI,gCAP,gCAP,endothelial,True,train
AZI_TTTGGAGCATTGCCTC-1,rat,AZI,gCAP,gCAP,endothelial,True,train
AZI_TTTGTTGCAACACAAA-1,rat,AZI,gCAP,gCAP,endothelial,True,train
HO_AACAAGAAGTGATTCC-1,rat,HO,Peri,Peri,mural,True,train
HO_AACCACATCAGACCTA-1,rat,HO,Peri,Peri,mural,True,train
HO_AACTTCTGTCACGCTG-1,rat,HO,Peri,Peri,mural,True,train
HO_AAGATAGTCAGGCGAA-1,rat,HO,Peri,Peri,mural,True,train
HO_AAGGAATAGCTGAGTG-1,rat,HO,Peri,Peri,mural,True,train
HO_AAGGAATTCGTGGTAT-1,rat,HO,Peri,Peri,mural,True,test
HO_AAGGTAAAGGCTCCCA-1,rat,HO,Peri,Peri,mural,True,train
HO_AATCACGTCCGCATAA-1,rat,HO,Peri,Peri,mural,True,train
HO_AATGCCAAGTATGCAA-1,rat,HO,Peri,Peri,mural,True,test
HO_AATGCCAGTTACAGCT-1,rat,HO,Peri,Peri,mural,True,test
HO_AATGGAATCGGCAGTC-1,rat,HO,Peri,Peri,mural,True,train
HO_AATTTCCCATCCGTGG-1,rat,HO,Peri,Peri,mural,True,train
HO_ACAGAAACAAAGCAAT-1,rat,HO,Peri,Peri,mural,True,train
HO_ACATGCAAGCAGCGAT-1,rat,HO,Peri,Peri,mural,True,test
HO_ACCCAAATCCACCTCA-1,rat,HO,Peri,Peri,mural,True,train
HO_ACCTGTCTCGGACGTC-1,rat,HO,Peri,Peri,mural,True,test
HO_ACGATCACAGTGTGGA-1,rat,HO,Peri,Peri,mural,True,train
HO_ACGGAAGCAAACGAGC-1,rat,HO,Peri,Peri,mural,True,train
HO_ACGGTTACACTAAACC-1,rat,HO,Peri,Peri,mural,True,train
HO_ACGTCCTAGACAGCGT-1,rat,HO,Peri,Peri,mural,True,train
HO_ACGTTCCTCAGCTGTA-1,rat,HO,Peri,Peri,mural,True,train
HO_ACTCTCGAGTATGAAC-1,rat,HO,Peri,Peri,mural,True,train
HO_ACTCTCGAGTTTGTCG-1,rat,HO,Peri,Peri,mural,True,train
HO_ACTGTCCCAACCGACC-1,rat,HO,Peri,Peri,mural,True,train
HO_ACTGTGAAGGTCTTTG-1,rat,HO,Peri,Peri,mural,True,train
HO_AGAAGTATCGTTCGCT-1,rat,HO,Peri,Peri,mural,True,train
HO_AGAGCCCCAAGTTGGG-1,rat,HO,Peri,Peri,mural,True,train
HO_AGATGCTTCCGAAGGA-1,rat,HO,Peri,Peri,mural,True,train
HO_AGCCAATAGATTAGCA-1,rat,HO,Peri,Peri,mural,True,train
HO_AGCCACGCAAGTGCTT-1,rat,HO,Peri,Peri,mural,True,train
HO_AGCCACGCACCTGATA-1,rat,HO,Peri,Peri,mural,True,train
HO_AGCCAGCAGGACTAAT-1,rat,HO,Peri,Peri,mural,True,test
HO_AGCGCTGGTGCGAACA-1,rat,HO,Peri,Peri,mural,True,train
HO_AGCTTCCGTGGAACCA-1,rat,HO,Peri,Peri,mural,True,train
HO_AGGAATATCCCATGGG-1,rat,HO,Peri,Peri,mural,True,train
HO_AGGAGGTAGGAATCGC-1,rat,HO,Peri,Peri,mural,True,test
HO_AGGCTGCAGTCCGTCG-1,rat,HO,Peri,Peri,mural,True,train
HO_AGGCTGCTCGCTACAA-1,rat,HO,Peri,Peri,mural,True,train
HO_AGGGCCTAGTGCGCTC-1,rat,HO,Peri,Peri,mural,True,train
HO_AGGTCATAGTACGTCT-1,rat,HO,Peri,Peri,mural,True,train
HO_AGGTTGTTCCGTTTCG-1,rat,HO,Peri,Peri,mural,True,train
HO_AGTGATCGTATTCCTT-1,rat,HO,Peri,Peri,mural,True,train
HO_AGTTAGCAGCCTATCA-1,rat,HO,Peri,Peri,mural,True,train
HO_ATACCTTCATCGAGCC-1,rat,HO,Peri,Peri,mural,True,train
HO_ATCAGGTTCTTTCCGG-1,rat,HO,Peri,Peri,mural,True,train
HO_ATCGATGCAATGAAAC-1,rat,HO,Peri,Peri,mural,True,train
HO_ATCGTAGCATAATCCG-1,rat,HO,Peri,Peri,mural,True,train
HO_ATGCGATTCCGCCTAT-1,rat,HO,Peri,Peri,mural,True,train
HO_ATGGGTTCAGCCTATA-1,rat,HO,Peri,Peri,mural,True,train
HO_ATTCACTAGAGATCGC-1,rat,HO,Peri,Peri,mural,True,train
HO_ATTCACTCAGTTGAAA-1,rat,HO,Peri,Peri,mural,True,train
HO_CAACAACAGCGGTAGT-1,rat,HO,Peri,Peri,mural,True,train
HO_CAACAACCAAGTGATA-1,rat,HO,Peri,Peri,mural,True,test
HO_CAACCAAGTCGAACAG-1,rat,HO,Peri,Peri,mural,True,test
HO_CAACGGCGTCAATCTG-1,rat,HO,Peri,Peri,mural,True,train
HO_CAAGCTATCTCGCTTG-1,rat,HO,Peri,Peri,mural,True,train
HO_CACAGATCAAATGAAC-1,rat,HO,Peri,Peri,mural,True,train
HO_CACCAAACAACAAGAT-1,rat,HO,Peri,Peri,mural,True,train
HO_CACCAAAGTTGAAGTA-1,rat,HO,Peri,Peri,mural,True,train
HO_CACTAAGGTAACATGA-1,rat,HO,Peri,Peri,mural,True,train
HO_CAGGGCTGTGTGGACA-1,rat,HO,Peri,Peri,mural,True,train
HO_CAGGTATAGTCCTGCG-1,rat,HO,Peri,Peri,mural,True,train
HO_CATACCCGTCCAAATC-1,rat,HO,Peri,Peri,mural,True,train
HO_CATACTTCAATTGCGT-1,rat,HO,Peri,Peri,mural,True,train
HO_CATCCACTCTGAGGTT-1,rat,HO,Peri,Peri,mural,True,train
HO_CATCGCTGTTTACGTG-1,rat,HO,Peri,Peri,mural,True,test
HO_CATCGTCTCACATCAG-1,rat,HO,Peri,Peri,mural,True,test
HO_CATGCTCAGGTAGCAC-1,rat,HO,Peri,Peri,mural,True,train
HO_CATTGTTGTAGCTGTT-1,rat,HO,Peri,Peri,mural,True,train
HO_CATTTCAGTTTAAGGA-1,rat,HO,Peri,Peri,mural,True,train
HO_CCAAGCGTCTATTGTC-1,rat,HO,Peri,Peri,mural,True,train
HO_CCAATGACAGGTCAAG-1,rat,HO,Peri,Peri,mural,True,train
HO_CCACACTTCCGTGGCA-1,rat,HO,Peri,Peri,mural,True,train
HO_CCACCATTCTAAGCCA-1,rat,HO,Peri,Peri,mural,True,train
HO_CCACGAGCACTACACA-1,rat,HO,Peri,Peri,mural,True,train
HO_CCACGAGTCCCGAAAT-1,rat,HO,Peri,Peri,mural,True,train
HO_CCCAACTAGTCATCGT-1,rat,HO,Peri,Peri,mural,True,train
HO_CCCGGAACACGGGCTT-1,rat,HO,Peri,Peri,mural,True,test
HO_CCCTCTCCATTGACCA-1,rat,HO,Peri,Peri,mural,True,train
HO_CCGAACGAGTGAGTGC-1,rat,HO,Peri,Peri,mural,True,train
HO_CCGTTCAAGCTGTTCA-1,rat,HO,Peri,Peri,mural,True,test
HO_CCGTTCATCCGCTTAC-1,rat,HO,Peri,Peri,mural,True,train
HO_CCTATCGGTCTCCCTA-1,rat,HO,Peri,Peri,mural,True,train
HO_CCTCAACTCGTTCCTG-1,rat,HO,Peri,Peri,mural,True,train
HO_CCTCCAACACACCTTC-1,rat,HO,Peri,Peri,mural,True,train
HO_CCTCCTCCAATGTCTG-1,rat,HO,Peri,Peri,mural,True,test
HO_CCTCTAGGTAGCTCGC-1,rat,HO,Peri,Peri,mural,True,train
HO_CGAAGGAAGCAAACAT-1,rat,HO,Peri,Peri,mural,True,train
HO_CGAGAAGGTAATCAGA-1,rat,HO,Peri,Peri,mural,True,train
HO_CGAGGAAAGATAGCTA-1,rat,HO,Peri,Peri,mural,True,test
HO_CGAGGCTTCCCAACTC-1,rat,HO,Peri,Peri,mural,True,train
HO_CGCAGGTTCTCGACGG-1,rat,HO,Peri,Peri,mural,True,train
HO_CGGAACCCATGAAGCG-1,rat,HO,Peri,Peri,mural,True,train
HO_CGGAACCGTCAAACGG-1,rat,HO,Peri,Peri,mural,True,train
HO_CGGAGAACACGGCACT-1,rat,HO,Peri,Peri,mural,True,train
HO_CTACATTTCTTCGATT-1,rat,HO,Peri,Peri,mural,True,train
HO_CTACCTGCAGGCCCTA-1,rat,HO,Peri,Peri,mural,True,train
HO_CTAGACACAACCTATG-1,rat,HO,Peri,Peri,mural,True,train
HO_CTATCTACACTCCCTA-1,rat,HO,Peri,Peri,mural,True,test
HO_CTCAGGGAGCCTCTCT-1,rat,HO,Peri,Peri,mural,True,train
HO_CTCAGTCAGCCACAAG-1,rat,HO,Peri,Peri,mural,True,train
HO_CTCATCGGTTCCAGGC-1,rat,HO,Peri,Peri,mural,True,test
HO_CTCCAACTCCATTGGA-1,rat,HO,Peri,Peri,mural,True,train
HO_CTCCACAAGATGCTGG-1,rat,HO,Peri,Peri,mural,True,test
HO_CTCCTTTAGTCACGCC-1,rat,HO,Peri,Peri,mural,True,train
HO_CTCTGGTCAGCAAGAC-1,rat,HO,Peri,Peri,mural,True,train
HO_CTGAGGCAGTAATCCC-1,rat,HO,Peri,Peri,mural,True,test
HO_CTGAGGCCATCGTTCC-1,rat,HO,Peri,Peri,mural,True,train
HO_CTGAGGCTCCGATTAG-1,rat,HO,Peri,Peri,mural,True,train
HO_CTGATCCAGAATTGCA-1,rat,HO,Peri,Peri,mural,True,train
HO_CTGTAGATCAACTCTT-1,rat,HO,Peri,Peri,mural,True,train
HO_CTGTATTTCGTAGCTA-1,rat,HO,Peri,Peri,mural,True,train
HO_CTTACCGCAACGTAAA-1,rat,HO,Peri,Peri,mural,True,train
HO_CTTCTAAAGGAATGTT-1,rat,HO,Peri,Peri,mural,True,test
HO_CTTGATTTCGTTCAGA-1,rat,HO,Peri,Peri,mural,True,train
HO_GAAACCTGTGGTCTAT-1,rat,HO,Peri,Peri,mural,True,train
HO_GAAGCGAAGTAATACG-1,rat,HO,Peri,Peri,mural,True,train
HO_GAAGGGTCAGGAATCG-1,rat,HO,Peri,Peri,mural,True,train
HO_GAAGGGTTCGCTATTT-1,rat,HO,Peri,Peri,mural,True,train
HO_GAAGTAACATGACTAC-1,rat,HO,Peri,Peri,mural,True,train
HO_GACATCATCGAAACAA-1,rat,HO,Peri,Peri,mural,True,train
HO_GACCAATGTAGTACGG-1,rat,HO,Peri,Peri,mural,True,train
HO_GACCCAGCACACTTAG-1,rat,HO,Peri,Peri,mural,True,train
HO_GACCTTCAGGAGTCTG-1,rat,HO,Peri,Peri,mural,True,train
HO_GACCTTCGTGCGCTCA-1,rat,HO,Peri,Peri,mural,True,train
HO_GACTATGTCAACTGGT-1,rat,HO,Peri,Peri,mural,True,train
HO_GACTGATGTCCCGGTA-1,rat,HO,Peri,Peri,mural,True,test
HO_GAGACTTAGAAGGATG-1,rat,HO,Peri,Peri,mural,True,train
HO_GAGTTACGTTCTCACC-1,rat,HO,Peri,Peri,mural,True,test
HO_GATCATGTCGTGGGTC-1,rat,HO,Peri,Peri,mural,True,train
HO_GATCCCTCATGGGATG-1,rat,HO,Peri,Peri,mural,True,train
HO_GATGTTGAGTCAGAGC-1,rat,HO,Peri,Peri,mural,True,train
HO_GCAACCGCAGGCGTTC-1,rat,HO,Peri,Peri,mural,True,train
HO_GCAACCGTCCGTGTAA-1,rat,HO,Peri,Peri,mural,True,train
HO_GCAGCCACATCCCACT-1,rat,HO,Peri,Peri,mural,True,test
HO_GCAGGCTCATCGTGGC-1,rat,HO,Peri,Peri,mural,True,train
HO_GCCAACGAGAATAACC-1,rat,HO,Peri,Peri,mural,True,train
HO_GCCAGCAGTCATCACA-1,rat,HO,Peri,Peri,mural,True,train
HO_GCCAGGTTCAATCCGA-1,rat,HO,Peri,Peri,mural,True,train
HO_GCCATTCAGAGCTTTC-1,rat,HO,Peri,Peri,mural,True,train
HO_GCCGTGAGTAGCTTTG-1,rat,HO,Peri,Peri,mural,True,train
HO_GCGTTTCTCACACGAT-1,rat,HO,Peri,Peri,mural,True,train
HO_GCTACAAAGTCCTACA-1,rat,HO,Peri,Peri,mural,True,train
HO_GCTACAAGTCCCTGTT-1,rat,HO,Peri,Peri,mural,True,train
HO_GCTCAAATCGAGCTGC-1,rat,HO,Peri,Peri,mural,True,train
HO_GGAACCCAGGTCTTTG-1,rat,HO,Peri,Peri,mural,True,train
HO_GGAGATGTCACAAGGG-1,rat,HO,Peri,Peri,mural,True,train
HO_GGCTGTGAGATACTGA-1,rat,HO,Peri,Peri,mural,True,test
HO_GGCTGTGAGGCCTTGC-1,rat,HO,Peri,Peri,mural,True,train
HO_GGCTTGGGTACCGTCG-1,rat,HO,Peri,Peri,mural,True,train
HO_GGGAGTAAGACTTAAG-1,rat,HO,Peri,Peri,mural,True,train
HO_GGGCGTTAGGAATTAC-1,rat,HO,Peri,Peri,mural,True,test
HO_GGGCGTTCAAATGAAC-1,rat,HO,Peri,Peri,mural,True,train
HO_GGGTAGACAGCCCACA-1,rat,HO,Peri,Peri,mural,True,train
HO_GGGTAGAGTGTCCAAT-1,rat,HO,Peri,Peri,mural,True,train
HO_GGGTGAACACTCTGCT-1,rat,HO,Peri,Peri,mural,True,train
HO_GGGTTTACAACGTAAA-1,rat,HO,Peri,Peri,mural,True,train
HO_GGTGAAGTCAGAACCT-1,rat,HO,Peri,Peri,mural,True,train
HO_GGTTAACGTAATACCC-1,rat,HO,Peri,Peri,mural,True,train
HO_GTAACACCACCTGCGA-1,rat,HO,Peri,Peri,mural,True,train
HO_GTAGGAGCACTAAACC-1,rat,HO,Peri,Peri,mural,True,train
HO_GTAGGAGGTGGATCAG-1,rat,HO,Peri,Peri,mural,True,train
HO_GTATTGGAGGTCCGAA-1,rat,HO,Peri,Peri,mural,True,train
HO_GTATTTCTCTCCCTAG-1,rat,HO,Peri,Peri,mural,True,train
HO_GTCAAGTCATGAGGGT-1,rat,HO,Peri,Peri,mural,True,train
HO_GTCCTCAGTTAGGACG-1,rat,HO,Peri,Peri,mural,True,train
HO_GTGAGGAGTGAGCGAT-1,rat,HO,Peri,Peri,mural,True,train
HO_GTGAGGATCATTACCT-1,rat,HO,Peri,Peri,mural,True,train
HO_GTGCGTGCAAGTGGGT-1,rat,HO,Peri,Peri,mural,True,train
HO_GTGCGTGCATCATCTT-1,rat,HO,Peri,Peri,mural,True,train
HO_GTGCTGGAGGTAGATT-1,rat,HO,Peri,Peri,mural,True,train
HO_GTGTTAGTCTCCTGTG-1,rat,HO,Peri,Peri,mural,True,train
HO_GTTACAGTCGCTGATA-1,rat,HO,Peri,Peri,mural,True,train
HO_GTTCCGTCAGTAGGAC-1,rat,HO,Peri,Peri,mural,True,test
HO_GTTGCTCGTAACAGGC-1,rat,HO,Peri,Peri,mural,True,train
HO_GTTGTGAAGGGATCAC-1,rat,HO,Peri,Peri,mural,True,valid
HO_GTTGTGAAGTAGCAAT-1,rat,HO,Peri,Peri,mural,True,train
HO_TAAGCCACAGAGAAAG-1,rat,HO,Peri,Peri,mural,True,train
HO_TAATTCCGTCTCGGAC-1,rat,HO,Peri,Peri,mural,True,test
HO_TACAGGTTCACACCCT-1,rat,HO,Peri,Peri,mural,True,test
HO_TACCTCGTCTGTCGTC-1,rat,HO,Peri,Peri,mural,True,train
HO_TACCTGCGTGGACTAG-1,rat,HO,Peri,Peri,mural,True,train
HO_TACGGGCAGTACCATC-1,rat,HO,Peri,Peri,mural,True,train
HO_TACGTCCAGGCTAACG-1,rat,HO,Peri,Peri,mural,True,train
HO_TACGTCCCAGGTTACT-1,rat,HO,Peri,Peri,mural,True,train
HO_TACTTCAAGACGCATG-1,rat,HO,Peri,Peri,mural,True,train
HO_TACTTCAAGCTCCCTT-1,rat,HO,Peri,Peri,mural,True,train
HO_TAGGAGGCAAACTGCT-1,rat,HO,Peri,Peri,mural,True,train
HO_TATTCCACACCCAATA-1,rat,HO,Peri,Peri,mural,True,train
HO_TATTCCAGTCACTCGG-1,rat,HO,Peri,Peri,mural,True,train
HO_TCACGGGAGGTTCCGC-1,rat,HO,Peri,Peri,mural,True,train
HO_TCACTCGGTATTCCTT-1,rat,HO,Peri,Peri,mural,True,test
HO_TCATGGACAACGATCT-1,rat,HO,Peri,Peri,mural,True,train
HO_TCCATCGGTGATGGCA-1,rat,HO,Peri,Peri,mural,True,train
HO_TCCGTGTGTTGTGCAT-1,rat,HO,Peri,Peri,mural,True,train
HO_TCCTCCCTCGCCAGTG-1,rat,HO,Peri,Peri,mural,True,train
HO_TCCTTTCAGTCTCTGA-1,rat,HO,Peri,Peri,mural,True,test
HO_TCGACCTCAAACGGCA-1,rat,HO,Peri,Peri,mural,True,train
HO_TCGACGGGTCGGATTT-1,rat,HO,Peri,Peri,mural,True,train
HO_TCGCACTTCTCCTGAC-1,rat,HO,Peri,Peri,mural,True,train
HO_TCGTGGGTCACCTGGG-1,rat,HO,Peri,Peri,mural,True,test
HO_TCTATACGTCAAACGG-1,rat,HO,Peri,Peri,mural,True,train
HO_TCTGGCTAGGAGCTGT-1,rat,HO,Peri,Peri,mural,True,train
HO_TCTTCCTCACTCTGCT-1,rat,HO,Peri,Peri,mural,True,train
HO_TCTTGCGCATATCGGT-1,rat,HO,Peri,Peri,mural,True,test
HO_TGAGTCACAAGTCCCG-1,rat,HO,Peri,Peri,mural,True,train
HO_TGATCTTCACTTCATT-1,rat,HO,Peri,Peri,mural,True,train
HO_TGCACGGAGACCACGA-1,rat,HO,Peri,Peri,mural,True,test
HO_TGCGGGTAGATGGTCG-1,rat,HO,Peri,Peri,mural,True,train
HO_TGGCGTGAGTAAACAC-1,rat,HO,Peri,Peri,mural,True,train
HO_TGGGCGTAGCCGTTAT-1,rat,HO,Peri,Peri,mural,True,train
HO_TGGGCGTAGGGATGTC-1,rat,HO,Peri,Peri,mural,True,train
HO_TGGGCGTGTTAACAGA-1,rat,HO,Peri,Peri,mural,True,train
HO_TGGGTTAGTACACGCC-1,rat,HO,Peri,Peri,mural,True,train
HO_TGGTACATCCTACTGC-1,rat,HO,Peri,Peri,mural,True,train
HO_TGTAACGCACTACACA-1,rat,HO,Peri,Peri,mural,True,train
HO_TGTCAGACAAATGGTA-1,rat,HO,Peri,Peri,mural,True,train
HO_TGTCCCACATTGTGCA-1,rat,HO,Peri,Peri,mural,True,test
HO_TGTTGGATCTCTGAGA-1,rat,HO,Peri,Peri,mural,True,train
HO_TTAGGGTAGTATAGAC-1,rat,HO,Peri,Peri,mural,True,train
HO_TTCACCGTCCTAACAG-1,rat,HO,Peri,Peri,mural,True,train
HO_TTCAGGAAGGGCCCTT-1,rat,HO,Peri,Peri,mural,True,train
HO_TTCAGGACAGATCATC-1,rat,HO,Peri,Peri,mural,True,train
HO_TTCCTAAAGCATCCTA-1,rat,HO,Peri,Peri,mural,True,train
HO_TTCTAACGTGTATTGC-1,rat,HO,Peri,Peri,mural,True,train
HO_TTGAACGAGCTGTTAC-1,rat,HO,Peri,Peri,mural,True,valid
HO_TTGAACGCAACACGAG-1,rat,HO,Peri,Peri,mural,True,train
HO_TTGAGTGTCGAGTGGA-1,rat,HO,Peri,Peri,mural,True,train
HO_TTGCATTGTACAGAGC-1,rat,HO,Peri,Peri,mural,True,train
HO_TTGCCTGCACGCTGTG-1,rat,HO,Peri,Peri,mural,True,train
HO_TTGCTGCCATCTGCGG-1,rat,HO,Peri,Peri,mural,True,train
HO_TTGTGGATCGTTCTAT-1,rat,HO,Peri,Peri,mural,True,test
HO_TTGTTTGCAAGCCCAC-1,rat,HO,Peri,Peri,mural,True,train
HO_TTGTTTGCATTATGCG-1,rat,HO,Peri,Peri,mural,True,train
HO_TTTATGCGTGATGTAA-1,rat,HO,Peri,Peri,mural,True,train
HO_TTTCACACAGAGAATT-1,rat,HO,Peri,Peri,mural,True,train
HO_TTTCATGCAGGACTTT-1,rat,HO,Peri,Peri,mural,True,train
HO_TTTGATCGTGCAATAA-1,rat,HO,Peri,Peri,mural,True,test
HO_AACCCAATCCACGTAA-1,rat,HO,VEC,VEC,endothelial,True,test
HO_AAGCCATAGTTGCCCG-1,rat,HO,VEC,VEC,endothelial,True,train
HO_AAGCCATAGTTGCGAG-1,rat,HO,VEC,VEC,endothelial,True,train
HO_AAGTCGTGTTGCCGAC-1,rat,HO,VEC,VEC,endothelial,True,train
HO_AATTTCCAGATGAACT-1,rat,HO,VEC,VEC,endothelial,True,train
HO_ACACAGTGTAACAAGT-1,rat,HO,VEC,VEC,endothelial,True,test
HO_ACACCAACAACAGAGC-1,rat,HO,VEC,VEC,endothelial,True,train
HO_ACAGGGATCTGTCGCT-1,rat,HO,VEC,VEC,endothelial,True,train
HO_ACCAAACAGTCAAGCG-1,rat,HO,VEC,VEC,endothelial,True,train
HO_ACCAAACCAGTCCGTG-1,rat,HO,VEC,VEC,endothelial,True,train
HO_ACCCTCAAGTTGGACG-1,rat,HO,VEC,VEC,endothelial,True,train
HO_ACCTGTCCAAGTGGAC-1,rat,HO,VEC,VEC,endothelial,True,train
HO_ACGATGTGTAACGCGA-1,rat,HO,VEC,VEC,endothelial,True,test
HO_ACGTCCTCAGCAATTC-1,rat,HO,VEC,VEC,endothelial,True,train
HO_ACTCCCACACAGCTGC-1,rat,HO,VEC,VEC,endothelial,True,train
HO_ACTCTCGCAAAGGCAC-1,rat,HO,VEC,VEC,endothelial,True,train
HO_ACTCTCGCACCGCTAG-1,rat,HO,VEC,VEC,endothelial,True,train
HO_ACTTATCCACTACACA-1,rat,HO,VEC,VEC,endothelial,True,train
HO_ACTTATCGTCGGTGAA-1,rat,HO,VEC,VEC,endothelial,True,train
HO_ACTTATCTCAGCTCTC-1,rat,HO,VEC,VEC,endothelial,True,train
HO_ACTTCCGGTATCTCGA-1,rat,HO,VEC,VEC,endothelial,True,train
HO_ACTTCGCTCCGGTTCT-1,rat,HO,VEC,VEC,endothelial,True,train
HO_AGAAGTAAGGCATCGA-1,rat,HO,VEC,VEC,endothelial,True,train
HO_AGACTCATCGCAGTCG-1,rat,HO,VEC,VEC,endothelial,True,train
HO_AGAGCAGGTATGCGTT-1,rat,HO,VEC,VEC,endothelial,True,train
HO_AGCCAGCAGGATTTGA-1,rat,HO,VEC,VEC,endothelial,True,train
HO_AGGCTGCAGCACGATG-1,rat,HO,VEC,VEC,endothelial,True,train
HO_AGTGATCCAGAGTAAT-1,rat,HO,VEC,VEC,endothelial,True,train
HO_AGTTAGCGTATTGCCA-1,rat,HO,VEC,VEC,endothelial,True,test
HO_ATAGAGATCTGACAGT-1,rat,HO,VEC,VEC,endothelial,True,train
HO_ATCCGTCAGAGAGGTA-1,rat,HO,VEC,VEC,endothelial,True,train
HO_ATCCTATGTTGGAGAC-1,rat,HO,VEC,VEC,endothelial,True,train
HO_ATCGTGATCACATACG-1,rat,HO,VEC,VEC,endothelial,True,test
HO_CAAAGAAGTATGTCAC-1,rat,HO,VEC,VEC,endothelial,True,train
HO_CAACAGTCATCCTGTC-1,rat,HO,VEC,VEC,endothelial,True,train
HO_CAACGATAGAGGTGCT-1,rat,HO,VEC,VEC,endothelial,True,train
HO_CAACGATGTGGACTGA-1,rat,HO,VEC,VEC,endothelial,True,train
HO_CACTGGGTCATTCTTG-1,rat,HO,VEC,VEC,endothelial,True,train
HO_CATACTTCAAATTGGA-1,rat,HO,VEC,VEC,endothelial,True,train
HO_CATCCCAAGACATAGT-1,rat,HO,VEC,VEC,endothelial,True,train
HO_CATCCCAGTCAAAGCG-1,rat,HO,VEC,VEC,endothelial,True,valid
HO_CATTCATAGGCCATAG-1,rat,HO,VEC,VEC,endothelial,True,train
HO_CCAATGACAGCGATTT-1,rat,HO,VEC,VEC,endothelial,True,test
HO_CCACAAATCGGAGCAA-1,rat,HO,VEC,VEC,endothelial,True,train
HO_CCCTGATTCGGTCTGG-1,rat,HO,VEC,VEC,endothelial,True,train
HO_CCGAACGCATCGCTCT-1,rat,HO,VEC,VEC,endothelial,True,train
HO_CCGTTCACACTCACTC-1,rat,HO,VEC,VEC,endothelial,True,train
HO_CCTACGTTCTGAGATC-1,rat,HO,VEC,VEC,endothelial,True,train
HO_CCTCATGGTAGAGCTG-1,rat,HO,VEC,VEC,endothelial,True,train
HO_CGAAGTTGTTCTTGCC-1,rat,HO,VEC,VEC,endothelial,True,test
HO_CGAATTGCATCTTTCA-1,rat,HO,VEC,VEC,endothelial,True,train
HO_CGAGGCTCAAGACGGT-1,rat,HO,VEC,VEC,endothelial,True,train
HO_CGCATAATCTCCTGCA-1,rat,HO,VEC,VEC,endothelial,True,train
HO_CGCCATTTCAGTGCGC-1,rat,HO,VEC,VEC,endothelial,True,valid
HO_CGTAAGTGTAACATGA-1,rat,HO,VEC,VEC,endothelial,True,train
HO_CGTAATGTCACATTGG-1,rat,HO,VEC,VEC,endothelial,True,test
HO_CTAACCCGTGCGTTTA-1,rat,HO,VEC,VEC,endothelial,True,train
HO_CTAGGTAAGCACTAAA-1,rat,HO,VEC,VEC,endothelial,True,train
HO_CTATAGGAGGGCCAAT-1,rat,HO,VEC,VEC,endothelial,True,train
HO_CTCATCGGTAGTTCCA-1,rat,HO,VEC,VEC,endothelial,True,train
HO_CTCCTTTTCTCAGGCG-1,rat,HO,VEC,VEC,endothelial,True,train
HO_CTGAGGCAGGATGGCT-1,rat,HO,VEC,VEC,endothelial,True,train
HO_CTGCCTAAGGCCGCTT-1,rat,HO,VEC,VEC,endothelial,True,train
HO_CTGGTCTTCGTTAGTG-1,rat,HO,VEC,VEC,endothelial,True,test
HO_CTGTACCTCGGTCGAC-1,rat,HO,VEC,VEC,endothelial,True,test
HO_CTGTGAAAGTCACGCC-1,rat,HO,VEC,VEC,endothelial,True,train
HO_CTTCCGATCGACGCTG-1,rat,HO,VEC,VEC,endothelial,True,train
HO_CTTCTCTGTACTAACC-1,rat,HO,VEC,VEC,endothelial,True,train
HO_CTTCTCTTCGGTAGGA-1,rat,HO,VEC,VEC,endothelial,True,train
HO_GAAATGAGTTAACAGA-1,rat,HO,VEC,VEC,endothelial,True,train
HO_GAACTGTTCGATGCTA-1,rat,HO,VEC,VEC,endothelial,True,train
HO_GACCGTGCACAATGCT-1,rat,HO,VEC,VEC,endothelial,True,train
HO_GAGTGTTTCGCCGTGA-1,rat,HO,VEC,VEC,endothelial,True,train
HO_GATCAGTCACATGAAA-1,rat,HO,VEC,VEC,endothelial,True,train
HO_GATTGGTCATTGAAAG-1,rat,HO,VEC,VEC,endothelial,True,train
HO_GCACGTGTCTACGCGG-1,rat,HO,VEC,VEC,endothelial,True,train
HO_GCATCGGAGGTTGTTC-1,rat,HO,VEC,VEC,endothelial,True,train
HO_GCATTAGTCAGACAAA-1,rat,HO,VEC,VEC,endothelial,True,train
HO_GCCCGAAGTACCCGCA-1,rat,HO,VEC,VEC,endothelial,True,train
HO_GCGGATCAGACTGAGC-1,rat,HO,VEC,VEC,endothelial,True,train
HO_GCTACCTGTTGCCGAC-1,rat,HO,VEC,VEC,endothelial,True,train
HO_GCTGCAGGTTCGGGTC-1,rat,HO,VEC,VEC,endothelial,True,train
HO_GGGAAGTTCATGCCGG-1,rat,HO,VEC,VEC,endothelial,True,train
HO_GGGAGTAGTTGCTCAA-1,rat,HO,VEC,VEC,endothelial,True,test
HO_GGGTCACCAGAAGTGC-1,rat,HO,VEC,VEC,endothelial,True,train
HO_GGTCACGGTGACATCT-1,rat,HO,VEC,VEC,endothelial,True,train
HO_GTATTGGAGGTACTGG-1,rat,HO,VEC,VEC,endothelial,True,train
HO_GTATTTCGTATGCTAC-1,rat,HO,VEC,VEC,endothelial,True,train
HO_GTCCTCACAGTGGCTC-1,rat,HO,VEC,VEC,endothelial,True,train
HO_GTGCGTGCAGTTCACA-1,rat,HO,VEC,VEC,endothelial,True,train
HO_GTGGCGTCACAGAGCA-1,rat,HO,VEC,VEC,endothelial,True,train
HO_GTGTGGCCAGGAATAT-1,rat,HO,VEC,VEC,endothelial,True,train
HO_GTTGAACAGTCACTAC-1,rat,HO,VEC,VEC,endothelial,True,train
HO_GTTGAACTCCCAAGCG-1,rat,HO,VEC,VEC,endothelial,True,train
HO_GTTGAACTCCTATTTG-1,rat,HO,VEC,VEC,endothelial,True,train
HO_GTTGTCCCACCGTGGT-1,rat,HO,VEC,VEC,endothelial,True,train
HO_GTTGTCCGTAGAAACT-1,rat,HO,VEC,VEC,endothelial,True,train
HO_GTTTACTCAACGATCT-1,rat,HO,VEC,VEC,endothelial,True,train
HO_TACACCCAGACGGTCA-1,rat,HO,VEC,VEC,endothelial,True,train
HO_TACCCACGTCTCACGG-1,rat,HO,VEC,VEC,endothelial,True,train
HO_TACTTGTCACAGTCCG-1,rat,HO,VEC,VEC,endothelial,True,train
HO_TAGACTGTCGTTGTAG-1,rat,HO,VEC,VEC,endothelial,True,test
HO_TAGGGTTCATGGCACC-1,rat,HO,VEC,VEC,endothelial,True,train
HO_TAGTGCAGTTCGGGTC-1,rat,HO,VEC,VEC,endothelial,True,train
HO_TATATCCCATCTCATT-1,rat,HO,VEC,VEC,endothelial,True,test
HO_TATTGCTTCACCTGTC-1,rat,HO,VEC,VEC,endothelial,True,test
HO_TCAGCCTCATTGACCA-1,rat,HO,VEC,VEC,endothelial,True,train
HO_TCAGCCTGTGACCTGC-1,rat,HO,VEC,VEC,endothelial,True,train
HO_TCAGTTTCAAGTGACG-1,rat,HO,VEC,VEC,endothelial,True,test
HO_TCATCATCAAGATCCT-1,rat,HO,VEC,VEC,endothelial,True,train
HO_TCCAGAAAGAGTGTGC-1,rat,HO,VEC,VEC,endothelial,True,train
HO_TCCCACATCTGAGGCC-1,rat,HO,VEC,VEC,endothelial,True,train
HO_TCGAAGTTCCTACCGT-1,rat,HO,VEC,VEC,endothelial,True,train
HO_TCGACCTAGACTCAAA-1,rat,HO,VEC,VEC,endothelial,True,train
HO_TCTACCGGTTTACACG-1,rat,HO,VEC,VEC,endothelial,True,train
HO_TCTCAGCCAAGAGTTA-1,rat,HO,VEC,VEC,endothelial,True,train
HO_TCTGGCTAGACCAAAT-1,rat,HO,VEC,VEC,endothelial,True,train
HO_TCTTGCGAGAATCGTA-1,rat,HO,VEC,VEC,endothelial,True,train
HO_TCTTTGAAGAACTCCT-1,rat,HO,VEC,VEC,endothelial,True,train
HO_TGATGCAAGCTAGTTC-1,rat,HO,VEC,VEC,endothelial,True,train
HO_TGCGACGGTCAAGTTC-1,rat,HO,VEC,VEC,endothelial,True,train
HO_TGCGACGGTTGCCTAA-1,rat,HO,VEC,VEC,endothelial,True,test
HO_TGCGATAGTGCCGGTT-1,rat,HO,VEC,VEC,endothelial,True,train
HO_TGGAGAGTCGTCAACA-1,rat,HO,VEC,VEC,endothelial,True,train
HO_TGGTAGTGTTTCGTAG-1,rat,HO,VEC,VEC,endothelial,True,test
HO_TGTAACGGTCTTCGAA-1,rat,HO,VEC,VEC,endothelial,True,train
HO_TGTCAGATCCTGGGTG-1,rat,HO,VEC,VEC,endothelial,True,train
HO_TGTCCTGCACTACCGG-1,rat,HO,VEC,VEC,endothelial,True,test
HO_TGTTGAGCAAGATGTA-1,rat,HO,VEC,VEC,endothelial,True,test
HO_TTACCATTCGAGTCCG-1,rat,HO,VEC,VEC,endothelial,True,test
HO_TTACCGCCACATATGC-1,rat,HO,VEC,VEC,endothelial,True,train
HO_TTAGGCATCCAAAGGG-1,rat,HO,VEC,VEC,endothelial,True,train
HO_TTCAATCTCTCTGCTG-1,rat,HO,VEC,VEC,endothelial,True,train
HO_TTCATGTGTGTAGGAC-1,rat,HO,VEC,VEC,endothelial,True,train
HO_TTCCGGTTCTGGTGCG-1,rat,HO,VEC,VEC,endothelial,True,train
HO_TTCCTAATCGTTTACT-1,rat,HO,VEC,VEC,endothelial,True,train
HO_TTGAGTGAGATTGCGG-1,rat,HO,VEC,VEC,endothelial,True,train
HO_TTGCATTCAAGGGCAT-1,rat,HO,VEC,VEC,endothelial,True,train
HO_TTTCATGGTCTAACGT-1,rat,HO,VEC,VEC,endothelial,True,test
HO_AAACCCATCGCTCTCA-1,rat,HO,aCAP,aCAP,endothelial,True,train
HO_AAACGAATCAAGCCCG-1,rat,HO,aCAP,aCAP,endothelial,True,train
HO_AACAAAGAGAGAGCAA-1,rat,HO,aCAP,aCAP,endothelial,True,train
HO_AACCATGGTCGAAACG-1,rat,HO,aCAP,aCAP,endothelial,True,train
HO_AACCCAAGTGATTAGA-1,rat,HO,aCAP,aCAP,endothelial,True,test
HO_AAGATAGAGCGACATG-1,rat,HO,aCAP,aCAP,endothelial,True,train
HO_AAGTGAAGTCGACTGC-1,rat,HO,aCAP,aCAP,endothelial,True,train
HO_ACAACCAAGGAGTACC-1,rat,HO,aCAP,aCAP,endothelial,True,test
HO_ACACGCGAGAGAGCAA-1,rat,HO,aCAP,aCAP,endothelial,True,test
HO_ACACGCGTCTCTCAAT-1,rat,HO,aCAP,aCAP,endothelial,True,train
HO_ACAGAAATCCTTATCA-1,rat,HO,aCAP,aCAP,endothelial,True,train
HO_ACGGAAGGTGGCGTAA-1,rat,HO,aCAP,aCAP,endothelial,True,train
HO_AGCCACGAGACCCGCT-1,rat,HO,aCAP,aCAP,endothelial,True,valid
HO_AGCTTCCTCTTTGCAT-1,rat,HO,aCAP,aCAP,endothelial,True,train
HO_AGGAATACATCATCTT-1,rat,HO,aCAP,aCAP,endothelial,True,train
HO_AGGTTGTAGCCGAATG-1,rat,HO,aCAP,aCAP,endothelial,True,valid
HO_AGGTTGTAGGCACGAT-1,rat,HO,aCAP,aCAP,endothelial,True,train
HO_AGTTAGCTCGGCGATC-1,rat,HO,aCAP,aCAP,endothelial,True,train
HO_AGTTCGACATGATAGA-1,rat,HO,aCAP,aCAP,endothelial,True,test
HO_ATAGAGATCTAAGCCA-1,rat,HO,aCAP,aCAP,endothelial,True,train
HO_ATATCCTGTAGTGTGG-1,rat,HO,aCAP,aCAP,endothelial,True,train
HO_ATCACGACATGTGGTT-1,rat,HO,aCAP,aCAP,endothelial,True,train
HO_ATCGTAGCATTCTCCG-1,rat,HO,aCAP,aCAP,endothelial,True,train
HO_ATGACCAGTCATTGCA-1,rat,HO,aCAP,aCAP,endothelial,True,train
HO_ATGAGTCAGCGTTGTT-1,rat,HO,aCAP,aCAP,endothelial,True,train
HO_ATGGTTGTCGACCTAA-1,rat,HO,aCAP,aCAP,endothelial,True,train
HO_ATTCCCGGTTATGTCG-1,rat,HO,aCAP,aCAP,endothelial,True,train
HO_CAAGGGACAGACCCGT-1,rat,HO,aCAP,aCAP,endothelial,True,train
HO_CAATACGCAGACCCGT-1,rat,HO,aCAP,aCAP,endothelial,True,test
HO_CAATGACAGTGCGACA-1,rat,HO,aCAP,aCAP,endothelial,True,train
HO_CACACAACAATGACCT-1,rat,HO,aCAP,aCAP,endothelial,True,train
HO_CAGATTGTCCGGCTTT-1,rat,HO,aCAP,aCAP,endothelial,True,train
HO_CAGCGTGTCTCCAAGA-1,rat,HO,aCAP,aCAP,endothelial,True,train
HO_CATGAGTTCAATGTCG-1,rat,HO,aCAP,aCAP,endothelial,True,train
HO_CATGGATGTCTAGTGT-1,rat,HO,aCAP,aCAP,endothelial,True,train
HO_CATTCTATCAAGCCCG-1,rat,HO,aCAP,aCAP,endothelial,True,train
HO_CCCAACTGTCAGACTT-1,rat,HO,aCAP,aCAP,endothelial,True,train
HO_CCGGACAGTGTGGACA-1,rat,HO,aCAP,aCAP,endothelial,True,train
HO_CCTACGTTCCTCACTG-1,rat,HO,aCAP,aCAP,endothelial,True,train
HO_CGAAGGACAACAACAA-1,rat,HO,aCAP,aCAP,endothelial,True,test
HO_CGAGTGCGTGCCCTTT-1,rat,HO,aCAP,aCAP,endothelial,True,train
HO_CGGGTGTAGTGCCGAA-1,rat,HO,aCAP,aCAP,endothelial,True,train
HO_CTACCCAGTCTCTCCA-1,rat,HO,aCAP,aCAP,endothelial,True,train
HO_CTATCCGGTGCAGTGA-1,rat,HO,aCAP,aCAP,endothelial,True,train
HO_CTCACTGGTCGCTCGA-1,rat,HO,aCAP,aCAP,endothelial,True,test
HO_CTCGAGGCATAAGATG-1,rat,HO,aCAP,aCAP,endothelial,True,train
HO_CTTCAATGTCATTCCC-1,rat,HO,aCAP,aCAP,endothelial,True,train
HO_CTTCCGACACTAACCA-1,rat,HO,aCAP,aCAP,endothelial,True,train
HO_GACACGCTCATATGGC-1,rat,HO,aCAP,aCAP,endothelial,True,train
HO_GACCTTCGTTGAAGTA-1,rat,HO,aCAP,aCAP,endothelial,True,train
HO_GACTGATGTTTGCCGG-1,rat,HO,aCAP,aCAP,endothelial,True,train
HO_GAGACCCGTGTTCATG-1,rat,HO,aCAP,aCAP,endothelial,True,train
HO_GAGACTTAGGTGATAT-1,rat,HO,aCAP,aCAP,endothelial,True,train
HO_GAGGGATAGAAATCCA-1,rat,HO,aCAP,aCAP,endothelial,True,train
HO_GAGTCTAAGCGGTAAC-1,rat,HO,aCAP,aCAP,endothelial,True,train
HO_GCACGGTCAGAGCCCT-1,rat,HO,aCAP,aCAP,endothelial,True,test
HO_GCAGCTGAGCGTGTTT-1,rat,HO,aCAP,aCAP,endothelial,True,train
HO_GCAGGCTTCCGGCAAC-1,rat,HO,aCAP,aCAP,endothelial,True,train
HO_GCTACAAAGAATCCCT-1,rat,HO,aCAP,aCAP,endothelial,True,train
HO_GCTTCACAGAGCAGAA-1,rat,HO,aCAP,aCAP,endothelial,True,test
HO_GGAATCTGTATGATCC-1,rat,HO,aCAP,aCAP,endothelial,True,test
HO_GGAGCAACACTGTGAT-1,rat,HO,aCAP,aCAP,endothelial,True,train
HO_GGAGCAAGTATTTCTC-1,rat,HO,aCAP,aCAP,endothelial,True,train
HO_GGGACCTCAGATCCTA-1,rat,HO,aCAP,aCAP,endothelial,True,train
HO_GGGCCATGTGTATTGC-1,rat,HO,aCAP,aCAP,endothelial,True,train
HO_GGGCTACTCCATGCAA-1,rat,HO,aCAP,aCAP,endothelial,True,train
HO_GGGTTTATCATGAGGG-1,rat,HO,aCAP,aCAP,endothelial,True,train
HO_GGTTAACCAGGGATAC-1,rat,HO,aCAP,aCAP,endothelial,True,train
HO_GTCCCATCAAGGCAAC-1,rat,HO,aCAP,aCAP,endothelial,True,train
HO_GTCGAATAGCATGCGA-1,rat,HO,aCAP,aCAP,endothelial,True,train
HO_GTCGAATTCCTACCGT-1,rat,HO,aCAP,aCAP,endothelial,True,train
HO_GTCGTTCTCACAGAGG-1,rat,HO,aCAP,aCAP,endothelial,True,train
HO_GTCTCACGTATGAGGC-1,rat,HO,aCAP,aCAP,endothelial,True,train
HO_GTGAGGATCGAGATAA-1,rat,HO,aCAP,aCAP,endothelial,True,train
HO_GTGTGATCATCGTGCG-1,rat,HO,aCAP,aCAP,endothelial,True,train
HO_GTGTTCCAGTGATAAC-1,rat,HO,aCAP,aCAP,endothelial,True,train
HO_GTTCCGTAGTAGCATA-1,rat,HO,aCAP,aCAP,endothelial,True,test
HO_TACACCCTCCCTTCCC-1,rat,HO,aCAP,aCAP,endothelial,True,train
HO_TACGTCCCAGGACAGT-1,rat,HO,aCAP,aCAP,endothelial,True,train
HO_TACTGCCCATGGCCAC-1,rat,HO,aCAP,aCAP,endothelial,True,test
HO_TCATATCGTCCTCCTA-1,rat,HO,aCAP,aCAP,endothelial,True,train
HO_TCCATGCTCAGCATTG-1,rat,HO,aCAP,aCAP,endothelial,True,train
HO_TCCGTGTTCCGGACTG-1,rat,HO,aCAP,aCAP,endothelial,True,train
HO_TCTACCGAGCCTCGTG-1,rat,HO,aCAP,aCAP,endothelial,True,train
HO_TCTGGCTTCGTCAACA-1,rat,HO,aCAP,aCAP,endothelial,True,train
HO_TCTTAGTTCGGTAACT-1,rat,HO,aCAP,aCAP,endothelial,True,train
HO_TGATGCAAGCTAGATA-1,rat,HO,aCAP,aCAP,endothelial,True,train
HO_TGCACGGGTGGTAACG-1,rat,HO,aCAP,aCAP,endothelial,True,test
HO_TGCCGAGTCTTTGATC-1,rat,HO,aCAP,aCAP,endothelial,True,train
HO_TGGTACAAGCACACAG-1,rat,HO,aCAP,aCAP,endothelial,True,train
HO_TGTGAGTGTTAAACCC-1,rat,HO,aCAP,aCAP,endothelial,True,test
HO_TTCACCGTCAACGCTA-1,rat,HO,aCAP,aCAP,endothelial,True,train
HO_TTCCGTGTCCAAGCAT-1,rat,HO,aCAP,aCAP,endothelial,True,train
HO_TTTCAGTGTATCCCTC-1,rat,HO,aCAP,aCAP,endothelial,True,train
HO_TTTCCTCGTTCAAGGG-1,rat,HO,aCAP,aCAP,endothelial,True,train
HO_AAACCCAAGTCACAGG-1,rat,HO,gCAP,gCAP,endothelial,True,train
HO_AAACCCACACATTCGA-1,rat,HO,gCAP,gCAP,endothelial,True,train
HO_AAACCCAGTAGATTGA-1,rat,HO,gCAP,gCAP,endothelial,True,train
HO_AAACCCAGTGTAACGG-1,rat,HO,gCAP,gCAP,endothelial,True,train
HO_AAACGAAAGACCTTTG-1,rat,HO,gCAP,gCAP,endothelial,True,train
HO_AAAGGATGTAACACGG-1,rat,HO,gCAP,gCAP,endothelial,True,train
HO_AACAACCCACCAACAT-1,rat,HO,gCAP,gCAP,endothelial,True,train
HO_AACACACGTCACTTAG-1,rat,HO,gCAP,gCAP,endothelial,True,train
HO_AACACACGTCCTCATC-1,rat,HO,gCAP,gCAP,endothelial,True,train
HO_AACAGGGCAACCACGC-1,rat,HO,gCAP,gCAP,endothelial,True,train
HO_AACCAACCAAGAGGTC-1,rat,HO,gCAP,gCAP,endothelial,True,train
HO_AACCACACAGATGCGA-1,rat,HO,gCAP,gCAP,endothelial,True,train
HO_AACCATGTCCTAGCTC-1,rat,HO,gCAP,gCAP,endothelial,True,train
HO_AACCCAATCGGTTAGT-1,rat,HO,gCAP,gCAP,endothelial,True,train
HO_AACCTGAAGTGATAAC-1,rat,HO,gCAP,gCAP,endothelial,True,train
HO_AACCTGAGTCCTGTCT-1,rat,HO,gCAP,gCAP,endothelial,True,train
HO_AACCTTTCATCCGAGC-1,rat,HO,gCAP,gCAP,endothelial,True,train
HO_AACGGGACAGGTTCAT-1,rat,HO,gCAP,gCAP,endothelial,True,train
HO_AACGTCACACCGGAAA-1,rat,HO,gCAP,gCAP,endothelial,True,train
HO_AACGTCACAGCAGTAG-1,rat,HO,gCAP,gCAP,endothelial,True,train
HO_AAGAACACACCTGATA-1,rat,HO,gCAP,gCAP,endothelial,True,train
HO_AAGACAAGTCGATTTG-1,rat,HO,gCAP,gCAP,endothelial,True,train
HO_AAGCGTTAGACGGTCA-1,rat,HO,gCAP,gCAP,endothelial,True,train
HO_AAGTACCAGATCCCAT-1,rat,HO,gCAP,gCAP,endothelial,True,train
HO_AAGTCGTCACTTCAAG-1,rat,HO,gCAP,gCAP,endothelial,True,train
HO_AAGTCGTGTACCTATG-1,rat,HO,gCAP,gCAP,endothelial,True,train
HO_AAGTCGTTCAGCGGAA-1,rat,HO,gCAP,gCAP,endothelial,True,train
HO_AAGTGAAAGCTACAAA-1,rat,HO,gCAP,gCAP,endothelial,True,train
HO_AAGTGAACACTGTGTA-1,rat,HO,gCAP,gCAP,endothelial,True,train
HO_AATAGAGGTATCAGGG-1,rat,HO,gCAP,gCAP,endothelial,True,train
HO_AATCGACAGACCGCCT-1,rat,HO,gCAP,gCAP,endothelial,True,train
HO_AATGGAAAGGCAGTCA-1,rat,HO,gCAP,gCAP,endothelial,True,test
HO_AATGGAACAGCTCATA-1,rat,HO,gCAP,gCAP,endothelial,True,test
HO_AATGGAAGTAACGCGA-1,rat,HO,gCAP,gCAP,endothelial,True,test
HO_ACAAAGAAGGCACAAC-1,rat,HO,gCAP,gCAP,endothelial,True,train
HO_ACAAAGATCGTTGTGA-1,rat,HO,gCAP,gCAP,endothelial,True,test
HO_ACACCAAAGTTGAATG-1,rat,HO,gCAP,gCAP,endothelial,True,train
HO_ACACGCGAGCAGCACA-1,rat,HO,gCAP,gCAP,endothelial,True,train
HO_ACACTGAGTGATAGTA-1,rat,HO,gCAP,gCAP,endothelial,True,train
HO_ACAGAAACAAAGGCAC-1,rat,HO,gCAP,gCAP,endothelial,True,train
HO_ACCAACAAGCTCCGAC-1,rat,HO,gCAP,gCAP,endothelial,True,train
HO_ACCAACAAGGCCACCT-1,rat,HO,gCAP,gCAP,endothelial,True,train
HO_ACCACAACACAAATAG-1,rat,HO,gCAP,gCAP,endothelial,True,train
HO_ACCACAATCGTAACAC-1,rat,HO,gCAP,gCAP,endothelial,True,train
HO_ACCATTTCACCTCAGG-1,rat,HO,gCAP,gCAP,endothelial,True,train
HO_ACCGTTCGTGTTAGCT-1,rat,HO,gCAP,gCAP,endothelial,True,train
HO_ACCTGAACACGTCATA-1,rat,HO,gCAP,gCAP,endothelial,True,train
HO_ACGATCACATTGACCA-1,rat,HO,gCAP,gCAP,endothelial,True,train
HO_ACGATCATCAGACATC-1,rat,HO,gCAP,gCAP,endothelial,True,train
HO_ACGATCATCTCAGAAC-1,rat,HO,gCAP,gCAP,endothelial,True,train
HO_ACGCACGAGGTAGGCT-1,rat,HO,gCAP,gCAP,endothelial,True,train
HO_ACGGTCGCACGAGAAC-1,rat,HO,gCAP,gCAP,endothelial,True,train
HO_ACGGTTACATCTATCT-1,rat,HO,gCAP,gCAP,endothelial,True,test
HO_ACGGTTAGTCAGTCCG-1,rat,HO,gCAP,gCAP,endothelial,True,train
HO_ACGGTTAGTCATCACA-1,rat,HO,gCAP,gCAP,endothelial,True,test
HO_ACGGTTATCCTAAACG-1,rat,HO,gCAP,gCAP,endothelial,True,train
HO_ACGTACATCGAACTCA-1,rat,HO,gCAP,gCAP,endothelial,True,train
HO_ACGTCCTGTCGAGTTT-1,rat,HO,gCAP,gCAP,endothelial,True,train
HO_ACGTCCTTCTTGCAGA-1,rat,HO,gCAP,gCAP,endothelial,True,train
HO_ACTACGAGTGGCTGAA-1,rat,HO,gCAP,gCAP,endothelial,True,test
HO_ACTATCTCACGGTGTC-1,rat,HO,gCAP,gCAP,endothelial,True,train
HO_ACTATTCAGTAGGATT-1,rat,HO,gCAP,gCAP,endothelial,True,train
HO_ACTCCCAAGAAAGTCT-1,rat,HO,gCAP,gCAP,endothelial,True,train
HO_ACTCTCGTCAACCTCC-1,rat,HO,gCAP,gCAP,endothelial,True,train
HO_ACTTATCGTGGGCTCT-1,rat,HO,gCAP,gCAP,endothelial,True,train
HO_ACTTTGTGTAAGCTCT-1,rat,HO,gCAP,gCAP,endothelial,True,train
HO_ACTTTGTGTGGGATTG-1,rat,HO,gCAP,gCAP,endothelial,True,train
HO_AGAACAACAAATTGCC-1,rat,HO,gCAP,gCAP,endothelial,True,train
HO_AGACCATGTTCGTACA-1,rat,HO,gCAP,gCAP,endothelial,True,test
HO_AGACCCGAGTCGAATA-1,rat,HO,gCAP,gCAP,endothelial,True,test
HO_AGAGAATAGGGTGGGA-1,rat,HO,gCAP,gCAP,endothelial,True,train
HO_AGAGAGCCAGAAATTG-1,rat,HO,gCAP,gCAP,endothelial,True,train
HO_AGAGAGCTCACTTGGA-1,rat,HO,gCAP,gCAP,endothelial,True,train
HO_AGAGAGCTCGAGAAGC-1,rat,HO,gCAP,gCAP,endothelial,True,train
HO_AGAGCCCCACATGAAA-1,rat,HO,gCAP,gCAP,endothelial,True,train
HO_AGATCCACACTCACTC-1,rat,HO,gCAP,gCAP,endothelial,True,test
HO_AGATCGTTCCGCGAGT-1,rat,HO,gCAP,gCAP,endothelial,True,train
HO_AGATGAAAGCGATTCT-1,rat,HO,gCAP,gCAP,endothelial,True,train
HO_AGCATCAGTCTCGGAC-1,rat,HO,gCAP,gCAP,endothelial,True,train
HO_AGCCAATCACGACAAG-1,rat,HO,gCAP,gCAP,endothelial,True,train
HO_AGCCAGCAGTTAACGA-1,rat,HO,gCAP,gCAP,endothelial,True,train
HO_AGCGCCAAGCTTCGTA-1,rat,HO,gCAP,gCAP,endothelial,True,train
HO_AGCGCTGAGATGATTG-1,rat,HO,gCAP,gCAP,endothelial,True,train
HO_AGCGTATAGCAACAGC-1,rat,HO,gCAP,gCAP,endothelial,True,train
HO_AGCGTATAGCTGGTGA-1,rat,HO,gCAP,gCAP,endothelial,True,test
HO_AGCGTCGGTAGCCAGA-1,rat,HO,gCAP,gCAP,endothelial,True,train
HO_AGCTCAAAGATCACCT-1,rat,HO,gCAP,gCAP,endothelial,True,train
HO_AGCTCAATCTCTGCCA-1,rat,HO,gCAP,gCAP,endothelial,True,train
HO_AGCTTCCTCCGATGCG-1,rat,HO,gCAP,gCAP,endothelial,True,train
HO_AGGACGAAGGGCCCTT-1,rat,HO,gCAP,gCAP,endothelial,True,train
HO_AGGATCTCACTCCTTG-1,rat,HO,gCAP,gCAP,endothelial,True,train
HO_AGGCATTAGATACCAA-1,rat,HO,gCAP,gCAP,endothelial,True,train
HO_AGGCTGCTCAGATTGC-1,rat,HO,gCAP,gCAP,endothelial,True,train
HO_AGGGAGTCATTAAAGG-1,rat,HO,gCAP,gCAP,endothelial,True,train
HO_AGGGAGTGTAGCTTAC-1,rat,HO,gCAP,gCAP,endothelial,True,train
HO_AGGGCTCCAACTGAAA-1,rat,HO,gCAP,gCAP,endothelial,True,train
HO_AGGGTTTCACATCCCT-1,rat,HO,gCAP,gCAP,endothelial,True,train
HO_AGGGTTTGTCAGATTC-1,rat,HO,gCAP,gCAP,endothelial,True,train
HO_AGGGTTTTCCGTACGG-1,rat,HO,gCAP,gCAP,endothelial,True,test
HO_AGGTAGGCACGTTGGC-1,rat,HO,gCAP,gCAP,endothelial,True,train
HO_AGGTCATCAACAAGTA-1,rat,HO,gCAP,gCAP,endothelial,True,train
HO_AGGTCATGTACAGGTG-1,rat,HO,gCAP,gCAP,endothelial,True,train
HO_AGGTGTTCACTTCCTG-1,rat,HO,gCAP,gCAP,endothelial,True,train
HO_AGGTTACGTTCCATTT-1,rat,HO,gCAP,gCAP,endothelial,True,train
HO_AGGTTGTGTTCATCTT-1,rat,HO,gCAP,gCAP,endothelial,True,train
HO_AGTAACCAGACAGCGT-1,rat,HO,gCAP,gCAP,endothelial,True,train
HO_AGTACCAAGCGCACAA-1,rat,HO,gCAP,gCAP,endothelial,True,test
HO_AGTACCATCGAACACT-1,rat,HO,gCAP,gCAP,endothelial,True,train
HO_AGTACTGCAAATGATG-1,rat,HO,gCAP,gCAP,endothelial,True,train
HO_AGTACTGTCTGAGCAT-1,rat,HO,gCAP,gCAP,endothelial,True,train
HO_AGTAGCTCAATTTCCT-1,rat,HO,gCAP,gCAP,endothelial,True,test
HO_AGTAGTCAGTTCAACC-1,rat,HO,gCAP,gCAP,endothelial,True,train
HO_AGTAGTCGTTGCAAGG-1,rat,HO,gCAP,gCAP,endothelial,True,train
HO_AGTCACACAGAAGCGT-1,rat,HO,gCAP,gCAP,endothelial,True,train
HO_AGTCATGCAGCATCTA-1,rat,HO,gCAP,gCAP,endothelial,True,train
HO_AGTCTCCAGAAGGGAT-1,rat,HO,gCAP,gCAP,endothelial,True,train
HO_AGTGACTAGATAACGT-1,rat,HO,gCAP,gCAP,endothelial,True,test
HO_AGTGATCGTACATACC-1,rat,HO,gCAP,gCAP,endothelial,True,train
HO_AGTGCCGAGACCTCCG-1,rat,HO,gCAP,gCAP,endothelial,True,train
HO_AGTGCCGAGACTTCAC-1,rat,HO,gCAP,gCAP,endothelial,True,test
HO_AGTTCCCCACATTCGA-1,rat,HO,gCAP,gCAP,endothelial,True,train
HO_AGTTCCCCAGCGCTTG-1,rat,HO,gCAP,gCAP,endothelial,True,test
HO_AGTTCGACAACCGTGC-1,rat,HO,gCAP,gCAP,endothelial,True,train
HO_ATACCGACACGTAACT-1,rat,HO,gCAP,gCAP,endothelial,True,train
HO_ATACCTTGTCTGCCTT-1,rat,HO,gCAP,gCAP,endothelial,True,train
HO_ATACTTCCAAGCTGTT-1,rat,HO,gCAP,gCAP,endothelial,True,train
HO_ATAGACCTCACTGAAC-1,rat,HO,gCAP,gCAP,endothelial,True,test
HO_ATAGAGATCTGTTCAT-1,rat,HO,gCAP,gCAP,endothelial,True,train
HO_ATATCCTGTGGTTTGT-1,rat,HO,gCAP,gCAP,endothelial,True,train
HO_ATCACAGAGTGACACG-1,rat,HO,gCAP,gCAP,endothelial,True,train
HO_ATCACAGGTTGCTCCT-1,rat,HO,gCAP,gCAP,endothelial,True,train
HO_ATCACGAAGCAGGCAT-1,rat,HO,gCAP,gCAP,endothelial,True,train
HO_ATCACGACACTTCCTG-1,rat,HO,gCAP,gCAP,endothelial,True,train
HO_ATCAGGTAGAACCCGA-1,rat,HO,gCAP,gCAP,endothelial,True,train
HO_ATCAGGTTCGACGCGT-1,rat,HO,gCAP,gCAP,endothelial,True,test
HO_ATCATTCCAGATGCGA-1,rat,HO,gCAP,gCAP,endothelial,True,train
HO_ATCCGTCTCGAGTTGT-1,rat,HO,gCAP,gCAP,endothelial,True,train
HO_ATCGCCTAGGGTGAAA-1,rat,HO,gCAP,gCAP,endothelial,True,train
HO_ATCGCCTGTCTGCAAT-1,rat,HO,gCAP,gCAP,endothelial,True,train
HO_ATCGCCTGTGCCCAGT-1,rat,HO,gCAP,gCAP,endothelial,True,train
HO_ATCGGCGAGTTCCTGA-1,rat,HO,gCAP,gCAP,endothelial,True,train
HO_ATCGGCGCAGCCCAGT-1,rat,HO,gCAP,gCAP,endothelial,True,train
HO_ATCGTAGAGAGGCCAT-1,rat,HO,gCAP,gCAP,endothelial,True,train
HO_ATCGTAGCAATTAGGA-1,rat,HO,gCAP,gCAP,endothelial,True,train
HO_ATCGTCCCAACGGGTA-1,rat,HO,gCAP,gCAP,endothelial,True,train
HO_ATCGTGAAGAGTTCGG-1,rat,HO,gCAP,gCAP,endothelial,True,train
HO_ATCGTGAGTCAGTCGC-1,rat,HO,gCAP,gCAP,endothelial,True,train
HO_ATCTCTAAGCGAACTG-1,rat,HO,gCAP,gCAP,endothelial,True,test
HO_ATGAAAGAGAAGCTCG-1,rat,HO,gCAP,gCAP,endothelial,True,train
HO_ATGAAAGAGGGAGGCA-1,rat,HO,gCAP,gCAP,endothelial,True,train
HO_ATGAAAGAGTCTAGCT-1,rat,HO,gCAP,gCAP,endothelial,True,train
HO_ATGAAAGAGTGGGAAA-1,rat,HO,gCAP,gCAP,endothelial,True,train
HO_ATGAAAGTCAAGTAAG-1,rat,HO,gCAP,gCAP,endothelial,True,train
HO_ATGAGGGGTTACGCCG-1,rat,HO,gCAP,gCAP,endothelial,True,train
HO_ATGAGGGGTTTACGTG-1,rat,HO,gCAP,gCAP,endothelial,True,train
HO_ATGATCGAGATGCGAC-1,rat,HO,gCAP,gCAP,endothelial,True,train
HO_ATGGAGGAGACGACGT-1,rat,HO,gCAP,gCAP,endothelial,True,train
HO_ATGGAGGAGGGTCAAC-1,rat,HO,gCAP,gCAP,endothelial,True,test
HO_ATGGGTTCAGCTCGGT-1,rat,HO,gCAP,gCAP,endothelial,True,valid
HO_ATGGGTTGTCGGATTT-1,rat,HO,gCAP,gCAP,endothelial,True,train
HO_ATGTCTTAGACCATGG-1,rat,HO,gCAP,gCAP,endothelial,True,test
HO_ATTACCTAGTAGGTTA-1,rat,HO,gCAP,gCAP,endothelial,True,train
HO_ATTCACTCACCCGTAG-1,rat,HO,gCAP,gCAP,endothelial,True,train
HO_ATTCACTCACCCTCTA-1,rat,HO,gCAP,gCAP,endothelial,True,train
HO_ATTCACTTCTTCGATT-1,rat,HO,gCAP,gCAP,endothelial,True,train
HO_ATTCCTAAGCCTCCAG-1,rat,HO,gCAP,gCAP,endothelial,True,test
HO_ATTCCTATCTTCCAGC-1,rat,HO,gCAP,gCAP,endothelial,True,train
HO_ATTCTACAGAGAAGGT-1,rat,HO,gCAP,gCAP,endothelial,True,train
HO_ATTCTACGTCGCTCGA-1,rat,HO,gCAP,gCAP,endothelial,True,train
HO_ATTCTTGTCACAGTGT-1,rat,HO,gCAP,gCAP,endothelial,True,train
HO_ATTGGGTAGGAAAGGT-1,rat,HO,gCAP,gCAP,endothelial,True,train
HO_ATTTACCTCGCTCTCA-1,rat,HO,gCAP,gCAP,endothelial,True,train
HO_CAAAGAAAGGAGAATG-1,rat,HO,gCAP,gCAP,endothelial,True,train
HO_CAACAACCAACCCTAA-1,rat,HO,gCAP,gCAP,endothelial,True,train
HO_CAACAGTGTAGTCTTG-1,rat,HO,gCAP,gCAP,endothelial,True,train
HO_CAACCAATCACGAACT-1,rat,HO,gCAP,gCAP,endothelial,True,train
HO_CAACGGCAGGCACTCC-1,rat,HO,gCAP,gCAP,endothelial,True,train
HO_CAAGACTAGGGATCAC-1,rat,HO,gCAP,gCAP,endothelial,True,train
HO_CAAGCTAGTCCGGACT-1,rat,HO,gCAP,gCAP,endothelial,True,train
HO_CAATCGAAGACCTCAT-1,rat,HO,gCAP,gCAP,endothelial,True,test
HO_CAATTTCAGCGTTGTT-1,rat,HO,gCAP,gCAP,endothelial,True,train
HO_CAATTTCCAGACGATG-1,rat,HO,gCAP,gCAP,endothelial,True,test
HO_CACAGGCCAAAGAGTT-1,rat,HO,gCAP,gCAP,endothelial,True,test
HO_CACCGTTTCTTAGCCC-1,rat,HO,gCAP,gCAP,endothelial,True,train
HO_CACGAATGTGCCGGTT-1,rat,HO,gCAP,gCAP,endothelial,True,train
HO_CACGTGGCACTCCCTA-1,rat,HO,gCAP,gCAP,endothelial,True,train
HO_CACTGAATCACTCCGT-1,rat,HO,gCAP,gCAP,endothelial,True,valid
HO_CACTGAATCATGGTAC-1,rat,HO,gCAP,gCAP,endothelial,True,train
HO_CACTGTCGTCGAGTGA-1,rat,HO,gCAP,gCAP,endothelial,True,test
HO_CACTGTCTCTACTGCC-1,rat,HO,gCAP,gCAP,endothelial,True,train
HO_CACTTCGTCTGAATCG-1,rat,HO,gCAP,gCAP,endothelial,True,train
HO_CAGAGCCTCCCTTGTG-1,rat,HO,gCAP,gCAP,endothelial,True,train
HO_CAGATTGTCTCTTCAA-1,rat,HO,gCAP,gCAP,endothelial,True,train
HO_CAGCAATTCGGTGTTA-1,rat,HO,gCAP,gCAP,endothelial,True,train
HO_CAGCACGCATAGGCGA-1,rat,HO,gCAP,gCAP,endothelial,True,train
HO_CAGCACGTCTGCTAGA-1,rat,HO,gCAP,gCAP,endothelial,True,train
HO_CAGTGCGAGGTAACTA-1,rat,HO,gCAP,gCAP,endothelial,True,test
HO_CAGTTCCGTCGAACGA-1,rat,HO,gCAP,gCAP,endothelial,True,train
HO_CATACAGTCAGCGGAA-1,rat,HO,gCAP,gCAP,endothelial,True,train
HO_CATACTTAGGGCGAGA-1,rat,HO,gCAP,gCAP,endothelial,True,train
HO_CATACTTTCATACGGT-1,rat,HO,gCAP,gCAP,endothelial,True,train
HO_CATAGACCAATTGCTG-1,rat,HO,gCAP,gCAP,endothelial,True,train
HO_CATCCACAGGCATGGT-1,rat,HO,gCAP,gCAP,endothelial,True,train
HO_CATCCACGTTGGGTAG-1,rat,HO,gCAP,gCAP,endothelial,True,train
HO_CATCCCACAGACACCC-1,rat,HO,gCAP,gCAP,endothelial,True,train
HO_CATCCGTTCCGAGTGC-1,rat,HO,gCAP,gCAP,endothelial,True,train
HO_CATCGCTCAAATGAAC-1,rat,HO,gCAP,gCAP,endothelial,True,train
HO_CATGGTACACGACGAA-1,rat,HO,gCAP,gCAP,endothelial,True,train
HO_CATTCATAGGACATCG-1,rat,HO,gCAP,gCAP,endothelial,True,train
HO_CATTCATGTCCTCCAT-1,rat,HO,gCAP,gCAP,endothelial,True,train
HO_CATTCCGCACGTCGGT-1,rat,HO,gCAP,gCAP,endothelial,True,train
HO_CATTCTAAGCGTCTGC-1,rat,HO,gCAP,gCAP,endothelial,True,train
HO_CATTCTACATTGCTGA-1,rat,HO,gCAP,gCAP,endothelial,True,train
HO_CATTCTATCTCGTCGT-1,rat,HO,gCAP,gCAP,endothelial,True,train
HO_CATTGAGGTTGGACCC-1,rat,HO,gCAP,gCAP,endothelial,True,train
HO_CATTGTTAGGTATAGT-1,rat,HO,gCAP,gCAP,endothelial,True,test
HO_CCAATGATCAAGGTGG-1,rat,HO,gCAP,gCAP,endothelial,True,train
HO_CCAATTTCAGCCTTCT-1,rat,HO,gCAP,gCAP,endothelial,True,train
HO_CCAATTTTCGACCCAG-1,rat,HO,gCAP,gCAP,endothelial,True,train
HO_CCACAAAAGTCTGCGC-1,rat,HO,gCAP,gCAP,endothelial,True,train
HO_CCACGAGGTCAAAGTA-1,rat,HO,gCAP,gCAP,endothelial,True,train
HO_CCACGTTCATTGGCAT-1,rat,HO,gCAP,gCAP,endothelial,True,train
HO_CCACGTTGTGAGGATC-1,rat,HO,gCAP,gCAP,endothelial,True,train
HO_CCACTTGAGTTACGGG-1,rat,HO,gCAP,gCAP,endothelial,True,test
HO_CCATCACAGACTCAAA-1,rat,HO,gCAP,gCAP,endothelial,True,train
HO_CCATCACAGGTAGACC-1,rat,HO,gCAP,gCAP,endothelial,True,train
HO_CCCAACTAGGCTGTAG-1,rat,HO,gCAP,gCAP,endothelial,True,train
HO_CCCGAAGAGAATGTTG-1,rat,HO,gCAP,gCAP,endothelial,True,train
HO_CCCGGAATCCGGGACT-1,rat,HO,gCAP,gCAP,endothelial,True,train
HO_CCCGGAATCGAGAACG-1,rat,HO,gCAP,gCAP,endothelial,True,test
HO_CCCTAACGTCCTCAGG-1,rat,HO,gCAP,gCAP,endothelial,True,train
HO_CCCTCAAGTAAGCAAT-1,rat,HO,gCAP,gCAP,endothelial,True,train
HO_CCCTCTCCATAACGGG-1,rat,HO,gCAP,gCAP,endothelial,True,train
HO_CCCTGATAGGTCCCGT-1,rat,HO,gCAP,gCAP,endothelial,True,test
HO_CCCTTAGCATGAATAG-1,rat,HO,gCAP,gCAP,endothelial,True,train
HO_CCGAACGCACGGGCTT-1,rat,HO,gCAP,gCAP,endothelial,True,train
HO_CCGAACGGTGTAGCAG-1,rat,HO,gCAP,gCAP,endothelial,True,train
HO_CCGATGGTCTGGGCGT-1,rat,HO,gCAP,gCAP,endothelial,True,train
HO_CCGCAAGAGAAATGGG-1,rat,HO,gCAP,gCAP,endothelial,True,train
HO_CCGCAAGAGCAGCAGT-1,rat,HO,gCAP,gCAP,endothelial,True,test
HO_CCGGACAAGGCTATCT-1,rat,HO,gCAP,gCAP,endothelial,True,train
HO_CCGGACACATCTCCCA-1,rat,HO,gCAP,gCAP,endothelial,True,train
HO_CCGGTAGTCCGTTGAA-1,rat,HO,gCAP,gCAP,endothelial,True,train
HO_CCGGTAGTCGCAATGT-1,rat,HO,gCAP,gCAP,endothelial,True,valid
HO_CCGGTGAGTGTCGATT-1,rat,HO,gCAP,gCAP,endothelial,True,train
HO_CCGTTCAGTATGACAA-1,rat,HO,gCAP,gCAP,endothelial,True,train
HO_CCGTTCATCCAAGCAT-1,rat,HO,gCAP,gCAP,endothelial,True,train
HO_CCTAACCAGAGTCTTC-1,rat,HO,gCAP,gCAP,endothelial,True,train
HO_CCTAACCGTAATGTGA-1,rat,HO,gCAP,gCAP,endothelial,True,train
HO_CCTAAGAGTCCATAGT-1,rat,HO,gCAP,gCAP,endothelial,True,train
HO_CCTACGTCACGTGTGC-1,rat,HO,gCAP,gCAP,endothelial,True,test
HO_CCTACGTTCTCTATGT-1,rat,HO,gCAP,gCAP,endothelial,True,test
HO_CCTCAACAGAAAGTCT-1,rat,HO,gCAP,gCAP,endothelial,True,train
HO_CCTCACAAGGCCGCTT-1,rat,HO,gCAP,gCAP,endothelial,True,test
HO_CCTCACAGTGCATGTT-1,rat,HO,gCAP,gCAP,endothelial,True,test
HO_CCTCAGTTCTCTGAGA-1,rat,HO,gCAP,gCAP,endothelial,True,test
HO_CCTCATGGTTGCATTG-1,rat,HO,gCAP,gCAP,endothelial,True,test
HO_CCTCCAATCACCTCTG-1,rat,HO,gCAP,gCAP,endothelial,True,train
HO_CCTCTCCTCGAATGCT-1,rat,HO,gCAP,gCAP,endothelial,True,train
HO_CCTGCATAGCGGTAAC-1,rat,HO,gCAP,gCAP,endothelial,True,train
HO_CCTGCATGTGTCCGGT-1,rat,HO,gCAP,gCAP,endothelial,True,train
HO_CCTGTTGCAATGAACA-1,rat,HO,gCAP,gCAP,endothelial,True,test
HO_CCTGTTGTCGAGTTGT-1,rat,HO,gCAP,gCAP,endothelial,True,train
HO_CCTTGTGCAGGGATAC-1,rat,HO,gCAP,gCAP,endothelial,True,train
HO_CGAAGTTTCATTATCC-1,rat,HO,gCAP,gCAP,endothelial,True,train
HO_CGAATTGTCTCTTCAA-1,rat,HO,gCAP,gCAP,endothelial,True,train
HO_CGAGAAGGTACCGCGT-1,rat,HO,gCAP,gCAP,endothelial,True,train
HO_CGAGTGCAGTCGAATA-1,rat,HO,gCAP,gCAP,endothelial,True,train
HO_CGCATAAAGGCGACAT-1,rat,HO,gCAP,gCAP,endothelial,True,train
HO_CGCATAACAGCAGTTT-1,rat,HO,gCAP,gCAP,endothelial,True,train
HO_CGCATAACATGAAGCG-1,rat,HO,gCAP,gCAP,endothelial,True,train
HO_CGCATAAGTCCCTGAG-1,rat,HO,gCAP,gCAP,endothelial,True,train
HO_CGCCAGATCAACTGGT-1,rat,HO,gCAP,gCAP,endothelial,True,train
HO_CGGAATTCACCCTAGG-1,rat,HO,gCAP,gCAP,endothelial,True,test
HO_CGGAATTGTCGCTCGA-1,rat,HO,gCAP,gCAP,endothelial,True,test
HO_CGGAATTTCCACAGCG-1,rat,HO,gCAP,gCAP,endothelial,True,train
HO_CGGAGAACATGAAGGC-1,rat,HO,gCAP,gCAP,endothelial,True,train
HO_CGGAGAATCTAACGCA-1,rat,HO,gCAP,gCAP,endothelial,True,train
HO_CGGCAGTCACACTTAG-1,rat,HO,gCAP,gCAP,endothelial,True,train
HO_CGGGCATCATCACCAA-1,rat,HO,gCAP,gCAP,endothelial,True,train
HO_CGGGTCACACTGGATT-1,rat,HO,gCAP,gCAP,endothelial,True,train
HO_CGGGTGTTCCTACCAC-1,rat,HO,gCAP,gCAP,endothelial,True,train
HO_CGTAATGGTGACAACG-1,rat,HO,gCAP,gCAP,endothelial,True,train
HO_CGTAATGGTGTCCGGT-1,rat,HO,gCAP,gCAP,endothelial,True,train
HO_CGTAGTATCCACAGGC-1,rat,HO,gCAP,gCAP,endothelial,True,train
HO_CGTCAAATCCTCAGAA-1,rat,HO,gCAP,gCAP,endothelial,True,train
HO_CGTGATACAGAGAATT-1,rat,HO,gCAP,gCAP,endothelial,True,train
HO_CGTTCTGCAAGAGGCT-1,rat,HO,gCAP,gCAP,endothelial,True,train
HO_CGTTCTGGTGTCCGGT-1,rat,HO,gCAP,gCAP,endothelial,True,train
HO_CGTTGGGCAAATGAGT-1,rat,HO,gCAP,gCAP,endothelial,True,train
HO_CTAAGTGCACCAGTTA-1,rat,HO,gCAP,gCAP,endothelial,True,train
HO_CTACATTCATAAGCAA-1,rat,HO,gCAP,gCAP,endothelial,True,train
HO_CTACATTCATCTGCGG-1,rat,HO,gCAP,gCAP,endothelial,True,test
HO_CTACCTGGTAGATTGA-1,rat,HO,gCAP,gCAP,endothelial,True,train
HO_CTACCTGGTGCCCACA-1,rat,HO,gCAP,gCAP,endothelial,True,train
HO_CTACTATTCCTTTGAT-1,rat,HO,gCAP,gCAP,endothelial,True,train
HO_CTAGGTACAAGCTACT-1,rat,HO,gCAP,gCAP,endothelial,True,train
HO_CTCAACCCAAGAGGCT-1,rat,HO,gCAP,gCAP,endothelial,True,train
HO_CTCAATTGTCCGGACT-1,rat,HO,gCAP,gCAP,endothelial,True,test
HO_CTCAGTCTCCGGGACT-1,rat,HO,gCAP,gCAP,endothelial,True,train
HO_CTCATCGCATGATGCT-1,rat,HO,gCAP,gCAP,endothelial,True,train
HO_CTCATGCGTTCTCCCA-1,rat,HO,gCAP,gCAP,endothelial,True,train
HO_CTCCAACCATTGGCAT-1,rat,HO,gCAP,gCAP,endothelial,True,train
HO_CTCCCAACAAGCCCAC-1,rat,HO,gCAP,gCAP,endothelial,True,train
HO_CTCCCAACATGGAGAC-1,rat,HO,gCAP,gCAP,endothelial,True,train
HO_CTCCGATAGTGCGACA-1,rat,HO,gCAP,gCAP,endothelial,True,train
HO_CTCCTCCAGGTTGTTC-1,rat,HO,gCAP,gCAP,endothelial,True,test
HO_CTCGAGGAGAAGCCTG-1,rat,HO,gCAP,gCAP,endothelial,True,train
HO_CTCGAGGAGGATCACG-1,rat,HO,gCAP,gCAP,endothelial,True,train
HO_CTCGAGGGTATAGGGC-1,rat,HO,gCAP,gCAP,endothelial,True,train
HO_CTCTGGTAGGGTAATT-1,rat,HO,gCAP,gCAP,endothelial,True,train
HO_CTCTGGTTCATCGCAA-1,rat,HO,gCAP,gCAP,endothelial,True,train
HO_CTGAATGCACCCGTAG-1,rat,HO,gCAP,gCAP,endothelial,True,train
HO_CTGAGCGGTCAAAGTA-1,rat,HO,gCAP,gCAP,endothelial,True,train
HO_CTGAGGCAGGCCCGTT-1,rat,HO,gCAP,gCAP,endothelial,True,train
HO_CTGCAGGGTATAGCTC-1,rat,HO,gCAP,gCAP,endothelial,True,train
HO_CTGCAGGGTTCTCCAC-1,rat,HO,gCAP,gCAP,endothelial,True,train
HO_CTGCATCCATCATTGG-1,rat,HO,gCAP,gCAP,endothelial,True,train
HO_CTGCCATTCTAGTGTG-1,rat,HO,gCAP,gCAP,endothelial,True,train
HO_CTGCCTAAGTGCCCGT-1,rat,HO,gCAP,gCAP,endothelial,True,train
HO_CTGCCTAAGTTACGAA-1,rat,HO,gCAP,gCAP,endothelial,True,train
HO_CTGCCTATCTATTCGT-1,rat,HO,gCAP,gCAP,endothelial,True,train
HO_CTGCTCACAAAGGTTA-1,rat,HO,gCAP,gCAP,endothelial,True,train
HO_CTGGACGGTGTTGATC-1,rat,HO,gCAP,gCAP,endothelial,True,train
HO_CTGGCAGTCTTCCCGA-1,rat,HO,gCAP,gCAP,endothelial,True,train
HO_CTGTCGTCACCGGTCA-1,rat,HO,gCAP,gCAP,endothelial,True,train
HO_CTGTCGTGTCCGAAAG-1,rat,HO,gCAP,gCAP,endothelial,True,train
HO_CTGTGAAAGGGCAATC-1,rat,HO,gCAP,gCAP,endothelial,True,train
HO_CTTAGGAAGAAGGATG-1,rat,HO,gCAP,gCAP,endothelial,True,train
HO_CTTAGGATCATATGGC-1,rat,HO,gCAP,gCAP,endothelial,True,test
HO_CTTCAATTCGTCCTCA-1,rat,HO,gCAP,gCAP,endothelial,True,train
HO_CTTCTCTAGACCAGAC-1,rat,HO,gCAP,gCAP,endothelial,True,test
HO_CTTGATTTCATGCCCT-1,rat,HO,gCAP,gCAP,endothelial,True,train
HO_CTTTCGGAGCATGCAG-1,rat,HO,gCAP,gCAP,endothelial,True,test
HO_CTTTCGGCAAATGAGT-1,rat,HO,gCAP,gCAP,endothelial,True,train
HO_GAAATGACAAACTCGT-1,rat,HO,gCAP,gCAP,endothelial,True,train
HO_GAACGTTAGAGCTTTC-1,rat,HO,gCAP,gCAP,endothelial,True,train
HO_GAACGTTTCCCAGGCA-1,rat,HO,gCAP,gCAP,endothelial,True,test
HO_GAACTGTAGTGGTTCT-1,rat,HO,gCAP,gCAP,endothelial,True,test
HO_GAACTGTCATTACGGT-1,rat,HO,gCAP,gCAP,endothelial,True,train
HO_GAAGCCCGTCCGTTTC-1,rat,HO,gCAP,gCAP,endothelial,True,train
HO_GAAGCGAAGGAGAGTA-1,rat,HO,gCAP,gCAP,endothelial,True,test
HO_GAAGCGACACTGCGAC-1,rat,HO,gCAP,gCAP,endothelial,True,train
HO_GAAGGACGTCAATGGG-1,rat,HO,gCAP,gCAP,endothelial,True,valid
HO_GAATCACAGTCGTCTA-1,rat,HO,gCAP,gCAP,endothelial,True,train
HO_GAATCGTGTGATTCTG-1,rat,HO,gCAP,gCAP,endothelial,True,train
HO_GACATCAGTGAACGGT-1,rat,HO,gCAP,gCAP,endothelial,True,train
HO_GACCCAGTCACTGTCC-1,rat,HO,gCAP,gCAP,endothelial,True,train
HO_GACCCAGTCTACTTCA-1,rat,HO,gCAP,gCAP,endothelial,True,train
HO_GACCTTCAGGGAACAA-1,rat,HO,gCAP,gCAP,endothelial,True,train
HO_GACCTTCTCTAAGAAG-1,rat,HO,gCAP,gCAP,endothelial,True,train
HO_GACGCTGTCGGCTCTT-1,rat,HO,gCAP,gCAP,endothelial,True,train
HO_GACTCAAAGTAATACG-1,rat,HO,gCAP,gCAP,endothelial,True,train
HO_GACTGATCAGCAGACA-1,rat,HO,gCAP,gCAP,endothelial,True,train
HO_GACTGATTCTACCTTA-1,rat,HO,gCAP,gCAP,endothelial,True,train
HO_GACTTCCAGTGGCGAT-1,rat,HO,gCAP,gCAP,endothelial,True,train
HO_GAGAAATAGCCAGAGT-1,rat,HO,gCAP,gCAP,endothelial,True,train
HO_GAGAAATTCACTGTCC-1,rat,HO,gCAP,gCAP,endothelial,True,train
HO_GAGACCCCAGAGATGC-1,rat,HO,gCAP,gCAP,endothelial,True,train
HO_GAGACCCTCCGATGTA-1,rat,HO,gCAP,gCAP,endothelial,True,train
HO_GAGACTTGTCTGTGTA-1,rat,HO,gCAP,gCAP,endothelial,True,train
HO_GAGAGGTCAACTTGCA-1,rat,HO,gCAP,gCAP,endothelial,True,train
HO_GAGCCTGTCTGGTGCG-1,rat,HO,gCAP,gCAP,endothelial,True,train
HO_GAGCTGCTCTCACTCG-1,rat,HO,gCAP,gCAP,endothelial,True,train
HO_GAGGCAACACGACAGA-1,rat,HO,gCAP,gCAP,endothelial,True,train
HO_GAGGCAATCTTTCTAG-1,rat,HO,gCAP,gCAP,endothelial,True,train
HO_GAGGCCTGTGCCGAAA-1,rat,HO,gCAP,gCAP,endothelial,True,train
HO_GAGTCTACACAAATCC-1,rat,HO,gCAP,gCAP,endothelial,True,test
HO_GAGTGAGAGTCGTTAC-1,rat,HO,gCAP,gCAP,endothelial,True,train
HO_GAGTGAGGTCTGTGTA-1,rat,HO,gCAP,gCAP,endothelial,True,train
HO_GAGTGAGGTTAGAAAC-1,rat,HO,gCAP,gCAP,endothelial,True,train
HO_GAGTGTTAGGCTTTCA-1,rat,HO,gCAP,gCAP,endothelial,True,train
HO_GAGTGTTAGGGCCCTT-1,rat,HO,gCAP,gCAP,endothelial,True,train
HO_GAGTGTTCACGGGCTT-1,rat,HO,gCAP,gCAP,endothelial,True,train
HO_GAGTGTTGTCTCGCGA-1,rat,HO,gCAP,gCAP,endothelial,True,train
HO_GAGTTGTGTGGCAACA-1,rat,HO,gCAP,gCAP,endothelial,True,train
HO_GATAGCTGTGAGAACC-1,rat,HO,gCAP,gCAP,endothelial,True,train
HO_GATAGCTTCAGTCTTT-1,rat,HO,gCAP,gCAP,endothelial,True,train
HO_GATCACATCACTCCGT-1,rat,HO,gCAP,gCAP,endothelial,True,train
HO_GATCATGGTTGGGTTT-1,rat,HO,gCAP,gCAP,endothelial,True,train
HO_GATCCCTCAACCGACC-1,rat,HO,gCAP,gCAP,endothelial,True,train
HO_GATCGTATCGTCAGAT-1,rat,HO,gCAP,gCAP,endothelial,True,train
HO_GATGACTAGGAAACGA-1,rat,HO,gCAP,gCAP,endothelial,True,train
HO_GATGCTAAGCTCGAAG-1,rat,HO,gCAP,gCAP,endothelial,True,train
HO_GATGCTACAACAGTGG-1,rat,HO,gCAP,gCAP,endothelial,True,train
HO_GATTCGACAGCGTATT-1,rat,HO,gCAP,gCAP,endothelial,True,test
HO_GATTCTTAGGGTACGT-1,rat,HO,gCAP,gCAP,endothelial,True,test
HO_GATTCTTCATGGAACG-1,rat,HO,gCAP,gCAP,endothelial,True,valid
HO_GATTCTTGTATAATGG-1,rat,HO,gCAP,gCAP,endothelial,True,train
HO_GATTGGTAGTGCACTT-1,rat,HO,gCAP,gCAP,endothelial,True,test
HO_GATTGGTTCAAGCCCG-1,rat,HO,gCAP,gCAP,endothelial,True,train
HO_GCAACATGTACGGGAT-1,rat,HO,gCAP,gCAP,endothelial,True,train
HO_GCAACATGTGAGTAGC-1,rat,HO,gCAP,gCAP,endothelial,True,train
HO_GCAACCGTCCAAGCAT-1,rat,HO,gCAP,gCAP,endothelial,True,test
HO_GCACATATCATACGGT-1,rat,HO,gCAP,gCAP,endothelial,True,train
HO_GCAGCCAGTGAGAACC-1,rat,HO,gCAP,gCAP,endothelial,True,train
HO_GCAGGCTGTGACCGAA-1,rat,HO,gCAP,gCAP,endothelial,True,train
HO_GCAGTTAAGCTCCACG-1,rat,HO,gCAP,gCAP,endothelial,True,train
HO_GCATCGGCAAACTCGT-1,rat,HO,gCAP,gCAP,endothelial,True,train
HO_GCATCTCAGCCATATC-1,rat,HO,gCAP,gCAP,endothelial,True,train
HO_GCATGATCAGGTCCCA-1,rat,HO,gCAP,gCAP,endothelial,True,test
HO_GCCAACGAGAATGTTG-1,rat,HO,gCAP,gCAP,endothelial,True,train
HO_GCCAACGGTACTTCCC-1,rat,HO,gCAP,gCAP,endothelial,True,train
HO_GCCAGCACAGGAATCG-1,rat,HO,gCAP,gCAP,endothelial,True,train
HO_GCCAGGTGTGGTCTTA-1,rat,HO,gCAP,gCAP,endothelial,True,train
HO_GCCAGGTTCCACTGAA-1,rat,HO,gCAP,gCAP,endothelial,True,test
HO_GCCCAGAGTTTCACAG-1,rat,HO,gCAP,gCAP,endothelial,True,train
HO_GCCGTGACATGCGGTC-1,rat,HO,gCAP,gCAP,endothelial,True,train
HO_GCGGATCGTGTCCTAA-1,rat,HO,gCAP,gCAP,endothelial,True,train
HO_GCGTTTCCACGTAGAG-1,rat,HO,gCAP,gCAP,endothelial,True,train
HO_GCGTTTCCAGTAGTTC-1,rat,HO,gCAP,gCAP,endothelial,True,train
HO_GCGTTTCTCTTCGTAT-1,rat,HO,gCAP,gCAP,endothelial,True,train
HO_GCTTCACCACCAATTG-1,rat,HO,gCAP,gCAP,endothelial,True,train
HO_GCTTGGGAGGTAAAGG-1,rat,HO,gCAP,gCAP,endothelial,True,train
HO_GCTTGGGCAAATTAGG-1,rat,HO,gCAP,gCAP,endothelial,True,train
HO_GCTTTCGAGTTCTACG-1,rat,HO,gCAP,gCAP,endothelial,True,test
HO_GGAACCCAGGGAGGTG-1,rat,HO,gCAP,gCAP,endothelial,True,train
HO_GGAACCCCAACCACGC-1,rat,HO,gCAP,gCAP,endothelial,True,train
HO_GGAACCCGTTCCGTTC-1,rat,HO,gCAP,gCAP,endothelial,True,train
HO_GGAAGTGAGCTGAGCA-1,rat,HO,gCAP,gCAP,endothelial,True,train
HO_GGAAGTGGTCGTTATG-1,rat,HO,gCAP,gCAP,endothelial,True,train
HO_GGAGATGGTCCGTACG-1,rat,HO,gCAP,gCAP,endothelial,True,train
HO_GGAGCAATCGTCTAAG-1,rat,HO,gCAP,gCAP,endothelial,True,train
HO_GGAGGATAGGCCTGAA-1,rat,HO,gCAP,gCAP,endothelial,True,train
HO_GGAGGTATCGTTCTCG-1,rat,HO,gCAP,gCAP,endothelial,True,train
HO_GGATGTTCACCTAAAC-1,rat,HO,gCAP,gCAP,endothelial,True,test
HO_GGCAGTCGTTAGTTCG-1,rat,HO,gCAP,gCAP,endothelial,True,train
HO_GGCGTCAAGGATGCGT-1,rat,HO,gCAP,gCAP,endothelial,True,train
HO_GGCTGTGGTTTGGGAG-1,rat,HO,gCAP,gCAP,endothelial,True,train
HO_GGCTTGGCAGATGCGA-1,rat,HO,gCAP,gCAP,endothelial,True,train
HO_GGCTTGGGTTCGAACT-1,rat,HO,gCAP,gCAP,endothelial,True,train
HO_GGCTTGGTCGTGGGTC-1,rat,HO,gCAP,gCAP,endothelial,True,train
HO_GGCTTTCGTCAAGTTC-1,rat,HO,gCAP,gCAP,endothelial,True,train
HO_GGGACAACATCCTTCG-1,rat,HO,gCAP,gCAP,endothelial,True,test
HO_GGGACCTCACATGACT-1,rat,HO,gCAP,gCAP,endothelial,True,train
HO_GGGACCTGTCTGTGAT-1,rat,HO,gCAP,gCAP,endothelial,True,train
HO_GGGACCTTCGTAGTGT-1,rat,HO,gCAP,gCAP,endothelial,True,train
HO_GGGAGATAGACGCTCC-1,rat,HO,gCAP,gCAP,endothelial,True,test
HO_GGGAGATTCACAAGAA-1,rat,HO,gCAP,gCAP,endothelial,True,train
HO_GGGATCCCACGTTGGC-1,rat,HO,gCAP,gCAP,endothelial,True,train
HO_GGGCTACGTCTTGAAC-1,rat,HO,gCAP,gCAP,endothelial,True,train
HO_GGGTAGAAGGTTGAGC-1,rat,HO,gCAP,gCAP,endothelial,True,train
HO_GGGTAGATCACTCCGT-1,rat,HO,gCAP,gCAP,endothelial,True,train
HO_GGGTCACAGTGGTTAA-1,rat,HO,gCAP,gCAP,endothelial,True,train
HO_GGGTGAAGTAGCTGAG-1,rat,HO,gCAP,gCAP,endothelial,True,train
HO_GGGTGTCAGGTGCTGA-1,rat,HO,gCAP,gCAP,endothelial,True,test
HO_GGGTGTCGTGGTCCGT-1,rat,HO,gCAP,gCAP,endothelial,True,train
HO_GGGTTATCACGACGAA-1,rat,HO,gCAP,gCAP,endothelial,True,train
HO_GGGTTTATCCAAACCA-1,rat,HO,gCAP,gCAP,endothelial,True,train
HO_GGTAACTCACGAAAGC-1,rat,HO,gCAP,gCAP,endothelial,True,test
HO_GGTAACTGTTACCTTT-1,rat,HO,gCAP,gCAP,endothelial,True,train
HO_GGTCACGTCCGAGATT-1,rat,HO,gCAP,gCAP,endothelial,True,train
HO_GGTCTGGGTAGGTAGC-1,rat,HO,gCAP,gCAP,endothelial,True,train
HO_GGTGATTAGCCGGAAT-1,rat,HO,gCAP,gCAP,endothelial,True,train
HO_GGTGATTGTCACAGAG-1,rat,HO,gCAP,gCAP,endothelial,True,train
HO_GGTGTCGGTGCGGTAA-1,rat,HO,gCAP,gCAP,endothelial,True,train
HO_GGTTAACTCACAATGC-1,rat,HO,gCAP,gCAP,endothelial,True,train
HO_GTAACACCAAGGCAAC-1,rat,HO,gCAP,gCAP,endothelial,True,train
HO_GTAACCAAGGTAAAGG-1,rat,HO,gCAP,gCAP,endothelial,True,train
HO_GTAACCAAGTAAGGGA-1,rat,HO,gCAP,gCAP,endothelial,True,train
HO_GTAACCAAGTTGCCCG-1,rat,HO,gCAP,gCAP,endothelial,True,train
HO_GTAACCACAAATTAGG-1,rat,HO,gCAP,gCAP,endothelial,True,test
HO_GTAACCAGTCGTTATG-1,rat,HO,gCAP,gCAP,endothelial,True,train
HO_GTAACCAGTGAGATTA-1,rat,HO,gCAP,gCAP,endothelial,True,train
HO_GTAATCGGTAATACCC-1,rat,HO,gCAP,gCAP,endothelial,True,test
HO_GTAATGCAGTAGGCCA-1,rat,HO,gCAP,gCAP,endothelial,True,train
HO_GTAATGCCAGCTGTTA-1,rat,HO,gCAP,gCAP,endothelial,True,train
HO_GTAATGCTCAAGATAG-1,rat,HO,gCAP,gCAP,endothelial,True,train
HO_GTAGAAACACTACACA-1,rat,HO,gCAP,gCAP,endothelial,True,train
HO_GTAGCTAAGTCCTGTA-1,rat,HO,gCAP,gCAP,endothelial,True,train
HO_GTCAAGTGTGATATAG-1,rat,HO,gCAP,gCAP,endothelial,True,train
HO_GTCACGGTCTCAACGA-1,rat,HO,gCAP,gCAP,endothelial,True,train
HO_GTCACTCCAATTTCGG-1,rat,HO,gCAP,gCAP,endothelial,True,train
HO_GTCACTCCACCTGCAG-1,rat,HO,gCAP,gCAP,endothelial,True,train
HO_GTCATCCAGTAGATCA-1,rat,HO,gCAP,gCAP,endothelial,True,train
HO_GTCATCCCACGTGTGC-1,rat,HO,gCAP,gCAP,endothelial,True,train
HO_GTCATGAAGCGTTCAT-1,rat,HO,gCAP,gCAP,endothelial,True,train
HO_GTCATGAGTGATTCAC-1,rat,HO,gCAP,gCAP,endothelial,True,test
HO_GTCCCATGTGAGGAAA-1,rat,HO,gCAP,gCAP,endothelial,True,train
HO_GTCCCATGTGCCGTTG-1,rat,HO,gCAP,gCAP,endothelial,True,train
HO_GTCCTCATCACCTCGT-1,rat,HO,gCAP,gCAP,endothelial,True,train
HO_GTCGCGACATCGATCA-1,rat,HO,gCAP,gCAP,endothelial,True,train
HO_GTCGCGAGTCCTCATC-1,rat,HO,gCAP,gCAP,endothelial,True,test
HO_GTCGTAATCCTACCGT-1,rat,HO,gCAP,gCAP,endothelial,True,train
HO_GTCGTTCAGGATCACG-1,rat,HO,gCAP,gCAP,endothelial,True,train
HO_GTCGTTCGTCAAAGCG-1,rat,HO,gCAP,gCAP,endothelial,True,train
HO_GTCGTTCTCGCCGATG-1,rat,HO,gCAP,gCAP,endothelial,True,train
HO_GTCTAGAAGAAGTATC-1,rat,HO,gCAP,gCAP,endothelial,True,train
HO_GTCTTTATCATTATCC-1,rat,HO,gCAP,gCAP,endothelial,True,train
HO_GTGACGCAGTCATAGA-1,rat,HO,gCAP,gCAP,endothelial,True,train
HO_GTGAGGAGTATGACAA-1,rat,HO,gCAP,gCAP,endothelial,True,train
HO_GTGAGGATCATTACGG-1,rat,HO,gCAP,gCAP,endothelial,True,test
HO_GTGAGGATCGCAAGAG-1,rat,HO,gCAP,gCAP,endothelial,True,test
HO_GTGAGTTCATGGCTAT-1,rat,HO,gCAP,gCAP,endothelial,True,train
HO_GTGAGTTGTTGTCAGT-1,rat,HO,gCAP,gCAP,endothelial,True,train
HO_GTGATGTAGCACTCGC-1,rat,HO,gCAP,gCAP,endothelial,True,train
HO_GTGCAGCAGCGTCAGA-1,rat,HO,gCAP,gCAP,endothelial,True,train
HO_GTGCAGCCAGTCTGGC-1,rat,HO,gCAP,gCAP,endothelial,True,train
HO_GTGGAGAAGATAACGT-1,rat,HO,gCAP,gCAP,endothelial,True,train
HO_GTGGAGACACTTGTGA-1,rat,HO,gCAP,gCAP,endothelial,True,train
HO_GTGGCGTCACGGCTAC-1,rat,HO,gCAP,gCAP,endothelial,True,train
HO_GTGGCGTGTCATCGGC-1,rat,HO,gCAP,gCAP,endothelial,True,train
HO_GTGGCGTTCTGGGATT-1,rat,HO,gCAP,gCAP,endothelial,True,train
HO_GTGGGAATCCGATAGT-1,rat,HO,gCAP,gCAP,endothelial,True,train
HO_GTGTAACGTCCCGTGA-1,rat,HO,gCAP,gCAP,endothelial,True,train
HO_GTGTAACTCAAGCTGT-1,rat,HO,gCAP,gCAP,endothelial,True,test
HO_GTGTCCTTCCCTTTGG-1,rat,HO,gCAP,gCAP,endothelial,True,train
HO_GTGTGGCAGATCGGTG-1,rat,HO,gCAP,gCAP,endothelial,True,test
HO_GTGTTAGCAGAGAATT-1,rat,HO,gCAP,gCAP,endothelial,True,train
HO_GTGTTAGGTCGGAAAC-1,rat,HO,gCAP,gCAP,endothelial,True,train
HO_GTGTTCCTCCATGATG-1,rat,HO,gCAP,gCAP,endothelial,True,test
HO_GTTACCCCAACGGTAG-1,rat,HO,gCAP,gCAP,endothelial,True,test
HO_GTTACCCCACTTCAGA-1,rat,HO,gCAP,gCAP,endothelial,True,train
HO_GTTCATTGTTCCTAGA-1,rat,HO,gCAP,gCAP,endothelial,True,train
HO_GTTCCGTAGATTGCGG-1,rat,HO,gCAP,gCAP,endothelial,True,train
HO_GTTCCGTCATGCGGTC-1,rat,HO,gCAP,gCAP,endothelial,True,test
HO_GTTCCGTGTACGTGAG-1,rat,HO,gCAP,gCAP,endothelial,True,train
HO_GTTCCGTGTGCACAAG-1,rat,HO,gCAP,gCAP,endothelial,True,train
HO_GTTCTATAGTTCACTG-1,rat,HO,gCAP,gCAP,endothelial,True,train
HO_GTTGCGGAGGTTACAA-1,rat,HO,gCAP,gCAP,endothelial,True,train
HO_GTTTGGACACGACGCT-1,rat,HO,gCAP,gCAP,endothelial,True,train
HO_GTTTGGAGTACGTACT-1,rat,HO,gCAP,gCAP,endothelial,True,test
HO_GTTTGGATCGAGCCTG-1,rat,HO,gCAP,gCAP,endothelial,True,train
HO_GTTTGGATCTCTCGCA-1,rat,HO,gCAP,gCAP,endothelial,True,train
HO_TAACACGGTATCGATC-1,rat,HO,gCAP,gCAP,endothelial,True,train
HO_TAACACGGTTCTCCCA-1,rat,HO,gCAP,gCAP,endothelial,True,train
HO_TAACCAGCAGCACACC-1,rat,HO,gCAP,gCAP,endothelial,True,train
HO_TAACCAGGTCGCTTGG-1,rat,HO,gCAP,gCAP,endothelial,True,train
HO_TAACGACCAGACGCTC-1,rat,HO,gCAP,gCAP,endothelial,True,train
HO_TAACGACGTTCGGTAT-1,rat,HO,gCAP,gCAP,endothelial,True,test
HO_TAAGCACAGATCGGTG-1,rat,HO,gCAP,gCAP,endothelial,True,train
HO_TAAGCCACACGGTGAA-1,rat,HO,gCAP,gCAP,endothelial,True,train
HO_TAAGCCATCTCGCTTG-1,rat,HO,gCAP,gCAP,endothelial,True,train
HO_TAAGTCGGTCACTCAA-1,rat,HO,gCAP,gCAP,endothelial,True,test
HO_TACAACGGTGACAGGT-1,rat,HO,gCAP,gCAP,endothelial,True,train
HO_TACACCCAGCAGATAT-1,rat,HO,gCAP,gCAP,endothelial,True,train
HO_TACAGGTCATCCGTTC-1,rat,HO,gCAP,gCAP,endothelial,True,train
HO_TACATTCCACACCGCA-1,rat,HO,gCAP,gCAP,endothelial,True,train
HO_TACATTCTCTAAGCGT-1,rat,HO,gCAP,gCAP,endothelial,True,train
HO_TACCCACGTCCACAGC-1,rat,HO,gCAP,gCAP,endothelial,True,test
HO_TACCCGTAGTGAGGCT-1,rat,HO,gCAP,gCAP,endothelial,True,train
HO_TACCTGCCATCGGATT-1,rat,HO,gCAP,gCAP,endothelial,True,train
HO_TACGCTCGTGGGTTGA-1,rat,HO,gCAP,gCAP,endothelial,True,test
HO_TACGGGCGTCTTGAAC-1,rat,HO,gCAP,gCAP,endothelial,True,train
HO_TACGGGCTCCTGCTAC-1,rat,HO,gCAP,gCAP,endothelial,True,test
HO_TACGTCCCATAATCGC-1,rat,HO,gCAP,gCAP,endothelial,True,train
HO_TACTTACGTGAGACCA-1,rat,HO,gCAP,gCAP,endothelial,True,train
HO_TACTTGTTCGTCTCAC-1,rat,HO,gCAP,gCAP,endothelial,True,test
HO_TACTTGTTCTTTCTAG-1,rat,HO,gCAP,gCAP,endothelial,True,train
HO_TAGACCAGTCTACTGA-1,rat,HO,gCAP,gCAP,endothelial,True,train
HO_TAGACCAGTGGCATCC-1,rat,HO,gCAP,gCAP,endothelial,True,train
HO_TAGACTGCACATAGCT-1,rat,HO,gCAP,gCAP,endothelial,True,train
HO_TAGACTGCATGCGGTC-1,rat,HO,gCAP,gCAP,endothelial,True,train
HO_TAGACTGGTGATAGAT-1,rat,HO,gCAP,gCAP,endothelial,True,test
HO_TAGGTACAGCAAATGT-1,rat,HO,gCAP,gCAP,endothelial,True,train
HO_TAGGTACCACCCTGAG-1,rat,HO,gCAP,gCAP,endothelial,True,train
HO_TAGGTACGTTAAGGGC-1,rat,HO,gCAP,gCAP,endothelial,True,train
HO_TAGGTTGAGTATGTAG-1,rat,HO,gCAP,gCAP,endothelial,True,train
HO_TAGTGCAAGTTCATGC-1,rat,HO,gCAP,gCAP,endothelial,True,train
HO_TAGTGCAGTGACCGAA-1,rat,HO,gCAP,gCAP,endothelial,True,train
HO_TATACCTGTGCTCCGA-1,rat,HO,gCAP,gCAP,endothelial,True,train
HO_TATATCCGTGAATATG-1,rat,HO,gCAP,gCAP,endothelial,True,train
HO_TATCTTGAGACCAACG-1,rat,HO,gCAP,gCAP,endothelial,True,train
HO_TATCTTGGTGCACATT-1,rat,HO,gCAP,gCAP,endothelial,True,train
HO_TATTGGGTCATCACCC-1,rat,HO,gCAP,gCAP,endothelial,True,train
HO_TCAAGCAAGGCCACTC-1,rat,HO,gCAP,gCAP,endothelial,True,train
HO_TCAAGTGCACAATGCT-1,rat,HO,gCAP,gCAP,endothelial,True,test
HO_TCAATTCGTCGAAGCA-1,rat,HO,gCAP,gCAP,endothelial,True,train
HO_TCAATTCTCCGTGGCA-1,rat,HO,gCAP,gCAP,endothelial,True,train
HO_TCACAAGAGCCTCAAT-1,rat,HO,gCAP,gCAP,endothelial,True,train
HO_TCACAAGCAATTTCGG-1,rat,HO,gCAP,gCAP,endothelial,True,train
HO_TCACAAGCACGCACCA-1,rat,HO,gCAP,gCAP,endothelial,True,train
HO_TCACAAGCATGACTTG-1,rat,HO,gCAP,gCAP,endothelial,True,train
HO_TCACAAGGTTCATCTT-1,rat,HO,gCAP,gCAP,endothelial,True,train
HO_TCACGCTCAACTGAAA-1,rat,HO,gCAP,gCAP,endothelial,True,train
HO_TCACGGGAGTGTAGAT-1,rat,HO,gCAP,gCAP,endothelial,True,train
HO_TCACTATGTCCATCTC-1,rat,HO,gCAP,gCAP,endothelial,True,train
HO_TCACTCGTCACAACCA-1,rat,HO,gCAP,gCAP,endothelial,True,train
HO_TCAGCAAAGTTTGGCT-1,rat,HO,gCAP,gCAP,endothelial,True,train
HO_TCAGCCTAGTGATAAC-1,rat,HO,gCAP,gCAP,endothelial,True,train
HO_TCAGGGCCATGGCTAT-1,rat,HO,gCAP,gCAP,endothelial,True,train
HO_TCAGGTAAGTGGTGAC-1,rat,HO,gCAP,gCAP,endothelial,True,test
HO_TCAGGTAGTGTCCTAA-1,rat,HO,gCAP,gCAP,endothelial,True,train
HO_TCAGTCCAGTTGGGAC-1,rat,HO,gCAP,gCAP,endothelial,True,train
HO_TCAGTGAAGTGAGTTA-1,rat,HO,gCAP,gCAP,endothelial,True,train
HO_TCATACTTCGGCCTTT-1,rat,HO,gCAP,gCAP,endothelial,True,train
HO_TCATACTTCTTGCAAG-1,rat,HO,gCAP,gCAP,endothelial,True,train
HO_TCATATCTCAAAGACA-1,rat,HO,gCAP,gCAP,endothelial,True,test
HO_TCATCATCAACGGCTC-1,rat,HO,gCAP,gCAP,endothelial,True,test
HO_TCATGGAAGAAGGCTC-1,rat,HO,gCAP,gCAP,endothelial,True,train
HO_TCATTCACATCCAATG-1,rat,HO,gCAP,gCAP,endothelial,True,train
HO_TCATTCATCGCTGCGA-1,rat,HO,gCAP,gCAP,endothelial,True,train
HO_TCCACCATCTCTGAGA-1,rat,HO,gCAP,gCAP,endothelial,True,train
HO_TCCACGTCAGGTGTTT-1,rat,HO,gCAP,gCAP,endothelial,True,train
HO_TCCACGTTCCGTGGTG-1,rat,HO,gCAP,gCAP,endothelial,True,train
HO_TCCAGAAGTTTAAGGA-1,rat,HO,gCAP,gCAP,endothelial,True,test
HO_TCCAGAATCCTTCGAC-1,rat,HO,gCAP,gCAP,endothelial,True,train
HO_TCCATGCCACACCTGG-1,rat,HO,gCAP,gCAP,endothelial,True,train
HO_TCCCACAAGCCATCCG-1,rat,HO,gCAP,gCAP,endothelial,True,train
HO_TCCCATGGTAACGATA-1,rat,HO,gCAP,gCAP,endothelial,True,train
HO_TCCGAAACAGTCGTTA-1,rat,HO,gCAP,gCAP,endothelial,True,train
HO_TCCGGGACACAAGTTC-1,rat,HO,gCAP,gCAP,endothelial,True,train
HO_TCCGTGTGTGGCTTAT-1,rat,HO,gCAP,gCAP,endothelial,True,train
HO_TCCGTGTTCATGCTAG-1,rat,HO,gCAP,gCAP,endothelial,True,train
HO_TCCTAATGTGCGACAA-1,rat,HO,gCAP,gCAP,endothelial,True,train
HO_TCCTAATTCTAGCCTC-1,rat,HO,gCAP,gCAP,endothelial,True,test
HO_TCCTCCCCAGAACATA-1,rat,HO,gCAP,gCAP,endothelial,True,train
HO_TCCTCTTAGTAGGTTA-1,rat,HO,gCAP,gCAP,endothelial,True,train
HO_TCCTCTTTCAGGTGTT-1,rat,HO,gCAP,gCAP,endothelial,True,train
HO_TCCTTCTGTATCTTCT-1,rat,HO,gCAP,gCAP,endothelial,True,test
HO_TCGACCTAGAGTCTGG-1,rat,HO,gCAP,gCAP,endothelial,True,test
HO_TCGACGGAGACCAAAT-1,rat,HO,gCAP,gCAP,endothelial,True,train
HO_TCGACGGCATGATAGA-1,rat,HO,gCAP,gCAP,endothelial,True,test
HO_TCGATTTAGCCGTCGT-1,rat,HO,gCAP,gCAP,endothelial,True,train
HO_TCGCACTGTCGAATTC-1,rat,HO,gCAP,gCAP,endothelial,True,train
HO_TCGCAGGAGGACTGGT-1,rat,HO,gCAP,gCAP,endothelial,True,test
HO_TCGCTCAAGTGAGCCA-1,rat,HO,gCAP,gCAP,endothelial,True,train
HO_TCGCTCACAAATCAAG-1,rat,HO,gCAP,gCAP,endothelial,True,train
HO_TCGCTCAGTTTGTTCT-1,rat,HO,gCAP,gCAP,endothelial,True,test
HO_TCGCTCATCTTCCCGA-1,rat,HO,gCAP,gCAP,endothelial,True,test
HO_TCGGGACAGGAACTAT-1,rat,HO,gCAP,gCAP,endothelial,True,train
HO_TCGGGACGTCCGGACT-1,rat,HO,gCAP,gCAP,endothelial,True,train
HO_TCGGTCTGTGGCGTAA-1,rat,HO,gCAP,gCAP,endothelial,True,train
HO_TCGTAGATCCAAGGGA-1,rat,HO,gCAP,gCAP,endothelial,True,test
HO_TCTATACAGCCGCTTG-1,rat,HO,gCAP,gCAP,endothelial,True,train
HO_TCTATACCACTTCATT-1,rat,HO,gCAP,gCAP,endothelial,True,train
HO_TCTATCAAGAGGGTAA-1,rat,HO,gCAP,gCAP,endothelial,True,test
HO_TCTCACGCAGCTTTCC-1,rat,HO,gCAP,gCAP,endothelial,True,train
HO_TCTCAGCAGCCTGTGC-1,rat,HO,gCAP,gCAP,endothelial,True,train
HO_TCTGCCAGTAGTTACC-1,rat,HO,gCAP,gCAP,endothelial,True,test
HO_TCTGGCTTCACCGGGT-1,rat,HO,gCAP,gCAP,endothelial,True,train
HO_TCTGTCGAGCACTCCG-1,rat,HO,gCAP,gCAP,endothelial,True,train
HO_TCTGTCGGTAGGTCAG-1,rat,HO,gCAP,gCAP,endothelial,True,train
HO_TCTTAGTAGTCAGGGT-1,rat,HO,gCAP,gCAP,endothelial,True,train
HO_TCTTAGTCAGAGTTGG-1,rat,HO,gCAP,gCAP,endothelial,True,train
HO_TCTTGCGCATGGAACG-1,rat,HO,gCAP,gCAP,endothelial,True,train
HO_TCTTTGAAGCACTCAT-1,rat,HO,gCAP,gCAP,endothelial,True,train
HO_TCTTTGATCCTAGAGT-1,rat,HO,gCAP,gCAP,endothelial,True,train
HO_TGAACGTCACAGCCAC-1,rat,HO,gCAP,gCAP,endothelial,True,train
HO_TGACAGTTCACTTCTA-1,rat,HO,gCAP,gCAP,endothelial,True,train
HO_TGACAGTTCATTGTGG-1,rat,HO,gCAP,gCAP,endothelial,True,train
HO_TGAGACTTCCTGCTAC-1,rat,HO,gCAP,gCAP,endothelial,True,train
HO_TGAGCATCATCGAACT-1,rat,HO,gCAP,gCAP,endothelial,True,train
HO_TGAGCGCAGTATAACG-1,rat,HO,gCAP,gCAP,endothelial,True,train
HO_TGAGGAGCAGGCGAAT-1,rat,HO,gCAP,gCAP,endothelial,True,train
HO_TGAGGAGTCCAGTGTA-1,rat,HO,gCAP,gCAP,endothelial,True,train
HO_TGAGGTTCAACCGTGC-1,rat,HO,gCAP,gCAP,endothelial,True,train
HO_TGAGTCACAAAGGGCT-1,rat,HO,gCAP,gCAP,endothelial,True,train
HO_TGAGTCATCATCACAG-1,rat,HO,gCAP,gCAP,endothelial,True,train
HO_TGATTCTAGCTCCCTT-1,rat,HO,gCAP,gCAP,endothelial,True,train
HO_TGATTTCAGATGTAGT-1,rat,HO,gCAP,gCAP,endothelial,True,train
HO_TGATTTCAGCGCCCAT-1,rat,HO,gCAP,gCAP,endothelial,True,train
HO_TGCACGGAGGAAGTGA-1,rat,HO,gCAP,gCAP,endothelial,True,train
HO_TGCAGGCGTCTGTCCT-1,rat,HO,gCAP,gCAP,endothelial,True,train
HO_TGCATCCTCAGTCTTT-1,rat,HO,gCAP,gCAP,endothelial,True,train
HO_TGCATCCTCAGTGTGT-1,rat,HO,gCAP,gCAP,endothelial,True,train
HO_TGCGACGTCGAACGGA-1,rat,HO,gCAP,gCAP,endothelial,True,test
HO_TGCGGCAGTACCAATC-1,rat,HO,gCAP,gCAP,endothelial,True,train
HO_TGCTCCAAGCGAGTCA-1,rat,HO,gCAP,gCAP,endothelial,True,train
HO_TGCTCCACACGCTGAC-1,rat,HO,gCAP,gCAP,endothelial,True,test
HO_TGCTCCACAGGTAGTG-1,rat,HO,gCAP,gCAP,endothelial,True,train
HO_TGCTGAACAAATGCTC-1,rat,HO,gCAP,gCAP,endothelial,True,train
HO_TGCTTGCCAACAGTGG-1,rat,HO,gCAP,gCAP,endothelial,True,train
HO_TGCTTGCCACGACCTG-1,rat,HO,gCAP,gCAP,endothelial,True,train
HO_TGGAACTCAGCTGTTA-1,rat,HO,gCAP,gCAP,endothelial,True,train
HO_TGGAACTGTATCAGCT-1,rat,HO,gCAP,gCAP,endothelial,True,train
HO_TGGAGAGCACGTAGAG-1,rat,HO,gCAP,gCAP,endothelial,True,train
HO_TGGATGTTCTATGTGG-1,rat,HO,gCAP,gCAP,endothelial,True,train
HO_TGGGAAGAGTGGCGAT-1,rat,HO,gCAP,gCAP,endothelial,True,train
HO_TGGGAAGGTCGCTGCA-1,rat,HO,gCAP,gCAP,endothelial,True,train
HO_TGGGAGACATTCCTAT-1,rat,HO,gCAP,gCAP,endothelial,True,train
HO_TGGTAGTGTAGCGCCT-1,rat,HO,gCAP,gCAP,endothelial,True,train
HO_TGGTGATTCCGTAATG-1,rat,HO,gCAP,gCAP,endothelial,True,train
HO_TGGTTAGTCCTTATCA-1,rat,HO,gCAP,gCAP,endothelial,True,train
HO_TGTAACGAGATCGACG-1,rat,HO,gCAP,gCAP,endothelial,True,train
HO_TGTACAGCATTCTTCA-1,rat,HO,gCAP,gCAP,endothelial,True,train
HO_TGTAGACCACGCTGTG-1,rat,HO,gCAP,gCAP,endothelial,True,train
HO_TGTCCACCATGCGTGC-1,rat,HO,gCAP,gCAP,endothelial,True,train
HO_TGTGAGTGTACCAGAG-1,rat,HO,gCAP,gCAP,endothelial,True,test
HO_TGTGATGTCCCTTGTG-1,rat,HO,gCAP,gCAP,endothelial,True,train
HO_TGTGCGGAGGTTGGTG-1,rat,HO,gCAP,gCAP,endothelial,True,train
HO_TGTGCGGCAGACGATG-1,rat,HO,gCAP,gCAP,endothelial,True,train
HO_TGTTCTATCGCAGAGA-1,rat,HO,gCAP,gCAP,endothelial,True,train
HO_TGTTGAGAGAACTGAT-1,rat,HO,gCAP,gCAP,endothelial,True,train
HO_TGTTGAGAGTGTTCAC-1,rat,HO,gCAP,gCAP,endothelial,True,train
HO_TGTTGGATCAGTAGGG-1,rat,HO,gCAP,gCAP,endothelial,True,train
HO_TTAATCCCAGACGGAT-1,rat,HO,gCAP,gCAP,endothelial,True,train
HO_TTAATCCTCACGTCCT-1,rat,HO,gCAP,gCAP,endothelial,True,train
HO_TTAATCCTCTGGACCG-1,rat,HO,gCAP,gCAP,endothelial,True,train
HO_TTACCATTCCACTGAA-1,rat,HO,gCAP,gCAP,endothelial,True,train
HO_TTACGCCCATGTTACG-1,rat,HO,gCAP,gCAP,endothelial,True,train
HO_TTACGTTCAACCGACC-1,rat,HO,gCAP,gCAP,endothelial,True,train
HO_TTACGTTCAATTCTTC-1,rat,HO,gCAP,gCAP,endothelial,True,train
HO_TTAGGGTTCACCATCC-1,rat,HO,gCAP,gCAP,endothelial,True,train
HO_TTATTGCCAGCGACAA-1,rat,HO,gCAP,gCAP,endothelial,True,train
HO_TTATTGCTCGCTGATA-1,rat,HO,gCAP,gCAP,endothelial,True,train
HO_TTCAATCAGGAGGGTG-1,rat,HO,gCAP,gCAP,endothelial,True,test
HO_TTCACCGGTAACATCC-1,rat,HO,gCAP,gCAP,endothelial,True,train
HO_TTCCACGGTACGTGTT-1,rat,HO,gCAP,gCAP,endothelial,True,train
HO_TTCCTAACAGTTAGGG-1,rat,HO,gCAP,gCAP,endothelial,True,test
HO_TTCGATTAGGACCCAA-1,rat,HO,gCAP,gCAP,endothelial,True,test
HO_TTCGATTGTGTGAATA-1,rat,HO,gCAP,gCAP,endothelial,True,train
HO_TTCGCTGTCTGCCCTA-1,rat,HO,gCAP,gCAP,endothelial,True,train
HO_TTCGGTCTCGCACGGT-1,rat,HO,gCAP,gCAP,endothelial,True,test
HO_TTCTAACCAGGCGAAT-1,rat,HO,gCAP,gCAP,endothelial,True,train
HO_TTCTAGTCAACCGTAT-1,rat,HO,gCAP,gCAP,endothelial,True,train
HO_TTCTCTCTCCAGCCTT-1,rat,HO,gCAP,gCAP,endothelial,True,train
HO_TTCTGTAAGCTTAGTC-1,rat,HO,gCAP,gCAP,endothelial,True,train
HO_TTCTTCCAGTCAACAA-1,rat,HO,gCAP,gCAP,endothelial,True,train
HO_TTGACCCGTATAGGGC-1,rat,HO,gCAP,gCAP,endothelial,True,train
HO_TTGACCCTCTACTGAG-1,rat,HO,gCAP,gCAP,endothelial,True,train
HO_TTGATGGTCCTGCTAC-1,rat,HO,gCAP,gCAP,endothelial,True,train
HO_TTGCATTCATAGGCGA-1,rat,HO,gCAP,gCAP,endothelial,True,train
HO_TTGCCTGTCATAAGGA-1,rat,HO,gCAP,gCAP,endothelial,True,train
HO_TTGCGTCCAACGTTAC-1,rat,HO,gCAP,gCAP,endothelial,True,train
HO_TTGCTGCGTAGCTGCC-1,rat,HO,gCAP,gCAP,endothelial,True,train
HO_TTGCTGCGTTCGGCTG-1,rat,HO,gCAP,gCAP,endothelial,True,train
HO_TTGGGATCATGACTTG-1,rat,HO,gCAP,gCAP,endothelial,True,train
HO_TTGGGATTCGAGAAAT-1,rat,HO,gCAP,gCAP,endothelial,True,train
HO_TTGGGCGGTTGTTGAC-1,rat,HO,gCAP,gCAP,endothelial,True,train
HO_TTGTGGATCCCAACTC-1,rat,HO,gCAP,gCAP,endothelial,True,test
HO_TTGTGTTCACTGAGGA-1,rat,HO,gCAP,gCAP,endothelial,True,test
HO_TTGTGTTTCATTTACC-1,rat,HO,gCAP,gCAP,endothelial,True,train
HO_TTGTTGTTCCGAAGGA-1,rat,HO,gCAP,gCAP,endothelial,True,test
HO_TTGTTGTTCCGTGGTG-1,rat,HO,gCAP,gCAP,endothelial,True,test
HO_TTTACCAGTATCGTTG-1,rat,HO,gCAP,gCAP,endothelial,True,train
HO_TTTAGTCTCCTCGATC-1,rat,HO,gCAP,gCAP,endothelial,True,train
HO_TTTCATGAGAGCAGAA-1,rat,HO,gCAP,gCAP,endothelial,True,train
HO_TTTCCTCGTACGAGTG-1,rat,HO,gCAP,gCAP,endothelial,True,test
HO_TTTGATCCACCTCTGT-1,rat,HO,gCAP,gCAP,endothelial,True,train
HO_TTTGGTTAGGGATGTC-1,rat,HO,gCAP,gCAP,endothelial,True,train
HO_TTTGTTGGTATCGCGC-1,rat,HO,gCAP,gCAP,endothelial,True,train
RA_AAACGCTAGAGTGAAG-1,rat,RA,Peri,Peri,mural,True,train
RA_AAAGGTAGTGAGTTTC-1,rat,RA,Peri,Peri,mural,True,test
RA_AAAGTGACACAAGCAG-1,rat,RA,Peri,Peri,mural,True,train
RA_AAATGGAGTATACCTG-1,rat,RA,Peri,Peri,mural,True,train
RA_AACACACAGGCATCGA-1,rat,RA,Peri,Peri,mural,True,train
RA_AACCACAGTGGAACAC-1,rat,RA,Peri,Peri,mural,True,train
RA_AACCTGACAGGCCCTA-1,rat,RA,Peri,Peri,mural,True,train
RA_AACGGGAGTCGTACAT-1,rat,RA,Peri,Peri,mural,True,test
RA_AACTTCTAGGGTACAC-1,rat,RA,Peri,Peri,mural,True,train
RA_AACTTCTTCTCAACGA-1,rat,RA,Peri,Peri,mural,True,train
RA_AAGACTCGTGCTGCAC-1,rat,RA,Peri,Peri,mural,True,test
RA_AAGCGAGGTTGTTGAC-1,rat,RA,Peri,Peri,mural,True,train
RA_AAGGAATCATTGTGCA-1,rat,RA,Peri,Peri,mural,True,train
RA_AAGGAATGTCCTGGTG-1,rat,RA,Peri,Peri,mural,True,test
RA_AATAGAGTCTGAGAGG-1,rat,RA,Peri,Peri,mural,True,train
RA_AATCGACCATAAGATG-1,rat,RA,Peri,Peri,mural,True,train
RA_AATCGACTCGCATGAT-1,rat,RA,Peri,Peri,mural,True,test
RA_AATCGTGGTCTACGAT-1,rat,RA,Peri,Peri,mural,True,train
RA_ACATCGATCTCTTAAC-1,rat,RA,Peri,Peri,mural,True,train
RA_ACATTTCCACCGTGAC-1,rat,RA,Peri,Peri,mural,True,train
RA_ACCAAACGTCTCAAGT-1,rat,RA,Peri,Peri,mural,True,train
RA_ACCCTTGGTACCTTCC-1,rat,RA,Peri,Peri,mural,True,train
RA_ACCGTTCTCTAGGAAA-1,rat,RA,Peri,Peri,mural,True,train
RA_ACCTACCCACGGATCC-1,rat,RA,Peri,Peri,mural,True,test
RA_ACGATCACAATTCTCT-1,rat,RA,Peri,Peri,mural,True,train
RA_ACGCACGCATTCCTAT-1,rat,RA,Peri,Peri,mural,True,train
RA_ACGGGTCAGCCTCATA-1,rat,RA,Peri,Peri,mural,True,train
RA_ACGGTCGTCGATCCCT-1,rat,RA,Peri,Peri,mural,True,train
RA_ACGTACAAGCTGTTAC-1,rat,RA,Peri,Peri,mural,True,train
RA_ACTATCTAGAACTTCC-1,rat,RA,Peri,Peri,mural,True,train
RA_ACTATCTGTACCCAGC-1,rat,RA,Peri,Peri,mural,True,train
RA_ACTCTCGTCTCAATCT-1,rat,RA,Peri,Peri,mural,True,train
RA_ACTGATGGTCCTGAAT-1,rat,RA,Peri,Peri,mural,True,train
RA_ACTGCAAGTCGATTTG-1,rat,RA,Peri,Peri,mural,True,train
RA_ACTTAGGCAATAGGAT-1,rat,RA,Peri,Peri,mural,True,train
RA_ACTTTGTCATTCGGGC-1,rat,RA,Peri,Peri,mural,True,train
RA_AGAACAACACCGAATT-1,rat,RA,Peri,Peri,mural,True,train
RA_AGAAGCGCAGACCATT-1,rat,RA,Peri,Peri,mural,True,train
RA_AGACTCAAGATCCCAT-1,rat,RA,Peri,Peri,mural,True,train
RA_AGAGCCCCACATGGTT-1,rat,RA,Peri,Peri,mural,True,train
RA_AGATAGAAGTGCCTCG-1,rat,RA,Peri,Peri,mural,True,train
RA_AGCCAATAGGTTGTTC-1,rat,RA,Peri,Peri,mural,True,train
RA_AGCCAGCCAAACCGGA-1,rat,RA,Peri,Peri,mural,True,train
RA_AGCGCCACACTCGATA-1,rat,RA,Peri,Peri,mural,True,train
RA_AGCGTATGTACTCCGG-1,rat,RA,Peri,Peri,mural,True,train
RA_AGGAAATTCACTCACC-1,rat,RA,Peri,Peri,mural,True,train
RA_AGGACGACACGTCGTG-1,rat,RA,Peri,Peri,mural,True,train
RA_AGGGTCCGTGGAAGTC-1,rat,RA,Peri,Peri,mural,True,train
RA_AGGGTGACAGCGCTTG-1,rat,RA,Peri,Peri,mural,True,test
RA_AGGGTGACATAAGATG-1,rat,RA,Peri,Peri,mural,True,test
RA_AGGGTTTGTCGTCAGC-1,rat,RA,Peri,Peri,mural,True,train
RA_AGGTTGTCACCTGCTT-1,rat,RA,Peri,Peri,mural,True,train
RA_AGTACCAGTGAACCGA-1,rat,RA,Peri,Peri,mural,True,test
RA_AGTCATGAGGTCGACA-1,rat,RA,Peri,Peri,mural,True,train
RA_AGTGCCGAGGCCCACT-1,rat,RA,Peri,Peri,mural,True,train
RA_ATACCGAAGTCCCTAA-1,rat,RA,Peri,Peri,mural,True,train
RA_ATACCGACACCGTGGT-1,rat,RA,Peri,Peri,mural,True,test
RA_ATCACGAGTGGTCCCA-1,rat,RA,Peri,Peri,mural,True,train
RA_ATCCCTGTCGATTTCT-1,rat,RA,Peri,Peri,mural,True,train
RA_ATCCTATAGGACTATA-1,rat,RA,Peri,Peri,mural,True,train
RA_ATCCTATGTCGTCTCT-1,rat,RA,Peri,Peri,mural,True,train
RA_ATCGCCTGTTCAAGTC-1,rat,RA,Peri,Peri,mural,True,train
RA_ATCGCCTGTTGGACTT-1,rat,RA,Peri,Peri,mural,True,train
RA_ATCGGCGCATACAGCT-1,rat,RA,Peri,Peri,mural,True,train
RA_ATCGTCCGTCATCAGT-1,rat,RA,Peri,Peri,mural,True,train
RA_ATCGTGATCCACTTTA-1,rat,RA,Peri,Peri,mural,True,train
RA_ATCGTGATCGCATTGA-1,rat,RA,Peri,Peri,mural,True,train
RA_ATGAAAGCAGGTACGA-1,rat,RA,Peri,Peri,mural,True,train
RA_ATGAAAGGTAGCCCTG-1,rat,RA,Peri,Peri,mural,True,train
RA_ATGACCACAATGTCTG-1,rat,RA,Peri,Peri,mural,True,train
RA_ATGATCGCATGTGGCC-1,rat,RA,Peri,Peri,mural,True,train
RA_ATGGATCAGTGCTAGG-1,rat,RA,Peri,Peri,mural,True,train
RA_ATGTCCCCAAGCTACT-1,rat,RA,Peri,Peri,mural,True,train
RA_ATTATCCAGTCAGGGT-1,rat,RA,Peri,Peri,mural,True,train
RA_ATTATCCTCTACGGTA-1,rat,RA,Peri,Peri,mural,True,train
RA_ATTCAGGAGGCGAACT-1,rat,RA,Peri,Peri,mural,True,train
RA_ATTCAGGGTTAGGGTG-1,rat,RA,Peri,Peri,mural,True,train
RA_ATTCGTTCAGCGTGAA-1,rat,RA,Peri,Peri,mural,True,train
RA_ATTCTTGCAGCTACAT-1,rat,RA,Peri,Peri,mural,True,train
RA_CAACAACCATCTTTCA-1,rat,RA,Peri,Peri,mural,True,train
RA_CAACCTCAGAAAGTCT-1,rat,RA,Peri,Peri,mural,True,train
RA_CAACGATCATAGAATG-1,rat,RA,Peri,Peri,mural,True,train
RA_CAAGACTGTTACCGTA-1,rat,RA,Peri,Peri,mural,True,train
RA_CAAGGGATCAAGGTGG-1,rat,RA,Peri,Peri,mural,True,train
RA_CAATACGTCAACTTTC-1,rat,RA,Peri,Peri,mural,True,train
RA_CAATACGTCCTTCGAC-1,rat,RA,Peri,Peri,mural,True,train
RA_CACGAATAGTACGTCT-1,rat,RA,Peri,Peri,mural,True,train
RA_CACTGAAAGGTCCCGT-1,rat,RA,Peri,Peri,mural,True,train
RA_CACTGAAGTCTCTCTG-1,rat,RA,Peri,Peri,mural,True,train
RA_CACTGGGTCCGACGGT-1,rat,RA,Peri,Peri,mural,True,train
RA_CAGATTGTCGCCCAGA-1,rat,RA,Peri,Peri,mural,True,train
RA_CAGCCAGCAGCTTTCC-1,rat,RA,Peri,Peri,mural,True,train
RA_CAGTTAGAGTGCCGAA-1,rat,RA,Peri,Peri,mural,True,train
RA_CATACAGGTTCATCGA-1,rat,RA,Peri,Peri,mural,True,train
RA_CATTCATCACTAACCA-1,rat,RA,Peri,Peri,mural,True,train
RA_CATTCCGCAAGAGAGA-1,rat,RA,Peri,Peri,mural,True,train
RA_CATTCCGTCATTCGTT-1,rat,RA,Peri,Peri,mural,True,train
RA_CATTCTAAGTGCGTCC-1,rat,RA,Peri,Peri,mural,True,train
RA_CCACCATTCATTACGG-1,rat,RA,Peri,Peri,mural,True,test
RA_CCACGAGAGCTGCCTG-1,rat,RA,Peri,Peri,mural,True,train
RA_CCATAAGGTTGAAGTA-1,rat,RA,Peri,Peri,mural,True,train
RA_CCATCACTCGTCAGAT-1,rat,RA,Peri,Peri,mural,True,train
RA_CCCGAAGGTAACCCTA-1,rat,RA,Peri,Peri,mural,True,train
RA_CCCTCAACAACTACGT-1,rat,RA,Peri,Peri,mural,True,valid
RA_CCCTCTCCAAACTCTG-1,rat,RA,Peri,Peri,mural,True,test
RA_CCGGGTACAGAAGTGC-1,rat,RA,Peri,Peri,mural,True,train
RA_CCGTGAGGTGACTCGC-1,rat,RA,Peri,Peri,mural,True,test
RA_CCGTTCAAGTAGGCCA-1,rat,RA,Peri,Peri,mural,True,train
RA_CCTAACCCAACACAAA-1,rat,RA,Peri,Peri,mural,True,train
RA_CCTCTAGTCGGCTCTT-1,rat,RA,Peri,Peri,mural,True,test
RA_CCTTCAGAGGCAGTCA-1,rat,RA,Peri,Peri,mural,True,train
RA_CCTTTGGTCCATACTT-1,rat,RA,Peri,Peri,mural,True,test
RA_CGAGAAGGTCCAAAGG-1,rat,RA,Peri,Peri,mural,True,train
RA_CGCCAGACAGAGTAAT-1,rat,RA,Peri,Peri,mural,True,train
RA_CGCCAGAGTCATCGGC-1,rat,RA,Peri,Peri,mural,True,test
RA_CGCCATTAGGTTGTTC-1,rat,RA,Peri,Peri,mural,True,train
RA_CGCCATTAGTTACGGG-1,rat,RA,Peri,Peri,mural,True,train
RA_CGCCATTTCTGCTTTA-1,rat,RA,Peri,Peri,mural,True,train
RA_CGCGTGAAGGGATCTG-1,rat,RA,Peri,Peri,mural,True,train
RA_CGCGTGATCCTGTTAT-1,rat,RA,Peri,Peri,mural,True,train
RA_CGCGTGATCTTGGTGA-1,rat,RA,Peri,Peri,mural,True,train
RA_CGTAATGAGGAGAGGC-1,rat,RA,Peri,Peri,mural,True,train
RA_CGTCCATCACGCCAGT-1,rat,RA,Peri,Peri,mural,True,train
RA_CGTCCATGTTACCTTT-1,rat,RA,Peri,Peri,mural,True,train
RA_CGTGATAGTAGCGTTT-1,rat,RA,Peri,Peri,mural,True,train
RA_CGTGTCTTCCGACGGT-1,rat,RA,Peri,Peri,mural,True,train
RA_CTAAGTGGTTAAAGTG-1,rat,RA,Peri,Peri,mural,True,test
RA_CTACATTCAGTAACCT-1,rat,RA,Peri,Peri,mural,True,train
RA_CTCAACCTCTATCCAT-1,rat,RA,Peri,Peri,mural,True,train
RA_CTCAAGATCCAACTGA-1,rat,RA,Peri,Peri,mural,True,test
RA_CTCAATTGTCACTTAG-1,rat,RA,Peri,Peri,mural,True,train
RA_CTCAGGGTCCACGAAT-1,rat,RA,Peri,Peri,mural,True,train
RA_CTCCACACAGTCACGC-1,rat,RA,Peri,Peri,mural,True,train
RA_CTCCCAAAGGCACGAT-1,rat,RA,Peri,Peri,mural,True,test
RA_CTCGAGGCAAGCCTGC-1,rat,RA,Peri,Peri,mural,True,train
RA_CTCGAGGTCTCAGTCC-1,rat,RA,Peri,Peri,mural,True,train
RA_CTCTCAGCAATCGAAA-1,rat,RA,Peri,Peri,mural,True,train
RA_CTCTCAGGTTTATGCG-1,rat,RA,Peri,Peri,mural,True,train
RA_CTCTCGAAGGGAGTGG-1,rat,RA,Peri,Peri,mural,True,test
RA_CTGATCCCACCAGCGT-1,rat,RA,Peri,Peri,mural,True,train
RA_CTGTAGACACTATGTG-1,rat,RA,Peri,Peri,mural,True,train
RA_CTGTATTTCAATCGGT-1,rat,RA,Peri,Peri,mural,True,train
RA_CTGTGGGGTACCTGTA-1,rat,RA,Peri,Peri,mural,True,train
RA_CTGTGGGTCTGACCCT-1,rat,RA,Peri,Peri,mural,True,train
RA_CTTACCGGTTCACGAT-1,rat,RA,Peri,Peri,mural,True,train
RA_CTTAGGATCGGATACT-1,rat,RA,Peri,Peri,mural,True,train
RA_CTTCCGAAGCACTGGA-1,rat,RA,Peri,Peri,mural,True,train
RA_CTTCCGAAGTTTGTCG-1,rat,RA,Peri,Peri,mural,True,test
RA_CTTGAGAAGCGCATCC-1,rat,RA,Peri,Peri,mural,True,train
RA_CTTGAGAGTGTGTGGA-1,rat,RA,Peri,Peri,mural,True,train
RA_GAAATGACATCCTAAG-1,rat,RA,Peri,Peri,mural,True,train
RA_GAACACTGTAGGTTTC-1,rat,RA,Peri,Peri,mural,True,train
RA_GAACACTTCGCTGTTC-1,rat,RA,Peri,Peri,mural,True,train
RA_GAACTGTAGCTGCCAC-1,rat,RA,Peri,Peri,mural,True,train
RA_GAAGTAAGTCACGTGC-1,rat,RA,Peri,Peri,mural,True,train
RA_GAAGTAAGTTTCCATT-1,rat,RA,Peri,Peri,mural,True,train
RA_GAAGTAATCGGTGCAC-1,rat,RA,Peri,Peri,mural,True,train
RA_GACAGCCCAGCGTTGC-1,rat,RA,Peri,Peri,mural,True,train
RA_GACCTTCCAGAAGCGT-1,rat,RA,Peri,Peri,mural,True,test
RA_GACTATGTCACCCTCA-1,rat,RA,Peri,Peri,mural,True,train
RA_GACTGATTCACCCATC-1,rat,RA,Peri,Peri,mural,True,train
RA_GAGAGGTCACTTGTCC-1,rat,RA,Peri,Peri,mural,True,train
RA_GAGGCCTAGATCACCT-1,rat,RA,Peri,Peri,mural,True,train
RA_GAGGGTACAGCTCCTT-1,rat,RA,Peri,Peri,mural,True,train
RA_GAGTGTTGTACTCGAT-1,rat,RA,Peri,Peri,mural,True,test
RA_GATCACAAGCTAGTTC-1,rat,RA,Peri,Peri,mural,True,train
RA_GATCAGTGTTATCCAG-1,rat,RA,Peri,Peri,mural,True,test
RA_GATGACTGTTAAAGTG-1,rat,RA,Peri,Peri,mural,True,test
RA_GATGTTGTCGTTCAGA-1,rat,RA,Peri,Peri,mural,True,train
RA_GCAGCCAAGATACAGT-1,rat,RA,Peri,Peri,mural,True,train
RA_GCATCTCCAAGTCCCG-1,rat,RA,Peri,Peri,mural,True,train
RA_GCCAACGTCACTCACC-1,rat,RA,Peri,Peri,mural,True,train
RA_GCCATGGAGCCTGAGA-1,rat,RA,Peri,Peri,mural,True,train
RA_GCCCGAATCAAGCTGT-1,rat,RA,Peri,Peri,mural,True,train
RA_GCCCGAATCGAACACT-1,rat,RA,Peri,Peri,mural,True,test
RA_GCGATCGCATCGAACT-1,rat,RA,Peri,Peri,mural,True,train
RA_GCGGAAAGTTCCTTGC-1,rat,RA,Peri,Peri,mural,True,train
RA_GCGTTTCGTAGCTTAC-1,rat,RA,Peri,Peri,mural,True,train
RA_GCTCAAACAAGCTACT-1,rat,RA,Peri,Peri,mural,True,train
RA_GCTGCAGGTCCAGCCA-1,rat,RA,Peri,Peri,mural,True,test
RA_GCTGGGTAGAGAGCGG-1,rat,RA,Peri,Peri,mural,True,train
RA_GGAACCCAGTAGGAAG-1,rat,RA,Peri,Peri,mural,True,train
RA_GGAACCCCACAACGCC-1,rat,RA,Peri,Peri,mural,True,train
RA_GGACGTCGTTGTGCCG-1,rat,RA,Peri,Peri,mural,True,train
RA_GGCACGTGTGAGCTCC-1,rat,RA,Peri,Peri,mural,True,test
RA_GGGACCTGTCTAACGT-1,rat,RA,Peri,Peri,mural,True,train
RA_GGGACTCTCTTAGCTT-1,rat,RA,Peri,Peri,mural,True,train
RA_GGGAGATCAGTGACCC-1,rat,RA,Peri,Peri,mural,True,train
RA_GGGCCATCATCGGATT-1,rat,RA,Peri,Peri,mural,True,train
RA_GGGCGTTCATCACGGC-1,rat,RA,Peri,Peri,mural,True,train
RA_GGGCTACCAGCTATAC-1,rat,RA,Peri,Peri,mural,True,train
RA_GGGTCACCAAGAGTTA-1,rat,RA,Peri,Peri,mural,True,train
RA_GGGTGTCGTTCGCGTG-1,rat,RA,Peri,Peri,mural,True,train
RA_GGTGAAGGTCGTTATG-1,rat,RA,Peri,Peri,mural,True,train
RA_GGTGATTTCCATCAGA-1,rat,RA,Peri,Peri,mural,True,train
RA_GGTTGTAGTCGTGATT-1,rat,RA,Peri,Peri,mural,True,train
RA_GTAGATCAGCGTCAGA-1,rat,RA,Peri,Peri,mural,True,train
RA_GTAGTACGTCGAGTGA-1,rat,RA,Peri,Peri,mural,True,train
RA_GTCACGGCACGTAGTT-1,rat,RA,Peri,Peri,mural,True,train
RA_GTCACGGGTAGTTACC-1,rat,RA,Peri,Peri,mural,True,train
RA_GTCATCCGTGTCGCTG-1,rat,RA,Peri,Peri,mural,True,test
RA_GTCCCATCAAGCTACT-1,rat,RA,Peri,Peri,mural,True,train
RA_GTCCCATGTCGGTGAA-1,rat,RA,Peri,Peri,mural,True,train
RA_GTCGAATCACACAGAG-1,rat,RA,Peri,Peri,mural,True,test
RA_GTCGTTCCAAGTCCCG-1,rat,RA,Peri,Peri,mural,True,train
RA_GTCTAGACATTCAGCA-1,rat,RA,Peri,Peri,mural,True,train
RA_GTCTGTCTCGAAGAAT-1,rat,RA,Peri,Peri,mural,True,train
RA_GTGACGCCAACCAACT-1,rat,RA,Peri,Peri,mural,True,train
RA_GTGAGGAAGGCTGTAG-1,rat,RA,Peri,Peri,mural,True,train
RA_GTGCACGTCTCGCAGG-1,rat,RA,Peri,Peri,mural,True,train
RA_GTGGCGTGTCTGTGTA-1,rat,RA,Peri,Peri,mural,True,train
RA_GTTAGACCAACGACAG-1,rat,RA,Peri,Peri,mural,True,train
RA_GTTCATTTCGACGATT-1,rat,RA,Peri,Peri,mural,True,train
RA_GTTGCGGAGACCAACG-1,rat,RA,Peri,Peri,mural,True,train
RA_GTTGTGAAGAGAAGGT-1,rat,RA,Peri,Peri,mural,True,train
RA_GTTTACTGTGTTTACG-1,rat,RA,Peri,Peri,mural,True,train
RA_TAACACGGTTTATGCG-1,rat,RA,Peri,Peri,mural,True,train
RA_TAACACGTCACTGTTT-1,rat,RA,Peri,Peri,mural,True,train
RA_TAATTCCCAATCGTCA-1,rat,RA,Peri,Peri,mural,True,train
RA_TACCCACCAGTCACGC-1,rat,RA,Peri,Peri,mural,True,train
RA_TACCGGGAGAAGTCAT-1,rat,RA,Peri,Peri,mural,True,train
RA_TACCTGCAGGTGCCTC-1,rat,RA,Peri,Peri,mural,True,test
RA_TACTGCCCATCCTAAG-1,rat,RA,Peri,Peri,mural,True,train
RA_TACTTACTCAACCTTT-1,rat,RA,Peri,Peri,mural,True,train
RA_TAGGAGGAGAGGGTAA-1,rat,RA,Peri,Peri,mural,True,train
RA_TAGGGTTGTCCTCATC-1,rat,RA,Peri,Peri,mural,True,train
RA_TAGTGCATCCACGTGG-1,rat,RA,Peri,Peri,mural,True,train
RA_TATACCTAGAAATTGC-1,rat,RA,Peri,Peri,mural,True,test
RA_TATCCTAAGGCGAAGG-1,rat,RA,Peri,Peri,mural,True,train
RA_TATCGCCTCGATCCCT-1,rat,RA,Peri,Peri,mural,True,test
RA_TATTGCTAGTGATAAC-1,rat,RA,Peri,Peri,mural,True,train
RA_TATTGCTGTGCTAGCC-1,rat,RA,Peri,Peri,mural,True,train
RA_TCAAGACCATGGCTGC-1,rat,RA,Peri,Peri,mural,True,test
RA_TCACGCTAGGAGACCT-1,rat,RA,Peri,Peri,mural,True,train
RA_TCAGCCTCAATCGTCA-1,rat,RA,Peri,Peri,mural,True,train
RA_TCAGCCTGTTCGGCTG-1,rat,RA,Peri,Peri,mural,True,train
RA_TCATACTGTCCGACGT-1,rat,RA,Peri,Peri,mural,True,train
RA_TCATGAGAGTACGTCT-1,rat,RA,Peri,Peri,mural,True,test
RA_TCATTACGTGGGACAT-1,rat,RA,Peri,Peri,mural,True,train
RA_TCATTACTCGCCGATG-1,rat,RA,Peri,Peri,mural,True,train
RA_TCATTCAAGAGAGGGC-1,rat,RA,Peri,Peri,mural,True,train
RA_TCCGATCAGCCATTCA-1,rat,RA,Peri,Peri,mural,True,train
RA_TCCTAATGTACCATAC-1,rat,RA,Peri,Peri,mural,True,train
RA_TCCTCCCTCAGGAAAT-1,rat,RA,Peri,Peri,mural,True,train
RA_TCCTCGAAGAGCTTTC-1,rat,RA,Peri,Peri,mural,True,train
RA_TCCTCGAAGCAATTCC-1,rat,RA,Peri,Peri,mural,True,train
RA_TCCTGCAAGAGCCCAA-1,rat,RA,Peri,Peri,mural,True,train
RA_TCCTTCTTCGGCCTTT-1,rat,RA,Peri,Peri,mural,True,train
RA_TCGACGGTCATTTGGG-1,rat,RA,Peri,Peri,mural,True,train
RA_TCGGGTGTCATCGCCT-1,rat,RA,Peri,Peri,mural,True,test
RA_TCGTGGGAGCTAGAAT-1,rat,RA,Peri,Peri,mural,True,train
RA_TCTAACTAGTCCTGCG-1,rat,RA,Peri,Peri,mural,True,train
RA_TCTAACTTCTGGCCGA-1,rat,RA,Peri,Peri,mural,True,train
RA_TGAACGTCATATACCG-1,rat,RA,Peri,Peri,mural,True,test
RA_TGACGCGCAAGAGGTC-1,rat,RA,Peri,Peri,mural,True,train
RA_TGAGACTCACTTCCTG-1,rat,RA,Peri,Peri,mural,True,test
RA_TGATCTTTCGGCTGAC-1,rat,RA,Peri,Peri,mural,True,train
RA_TGATGCAAGAACTGAT-1,rat,RA,Peri,Peri,mural,True,test
RA_TGCATGACAGACACAG-1,rat,RA,Peri,Peri,mural,True,train
RA_TGCCGAGGTAGCGCTC-1,rat,RA,Peri,Peri,mural,True,test
RA_TGCGATAAGAGGTCAC-1,rat,RA,Peri,Peri,mural,True,train
RA_TGCTGAATCTGAGGCC-1,rat,RA,Peri,Peri,mural,True,train
RA_TGCTTGCAGTCAGAGC-1,rat,RA,Peri,Peri,mural,True,train
RA_TGCTTGCCACATTCTT-1,rat,RA,Peri,Peri,mural,True,valid
RA_TGGATGTAGTCTGTAC-1,rat,RA,Peri,Peri,mural,True,train
RA_TGGGAAGGTCGCACAC-1,rat,RA,Peri,Peri,mural,True,train
RA_TGGGATTGTTCAAACC-1,rat,RA,Peri,Peri,mural,True,test
RA_TGGGCTGAGGATTCCT-1,rat,RA,Peri,Peri,mural,True,test
RA_TGGGCTGGTCTGATAC-1,rat,RA,Peri,Peri,mural,True,train
RA_TGTAAGCAGGGACTGT-1,rat,RA,Peri,Peri,mural,True,train
RA_TGTAAGCTCAAGCCCG-1,rat,RA,Peri,Peri,mural,True,train
RA_TGTGGCGCACGCTGTG-1,rat,RA,Peri,Peri,mural,True,train
RA_TGTTCTATCCTCTTTC-1,rat,RA,Peri,Peri,mural,True,test
RA_TGTTGGATCTATCACT-1,rat,RA,Peri,Peri,mural,True,train
RA_TGTTTGTGTTGCCAAT-1,rat,RA,Peri,Peri,mural,True,train
RA_TTACGCCAGTGAACAT-1,rat,RA,Peri,Peri,mural,True,train
RA_TTAGTCTAGTTACGTC-1,rat,RA,Peri,Peri,mural,True,test
RA_TTCACGCAGCTGAGCA-1,rat,RA,Peri,Peri,mural,True,train
RA_TTCACGCCAACCGTAT-1,rat,RA,Peri,Peri,mural,True,train
RA_TTCATGTAGCCTAGGA-1,rat,RA,Peri,Peri,mural,True,train
RA_TTCATGTGTATCGCTA-1,rat,RA,Peri,Peri,mural,True,train
RA_TTCCAATTCGCGTAGC-1,rat,RA,Peri,Peri,mural,True,train
RA_TTCCTTCCAGTTACCA-1,rat,RA,Peri,Peri,mural,True,train
RA_TTCTAGTAGCACACAG-1,rat,RA,Peri,Peri,mural,True,train
RA_TTCTGTAGTTAGAAGT-1,rat,RA,Peri,Peri,mural,True,train
RA_TTCTTGATCTCTAAGG-1,rat,RA,Peri,Peri,mural,True,train
RA_TTGAACGAGATAGTGT-1,rat,RA,Peri,Peri,mural,True,train
RA_TTGAACGGTCCCAAAT-1,rat,RA,Peri,Peri,mural,True,train
RA_TTGACCCCAGAGAAAG-1,rat,RA,Peri,Peri,mural,True,train
RA_TTGAGTGCAAGTCCAT-1,rat,RA,Peri,Peri,mural,True,train
RA_TTGCTGCGTATCATGC-1,rat,RA,Peri,Peri,mural,True,train
RA_TTGTTGTCAGCAGACA-1,rat,RA,Peri,Peri,mural,True,train
RA_TTGTTTGTCTACCACC-1,rat,RA,Peri,Peri,mural,True,train
RA_TTTGACTTCGCCGAAC-1,rat,RA,Peri,Peri,mural,True,train
RA_AACAAAGGTTGTGTTG-1,rat,RA,VEC,VEC,endothelial,True,test
RA_AACAAGACAGAGTGTG-1,rat,RA,VEC,VEC,endothelial,True,train
RA_AACAGGGTCTCGCTTG-1,rat,RA,VEC,VEC,endothelial,True,train
RA_AACGAAAAGAATGTTG-1,rat,RA,VEC,VEC,endothelial,True,train
RA_AATCACGAGATGCTTC-1,rat,RA,VEC,VEC,endothelial,True,train
RA_AATGACCTCACCACAA-1,rat,RA,VEC,VEC,endothelial,True,train
RA_ACAAGCTGTCGCTTAA-1,rat,RA,VEC,VEC,endothelial,True,train
RA_ACATCGACACATATGC-1,rat,RA,VEC,VEC,endothelial,True,train
RA_ACATTTCCATGAAGGC-1,rat,RA,VEC,VEC,endothelial,True,train
RA_ACCATTTTCTAGAGCT-1,rat,RA,VEC,VEC,endothelial,True,train
RA_ACCCTCAGTATCTCGA-1,rat,RA,VEC,VEC,endothelial,True,train
RA_ACGGTCGGTGATTCAC-1,rat,RA,VEC,VEC,endothelial,True,test
RA_ACGTAACCATACATCG-1,rat,RA,VEC,VEC,endothelial,True,train
RA_ACTGTCCTCTGAATGC-1,rat,RA,VEC,VEC,endothelial,True,train
RA_ACTTTCACATCGATGT-1,rat,RA,VEC,VEC,endothelial,True,train
RA_AGACAAAGTAAGCTCT-1,rat,RA,VEC,VEC,endothelial,True,test
RA_AGACAGGCATCGGTTA-1,rat,RA,VEC,VEC,endothelial,True,train
RA_AGAGCCCCATTGCCGG-1,rat,RA,VEC,VEC,endothelial,True,train
RA_AGCCAATCATGACGTT-1,rat,RA,VEC,VEC,endothelial,True,train
RA_AGCCAGCCATCCCACT-1,rat,RA,VEC,VEC,endothelial,True,train
RA_AGCGCTGAGCAGCCTC-1,rat,RA,VEC,VEC,endothelial,True,train
RA_AGGACTTTCAGCGCAC-1,rat,RA,VEC,VEC,endothelial,True,train
RA_AGGAGGTGTGTTGACT-1,rat,RA,VEC,VEC,endothelial,True,train
RA_AGGAGGTTCCTTCTTC-1,rat,RA,VEC,VEC,endothelial,True,train
RA_AGGCATTGTTAAACAG-1,rat,RA,VEC,VEC,endothelial,True,train
RA_AGGGTCCAGGTCGAGT-1,rat,RA,VEC,VEC,endothelial,True,train
RA_AGTACCAAGATTGCGG-1,rat,RA,VEC,VEC,endothelial,True,test
RA_AGTAGTCCACCCTTGT-1,rat,RA,VEC,VEC,endothelial,True,train
RA_AGTGTTGAGCTCGGCT-1,rat,RA,VEC,VEC,endothelial,True,train
RA_AGTGTTGGTCAGGTGA-1,rat,RA,VEC,VEC,endothelial,True,train
RA_ATAGAGATCGGTGTAT-1,rat,RA,VEC,VEC,endothelial,True,train
RA_ATAGGCTGTTGGAGGT-1,rat,RA,VEC,VEC,endothelial,True,train
RA_ATCACGAAGCCGCACT-1,rat,RA,VEC,VEC,endothelial,True,test
RA_ATCCCTGTCGTGGCTG-1,rat,RA,VEC,VEC,endothelial,True,train
RA_ATCGGATCACAGCTGC-1,rat,RA,VEC,VEC,endothelial,True,train
RA_ATCTCTAGTGCCTTTC-1,rat,RA,VEC,VEC,endothelial,True,test
RA_ATCTTCAGTCGATGCC-1,rat,RA,VEC,VEC,endothelial,True,train
RA_ATGCCTCAGTAAACGT-1,rat,RA,VEC,VEC,endothelial,True,train
RA_ATGCCTCTCAAGCGTT-1,rat,RA,VEC,VEC,endothelial,True,train
RA_ATTATCCCATCAACCA-1,rat,RA,VEC,VEC,endothelial,True,test
RA_ATTCCATCACATTCGA-1,rat,RA,VEC,VEC,endothelial,True,train
RA_ATTTACCTCGTAACAC-1,rat,RA,VEC,VEC,endothelial,True,train
RA_ATTTCTGCAACCAACT-1,rat,RA,VEC,VEC,endothelial,True,test
RA_CAAGGGAAGGATAATC-1,rat,RA,VEC,VEC,endothelial,True,train
RA_CACACAAAGTGCCCGT-1,rat,RA,VEC,VEC,endothelial,True,train
RA_CAGATTGGTAACGCGA-1,rat,RA,VEC,VEC,endothelial,True,train
RA_CATGCAAAGTGTAGTA-1,rat,RA,VEC,VEC,endothelial,True,train
RA_CATGCCTGTTCAGCGC-1,rat,RA,VEC,VEC,endothelial,True,train
RA_CATGCTCTCACCATCC-1,rat,RA,VEC,VEC,endothelial,True,train
RA_CATTTCACAGTGAGCA-1,rat,RA,VEC,VEC,endothelial,True,train
RA_CCACCATTCTCGTCGT-1,rat,RA,VEC,VEC,endothelial,True,train
RA_CCACGTTCACTGTCGG-1,rat,RA,VEC,VEC,endothelial,True,train
RA_CCCAACTGTCGAGCTC-1,rat,RA,VEC,VEC,endothelial,True,train
RA_CCCGAAGTCTTGAGCA-1,rat,RA,VEC,VEC,endothelial,True,train
RA_CCCTAACTCGAGTCCG-1,rat,RA,VEC,VEC,endothelial,True,test
RA_CCCTGATCAGAACTAA-1,rat,RA,VEC,VEC,endothelial,True,test
RA_CCGGGTACAAAGGATT-1,rat,RA,VEC,VEC,endothelial,True,test
RA_CCTCACATCTCTATGT-1,rat,RA,VEC,VEC,endothelial,True,train
RA_CGATCGGCAAGATGTA-1,rat,RA,VEC,VEC,endothelial,True,train
RA_CGATGGCTCCAGCACG-1,rat,RA,VEC,VEC,endothelial,True,train
RA_CGCATAATCCGTGTCT-1,rat,RA,VEC,VEC,endothelial,True,train
RA_CGGAGAATCGAACTCA-1,rat,RA,VEC,VEC,endothelial,True,train
RA_CGGGACTCACTAGGCC-1,rat,RA,VEC,VEC,endothelial,True,train
RA_CGTCAAAGTGTGTCGC-1,rat,RA,VEC,VEC,endothelial,True,valid
RA_CTACCCAGTGGAACAC-1,rat,RA,VEC,VEC,endothelial,True,train
RA_CTATCCGTCGTTCGCT-1,rat,RA,VEC,VEC,endothelial,True,train
RA_CTCACTGGTACCTGTA-1,rat,RA,VEC,VEC,endothelial,True,train
RA_CTCAGAACAACCAATC-1,rat,RA,VEC,VEC,endothelial,True,train
RA_CTCAGTCAGCGGGTAT-1,rat,RA,VEC,VEC,endothelial,True,test
RA_CTGCCTAGTACCGGCT-1,rat,RA,VEC,VEC,endothelial,True,train
RA_CTGCTCATCGGTCTGG-1,rat,RA,VEC,VEC,endothelial,True,train
RA_CTGGCAGTCATTGTGG-1,rat,RA,VEC,VEC,endothelial,True,train
RA_CTGGTCTGTAGCTCGC-1,rat,RA,VEC,VEC,endothelial,True,test
RA_CTGTGAATCGCTTGCT-1,rat,RA,VEC,VEC,endothelial,True,train
RA_CTTAGGACAAGACCGA-1,rat,RA,VEC,VEC,endothelial,True,train
RA_CTTCCGAGTTGTGGAG-1,rat,RA,VEC,VEC,endothelial,True,train
RA_CTTGATTAGCAACTCT-1,rat,RA,VEC,VEC,endothelial,True,train
RA_CTTGATTGTGGTTCTA-1,rat,RA,VEC,VEC,endothelial,True,train
RA_GAAGCCCGTTACTCAG-1,rat,RA,VEC,VEC,endothelial,True,train
RA_GAAGCCCTCCGGTAAT-1,rat,RA,VEC,VEC,endothelial,True,train
RA_GACTTCCTCATGCCAA-1,rat,RA,VEC,VEC,endothelial,True,train
RA_GAGACTTAGAGTATAC-1,rat,RA,VEC,VEC,endothelial,True,train
RA_GAGGCCTAGGCATGGT-1,rat,RA,VEC,VEC,endothelial,True,train
RA_GAGTGAGCACCTAAAC-1,rat,RA,VEC,VEC,endothelial,True,train
RA_GAGTTTGAGACATATG-1,rat,RA,VEC,VEC,endothelial,True,train
RA_GATCAGTCACCCAAGC-1,rat,RA,VEC,VEC,endothelial,True,train
RA_GATCAGTTCTTGAACG-1,rat,RA,VEC,VEC,endothelial,True,train
RA_GATGTTGTCAGGAAAT-1,rat,RA,VEC,VEC,endothelial,True,train
RA_GCACATAGTTGACTAC-1,rat,RA,VEC,VEC,endothelial,True,train
RA_GCATTAGTCCGAAATC-1,rat,RA,VEC,VEC,endothelial,True,train
RA_GCCAGCACAACGTATC-1,rat,RA,VEC,VEC,endothelial,True,test
RA_GCCAGCACACAAACGG-1,rat,RA,VEC,VEC,endothelial,True,train
RA_GCCAGCACAGGATCTT-1,rat,RA,VEC,VEC,endothelial,True,train
RA_GCCATGGCAATATCCG-1,rat,RA,VEC,VEC,endothelial,True,train
RA_GCGAGAATCTGCTTTA-1,rat,RA,VEC,VEC,endothelial,True,train
RA_GCGTGCATCGACGACC-1,rat,RA,VEC,VEC,endothelial,True,test
RA_GCGTTTCCAGTGTACT-1,rat,RA,VEC,VEC,endothelial,True,train
RA_GCTGGGTTCGTTCCCA-1,rat,RA,VEC,VEC,endothelial,True,valid
RA_GCTTTCGAGCGATGCA-1,rat,RA,VEC,VEC,endothelial,True,train
RA_GGAATGGGTCGTCTCT-1,rat,RA,VEC,VEC,endothelial,True,test
RA_GGAGCAATCGTTATCT-1,rat,RA,VEC,VEC,endothelial,True,train
RA_GGCTTTCGTATGAGGC-1,rat,RA,VEC,VEC,endothelial,True,train
RA_GGGAAGTTCGTGGACC-1,rat,RA,VEC,VEC,endothelial,True,test
RA_GGTAATCTCTACTATC-1,rat,RA,VEC,VEC,endothelial,True,train
RA_GGTGATTGTTGGCCGT-1,rat,RA,VEC,VEC,endothelial,True,test
RA_GGTTGTACAATTCTTC-1,rat,RA,VEC,VEC,endothelial,True,train
RA_GTAACCAGTAGGTGCA-1,rat,RA,VEC,VEC,endothelial,True,train
RA_GTAGAAAAGGCCGCTT-1,rat,RA,VEC,VEC,endothelial,True,train
RA_GTCATCCTCCTAAACG-1,rat,RA,VEC,VEC,endothelial,True,train
RA_GTCCACTCAACAGATA-1,rat,RA,VEC,VEC,endothelial,True,train
RA_GTCTACCGTGGATTTC-1,rat,RA,VEC,VEC,endothelial,True,train
RA_GTGACGCGTGCCCACA-1,rat,RA,VEC,VEC,endothelial,True,test
RA_GTGATGTCAACCTAAC-1,rat,RA,VEC,VEC,endothelial,True,test
RA_GTGCACGAGGTTCATC-1,rat,RA,VEC,VEC,endothelial,True,train
RA_GTGCTTCTCTAAACGC-1,rat,RA,VEC,VEC,endothelial,True,train
RA_GTGGAGATCGACGACC-1,rat,RA,VEC,VEC,endothelial,True,train
RA_GTGTGGCGTGCCGTAC-1,rat,RA,VEC,VEC,endothelial,True,train
RA_GTTACGAGTGGTCCGT-1,rat,RA,VEC,VEC,endothelial,True,train
RA_GTTATGGGTTGACTAC-1,rat,RA,VEC,VEC,endothelial,True,train
RA_GTTTACTCACCACTGG-1,rat,RA,VEC,VEC,endothelial,True,test
RA_TAATCTCTCGATCCAA-1,rat,RA,VEC,VEC,endothelial,True,train
RA_TACAGGTCACTACCCT-1,rat,RA,VEC,VEC,endothelial,True,train
RA_TACTTGTCAGCAGTAG-1,rat,RA,VEC,VEC,endothelial,True,test
RA_TACTTGTCATTCCTCG-1,rat,RA,VEC,VEC,endothelial,True,train
RA_TATGTTCAGTAAACAC-1,rat,RA,VEC,VEC,endothelial,True,train
RA_TATTGCTCAAAGGGCT-1,rat,RA,VEC,VEC,endothelial,True,train
RA_TATTGGGCACAAGCCC-1,rat,RA,VEC,VEC,endothelial,True,test
RA_TATTGGGGTATACCCA-1,rat,RA,VEC,VEC,endothelial,True,train
RA_TCAATCTCACACCGAC-1,rat,RA,VEC,VEC,endothelial,True,train
RA_TCACTATAGAATCGTA-1,rat,RA,VEC,VEC,endothelial,True,train
RA_TCATCATAGGTTACAA-1,rat,RA,VEC,VEC,endothelial,True,train
RA_TCATGAGTCTTCCCGA-1,rat,RA,VEC,VEC,endothelial,True,train
RA_TCCAGAAGTCTTGCTC-1,rat,RA,VEC,VEC,endothelial,True,train
RA_TCCATGCCACCTTCGT-1,rat,RA,VEC,VEC,endothelial,True,train
RA_TCGAACATCCAGTACA-1,rat,RA,VEC,VEC,endothelial,True,train
RA_TCGGATATCTACGGGC-1,rat,RA,VEC,VEC,endothelial,True,test
RA_TCGGATATCTTGGCTC-1,rat,RA,VEC,VEC,endothelial,True,train
RA_TCGGGCATCATAGAGA-1,rat,RA,VEC,VEC,endothelial,True,train
RA_TCGTCCATCACCGACG-1,rat,RA,VEC,VEC,endothelial,True,train
RA_TCTATCAGTCATAACC-1,rat,RA,VEC,VEC,endothelial,True,train
RA_TCTGGCTGTAGTTACC-1,rat,RA,VEC,VEC,endothelial,True,train
RA_TGACAGTGTCAGTCGC-1,rat,RA,VEC,VEC,endothelial,True,train
RA_TGACCCTCAGAGTTGG-1,rat,RA,VEC,VEC,endothelial,True,train
RA_TGAGCATAGCCTTTCC-1,rat,RA,VEC,VEC,endothelial,True,train
RA_TGAGGGATCCGTGACG-1,rat,RA,VEC,VEC,endothelial,True,train
RA_TGAGTCACATACTTTC-1,rat,RA,VEC,VEC,endothelial,True,train
RA_TGATGGTGTTCGGGTC-1,rat,RA,VEC,VEC,endothelial,True,train
RA_TGCAGTAGTCACGTGC-1,rat,RA,VEC,VEC,endothelial,True,train
RA_TGCGGCAGTTTCGTGA-1,rat,RA,VEC,VEC,endothelial,True,train
RA_TGCGGCATCATCCTGC-1,rat,RA,VEC,VEC,endothelial,True,train
RA_TGGGCTGGTTCTCAGA-1,rat,RA,VEC,VEC,endothelial,True,train
RA_TGGTACACATCCGTGG-1,rat,RA,VEC,VEC,endothelial,True,train
RA_TGGTGATAGAGCCGTA-1,rat,RA,VEC,VEC,endothelial,True,train
RA_TGTAACGAGAACTCCT-1,rat,RA,VEC,VEC,endothelial,True,train
RA_TGTAACGGTGCTTCAA-1,rat,RA,VEC,VEC,endothelial,True,train
RA_TGTCAGATCGGAATTC-1,rat,RA,VEC,VEC,endothelial,True,train
RA_TGTTCCGAGAGGCTGT-1,rat,RA,VEC,VEC,endothelial,True,train
RA_TGTTGAGCACATTGTG-1,rat,RA,VEC,VEC,endothelial,True,train
RA_TGTTTGTTCAAGAGGC-1,rat,RA,VEC,VEC,endothelial,True,train
RA_TTCTAGTCAAGACGAC-1,rat,RA,VEC,VEC,endothelial,True,train
RA_TTCTGTACAGTCTACA-1,rat,RA,VEC,VEC,endothelial,True,train
RA_TTGACCCCACACAGAG-1,rat,RA,VEC,VEC,endothelial,True,train
RA_TTGCATTTCGGTCTGG-1,rat,RA,VEC,VEC,endothelial,True,train
RA_TTGTTCAGTACGATTC-1,rat,RA,VEC,VEC,endothelial,True,train
RA_TTTCGATTCGAATGCT-1,rat,RA,VEC,VEC,endothelial,True,train
RA_TTTGATCCAGGATTCT-1,rat,RA,VEC,VEC,endothelial,True,train
RA_TTTGGAGAGAGAGAAC-1,rat,RA,VEC,VEC,endothelial,True,train
RA_TTTGGAGAGTCTTCGA-1,rat,RA,VEC,VEC,endothelial,True,test
RA_AAACCCACACGTAGAG-1,rat,RA,aCAP,aCAP,endothelial,True,train
RA_AAACGAATCATTTGTC-1,rat,RA,aCAP,aCAP,endothelial,True,train
RA_AAAGAACCACCCTTAC-1,rat,RA,aCAP,aCAP,endothelial,True,train
RA_AAAGGATAGGAAGTAG-1,rat,RA,aCAP,aCAP,endothelial,True,train
RA_AAAGTGAGTAAGATCA-1,rat,RA,aCAP,aCAP,endothelial,True,test
RA_AAAGTGAGTCCCTGTT-1,rat,RA,aCAP,aCAP,endothelial,True,train
RA_AACAAGAAGGCTCAAG-1,rat,RA,aCAP,aCAP,endothelial,True,train
RA_AACACACGTGCTGCAC-1,rat,RA,aCAP,aCAP,endothelial,True,train
RA_AACACACGTTCCCAAA-1,rat,RA,aCAP,aCAP,endothelial,True,train
RA_AACAGGGCACTACACA-1,rat,RA,aCAP,aCAP,endothelial,True,test
RA_AACCCAAAGAACTGAT-1,rat,RA,aCAP,aCAP,endothelial,True,train
RA_AACGAAAAGTCCTGCG-1,rat,RA,aCAP,aCAP,endothelial,True,train
RA_AACGAAAGTATGTGTC-1,rat,RA,aCAP,aCAP,endothelial,True,train
RA_AACGTCATCTGGGCGT-1,rat,RA,aCAP,aCAP,endothelial,True,train
RA_AAGACAATCAAAGAAC-1,rat,RA,aCAP,aCAP,endothelial,True,train
RA_AAGACTCCAGAGCTAG-1,rat,RA,aCAP,aCAP,endothelial,True,train
RA_AAGATAGCACTCATAG-1,rat,RA,aCAP,aCAP,endothelial,True,train
RA_AAGCGTTGTAGCACAG-1,rat,RA,aCAP,aCAP,endothelial,True,train
RA_AAGCGTTTCAAGGTGG-1,rat,RA,aCAP,aCAP,endothelial,True,test
RA_AAGGAATAGATTGACA-1,rat,RA,aCAP,aCAP,endothelial,True,train
RA_AAGTCGTGTGCCGGTT-1,rat,RA,aCAP,aCAP,endothelial,True,train
RA_AAGTGAAAGCCAAGCA-1,rat,RA,aCAP,aCAP,endothelial,True,train
RA_AATCGACTCTAGACAC-1,rat,RA,aCAP,aCAP,endothelial,True,train
RA_AATGACCCAAGCGATG-1,rat,RA,aCAP,aCAP,endothelial,True,train
RA_AATGGCTGTTAGGAGC-1,rat,RA,aCAP,aCAP,endothelial,True,train
RA_ACACGCGAGGGCTAAC-1,rat,RA,aCAP,aCAP,endothelial,True,train
RA_ACAGGGACAATATCCG-1,rat,RA,aCAP,aCAP,endothelial,True,train
RA_ACCAAACAGTAAGAGG-1,rat,RA,aCAP,aCAP,endothelial,True,train
RA_ACCAACACACCTGATA-1,rat,RA,aCAP,aCAP,endothelial,True,train
RA_ACCATTTAGGGATCAC-1,rat,RA,aCAP,aCAP,endothelial,True,train
RA_ACCGTTCAGCGTGCCT-1,rat,RA,aCAP,aCAP,endothelial,True,train
RA_ACCTACCCACTTGGGC-1,rat,RA,aCAP,aCAP,endothelial,True,train
RA_ACGGTTAGTGCCTTCT-1,rat,RA,aCAP,aCAP,endothelial,True,train
RA_ACGTAACGTACGTAGG-1,rat,RA,aCAP,aCAP,endothelial,True,train
RA_ACTACGACATGTACGT-1,rat,RA,aCAP,aCAP,endothelial,True,test
RA_ACTATTCAGCTCCCTT-1,rat,RA,aCAP,aCAP,endothelial,True,train
RA_ACTGATGAGGCAGCTA-1,rat,RA,aCAP,aCAP,endothelial,True,train
RA_ACTGCAAGTTATCTGG-1,rat,RA,aCAP,aCAP,endothelial,True,train
RA_ACTTAGGAGGCACCAA-1,rat,RA,aCAP,aCAP,endothelial,True,train
RA_ACTTATCGTCCTCATC-1,rat,RA,aCAP,aCAP,endothelial,True,train
RA_ACTTCCGCATGCCGCA-1,rat,RA,aCAP,aCAP,endothelial,True,train
RA_ACTTTCACAATACCTG-1,rat,RA,aCAP,aCAP,endothelial,True,train
RA_ACTTTCATCTAGACCA-1,rat,RA,aCAP,aCAP,endothelial,True,train
RA_AGACAAAAGCCTCTCT-1,rat,RA,aCAP,aCAP,endothelial,True,test
RA_AGACACTAGACCTCAT-1,rat,RA,aCAP,aCAP,endothelial,True,train
RA_AGACAGGAGTGGCGAT-1,rat,RA,aCAP,aCAP,endothelial,True,train
RA_AGACTCAGTGTGTACT-1,rat,RA,aCAP,aCAP,endothelial,True,train
RA_AGAGAATAGGCTGGAT-1,rat,RA,aCAP,aCAP,endothelial,True,train
RA_AGAGCAGAGGAAAGGT-1,rat,RA,aCAP,aCAP,endothelial,True,train
RA_AGATCCATCCTTGGAA-1,rat,RA,aCAP,aCAP,endothelial,True,train
RA_AGCATCAAGGAAAGGT-1,rat,RA,aCAP,aCAP,endothelial,True,train
RA_AGCATCACACAAATAG-1,rat,RA,aCAP,aCAP,endothelial,True,train
RA_AGCCAATAGAGATGCC-1,rat,RA,aCAP,aCAP,endothelial,True,train
RA_AGCCAATAGTCATACC-1,rat,RA,aCAP,aCAP,endothelial,True,train
RA_AGCCACGAGGTTGGTG-1,rat,RA,aCAP,aCAP,endothelial,True,train
RA_AGCGTATAGTCACACT-1,rat,RA,aCAP,aCAP,endothelial,True,train
RA_AGCGTATCACACTTAG-1,rat,RA,aCAP,aCAP,endothelial,True,train
RA_AGCTCAACAACACTAC-1,rat,RA,aCAP,aCAP,endothelial,True,train
RA_AGCTTCCGTCACATTG-1,rat,RA,aCAP,aCAP,endothelial,True,train
RA_AGGCTGCAGTAACGTA-1,rat,RA,aCAP,aCAP,endothelial,True,train
RA_AGGCTGCGTTAAACCC-1,rat,RA,aCAP,aCAP,endothelial,True,train
RA_AGGGCCTTCGCAATTG-1,rat,RA,aCAP,aCAP,endothelial,True,train
RA_AGGGTTTAGTGGTTGG-1,rat,RA,aCAP,aCAP,endothelial,True,test
RA_AGGTGTTGTGATTCTG-1,rat,RA,aCAP,aCAP,endothelial,True,train
RA_AGGTTACAGGGTTGCA-1,rat,RA,aCAP,aCAP,endothelial,True,test
RA_AGGTTACAGTTCCGTA-1,rat,RA,aCAP,aCAP,endothelial,True,train
RA_AGGTTGTCACGCTATA-1,rat,RA,aCAP,aCAP,endothelial,True,test
RA_AGGTTGTGTGACCGAA-1,rat,RA,aCAP,aCAP,endothelial,True,train
RA_AGTAACCGTATGGAAT-1,rat,RA,aCAP,aCAP,endothelial,True,train
RA_AGTACCACAAATAAGC-1,rat,RA,aCAP,aCAP,endothelial,True,train
RA_AGTACTGTCATACAGC-1,rat,RA,aCAP,aCAP,endothelial,True,train
RA_AGTCATGGTACTAAGA-1,rat,RA,aCAP,aCAP,endothelial,True,train
RA_AGTGACTGTAGACAAT-1,rat,RA,aCAP,aCAP,endothelial,True,train
RA_AGTGACTTCAACCCGG-1,rat,RA,aCAP,aCAP,endothelial,True,train
RA_AGTGTTGAGATTAGAC-1,rat,RA,aCAP,aCAP,endothelial,True,train
RA_AGTTAGCAGCTACGTT-1,rat,RA,aCAP,aCAP,endothelial,True,train
RA_AGTTCCCTCACCGGGT-1,rat,RA,aCAP,aCAP,endothelial,True,train
RA_AGTTCGATCGGTCTAA-1,rat,RA,aCAP,aCAP,endothelial,True,train
RA_ATAGACCAGCTTACGT-1,rat,RA,aCAP,aCAP,endothelial,True,train
RA_ATCACTTAGTCGAAGC-1,rat,RA,aCAP,aCAP,endothelial,True,train
RA_ATCAGGTGTCGGTGAA-1,rat,RA,aCAP,aCAP,endothelial,True,test
RA_ATCATTCGTTAGGCCC-1,rat,RA,aCAP,aCAP,endothelial,True,train
RA_ATCGGCGAGCCAGAGT-1,rat,RA,aCAP,aCAP,endothelial,True,train
RA_ATCGGCGGTTTAGACC-1,rat,RA,aCAP,aCAP,endothelial,True,train
RA_ATCGGCGTCCATCACC-1,rat,RA,aCAP,aCAP,endothelial,True,test
RA_ATCGTAGCAATCAAGA-1,rat,RA,aCAP,aCAP,endothelial,True,train
RA_ATGACCAAGAGCTTTC-1,rat,RA,aCAP,aCAP,endothelial,True,train
RA_ATGACCACAAGAGGCT-1,rat,RA,aCAP,aCAP,endothelial,True,train
RA_ATGAGGGCACATATGC-1,rat,RA,aCAP,aCAP,endothelial,True,test
RA_ATGAGTCAGGTCATTC-1,rat,RA,aCAP,aCAP,endothelial,True,train
RA_ATGAGTCTCCTACCGT-1,rat,RA,aCAP,aCAP,endothelial,True,train
RA_ATGATCGAGTGATAAC-1,rat,RA,aCAP,aCAP,endothelial,True,train
RA_ATGATCGCATAACCCA-1,rat,RA,aCAP,aCAP,endothelial,True,test
RA_ATGCATGTCGTTACCC-1,rat,RA,aCAP,aCAP,endothelial,True,train
RA_ATGCCTCTCTGGTTGA-1,rat,RA,aCAP,aCAP,endothelial,True,train
RA_ATGGGAGTCTTCGGAA-1,rat,RA,aCAP,aCAP,endothelial,True,train
RA_ATGTCCCCACCCATAA-1,rat,RA,aCAP,aCAP,endothelial,True,train
RA_ATTCATCTCCTTACCG-1,rat,RA,aCAP,aCAP,endothelial,True,train
RA_ATTCCTAGTTTCGTGA-1,rat,RA,aCAP,aCAP,endothelial,True,train
RA_ATTTACCAGTTAACGA-1,rat,RA,aCAP,aCAP,endothelial,True,train
RA_ATTTACCCACTCACTC-1,rat,RA,aCAP,aCAP,endothelial,True,train
RA_ATTTCACCATATACCG-1,rat,RA,aCAP,aCAP,endothelial,True,valid
RA_CAAAGAACACCCATAA-1,rat,RA,aCAP,aCAP,endothelial,True,train
RA_CAAAGAAGTTATGGTC-1,rat,RA,aCAP,aCAP,endothelial,True,train
RA_CAACAACCAACGTAAA-1,rat,RA,aCAP,aCAP,endothelial,True,train
RA_CAAGCTAGTCGGCTAC-1,rat,RA,aCAP,aCAP,endothelial,True,train
RA_CAATACGCAACCGGAA-1,rat,RA,aCAP,aCAP,endothelial,True,valid
RA_CACACAACAAATGGTA-1,rat,RA,aCAP,aCAP,endothelial,True,train
RA_CACATGATCAATCCAG-1,rat,RA,aCAP,aCAP,endothelial,True,train
RA_CACCGTTAGTTCTACG-1,rat,RA,aCAP,aCAP,endothelial,True,train
RA_CACGAATTCATTGCGA-1,rat,RA,aCAP,aCAP,endothelial,True,test
RA_CACGTTCTCCTAGAGT-1,rat,RA,aCAP,aCAP,endothelial,True,test
RA_CACTAAGCACTCCGGA-1,rat,RA,aCAP,aCAP,endothelial,True,train
RA_CACTGAAAGCGAATGC-1,rat,RA,aCAP,aCAP,endothelial,True,test
RA_CACTGAAAGTTAACGA-1,rat,RA,aCAP,aCAP,endothelial,True,train
RA_CACTGGGTCTACGGGC-1,rat,RA,aCAP,aCAP,endothelial,True,train
RA_CACTGTCAGCGTGCTC-1,rat,RA,aCAP,aCAP,endothelial,True,train
RA_CACTTCGAGACGGTTG-1,rat,RA,aCAP,aCAP,endothelial,True,train
RA_CAGAGCCCACTCTAGA-1,rat,RA,aCAP,aCAP,endothelial,True,train
RA_CAGATACCATGAATCC-1,rat,RA,aCAP,aCAP,endothelial,True,train
RA_CAGATCAAGTGGCCTC-1,rat,RA,aCAP,aCAP,endothelial,True,train
RA_CAGATTGGTTCGGCTG-1,rat,RA,aCAP,aCAP,endothelial,True,train
RA_CAGATTGTCTATGCCC-1,rat,RA,aCAP,aCAP,endothelial,True,train
RA_CAGCACGGTAATCAAG-1,rat,RA,aCAP,aCAP,endothelial,True,test
RA_CAGCACGTCGAACGGA-1,rat,RA,aCAP,aCAP,endothelial,True,train
RA_CAGGGCTTCCTGTTGC-1,rat,RA,aCAP,aCAP,endothelial,True,train
RA_CAGTGCGCACGACGTC-1,rat,RA,aCAP,aCAP,endothelial,True,train
RA_CATAGACTCATTGCCC-1,rat,RA,aCAP,aCAP,endothelial,True,test
RA_CATCGTCCATTGTAGC-1,rat,RA,aCAP,aCAP,endothelial,True,train
RA_CATGCAAGTCGGCACT-1,rat,RA,aCAP,aCAP,endothelial,True,train
RA_CATGCCTCACCAGCCA-1,rat,RA,aCAP,aCAP,endothelial,True,train
RA_CATGCGGGTCGTGTTA-1,rat,RA,aCAP,aCAP,endothelial,True,test
RA_CATTCATGTACAGTAA-1,rat,RA,aCAP,aCAP,endothelial,True,train
RA_CATTCCGTCAAACCCA-1,rat,RA,aCAP,aCAP,endothelial,True,train
RA_CATTCTAAGATCCTAC-1,rat,RA,aCAP,aCAP,endothelial,True,train
RA_CATTCTACAAGCGATG-1,rat,RA,aCAP,aCAP,endothelial,True,train
RA_CATTCTACACAACGTT-1,rat,RA,aCAP,aCAP,endothelial,True,train
RA_CATTTCAAGGGCAACT-1,rat,RA,aCAP,aCAP,endothelial,True,train
RA_CCAAGCGCATAGGCGA-1,rat,RA,aCAP,aCAP,endothelial,True,train
RA_CCCGAAGAGGCAATGC-1,rat,RA,aCAP,aCAP,endothelial,True,train
RA_CCGATGGTCCTGTAGA-1,rat,RA,aCAP,aCAP,endothelial,True,train
RA_CCGCAAGAGCTTTGTG-1,rat,RA,aCAP,aCAP,endothelial,True,train
RA_CCGTAGGAGGTGCAGT-1,rat,RA,aCAP,aCAP,endothelial,True,train
RA_CCGTGAGCACACGCCA-1,rat,RA,aCAP,aCAP,endothelial,True,train
RA_CCTACGTCAATGTGGG-1,rat,RA,aCAP,aCAP,endothelial,True,train
RA_CCTCAGTCAAATCAGA-1,rat,RA,aCAP,aCAP,endothelial,True,test
RA_CCTCAGTCAGGTAGTG-1,rat,RA,aCAP,aCAP,endothelial,True,train
RA_CCTCATGTCGTAGCCG-1,rat,RA,aCAP,aCAP,endothelial,True,train
RA_CCTCTAGTCCTAGAGT-1,rat,RA,aCAP,aCAP,endothelial,True,train
RA_CCTGTTGGTCAACACT-1,rat,RA,aCAP,aCAP,endothelial,True,test
RA_CGAATTGGTGTTGACT-1,rat,RA,aCAP,aCAP,endothelial,True,train
RA_CGACAGCAGAAGTGTT-1,rat,RA,aCAP,aCAP,endothelial,True,train
RA_CGAGGAATCTACCCAC-1,rat,RA,aCAP,aCAP,endothelial,True,train
RA_CGAGGCTCAAGAGTAT-1,rat,RA,aCAP,aCAP,endothelial,True,train
RA_CGAGGCTTCATTGCCC-1,rat,RA,aCAP,aCAP,endothelial,True,train
RA_CGATCGGTCGTGGGAA-1,rat,RA,aCAP,aCAP,endothelial,True,train
RA_CGGGACTAGCGCCTTG-1,rat,RA,aCAP,aCAP,endothelial,True,train
RA_CGTAAGTGTGTCATGT-1,rat,RA,aCAP,aCAP,endothelial,True,train
RA_CGTAATGCAGCTGAGA-1,rat,RA,aCAP,aCAP,endothelial,True,train
RA_CGTAGTACAAGTTCGT-1,rat,RA,aCAP,aCAP,endothelial,True,train
RA_CGTAGTACACTTGAAC-1,rat,RA,aCAP,aCAP,endothelial,True,train
RA_CGTGCTTCAACCCGCA-1,rat,RA,aCAP,aCAP,endothelial,True,train
RA_CGTGTCTGTCTTAGTG-1,rat,RA,aCAP,aCAP,endothelial,True,train
RA_CGTTCTGTCAACGCTA-1,rat,RA,aCAP,aCAP,endothelial,True,train
RA_CTAACCCAGGCATCGA-1,rat,RA,aCAP,aCAP,endothelial,True,train
RA_CTAAGTGAGTAGAGTT-1,rat,RA,aCAP,aCAP,endothelial,True,test
RA_CTACAGAAGAATACAC-1,rat,RA,aCAP,aCAP,endothelial,True,train
RA_CTACCTGAGTTCCAGT-1,rat,RA,aCAP,aCAP,endothelial,True,train
RA_CTACCTGTCGGCACTG-1,rat,RA,aCAP,aCAP,endothelial,True,train
RA_CTATCCGGTATCGAAA-1,rat,RA,aCAP,aCAP,endothelial,True,train
RA_CTATCCGGTGGGACAT-1,rat,RA,aCAP,aCAP,endothelial,True,train
RA_CTCAACCAGGGTTGCA-1,rat,RA,aCAP,aCAP,endothelial,True,train
RA_CTCAGAACACCGGCTA-1,rat,RA,aCAP,aCAP,endothelial,True,test
RA_CTCCACAAGGTCACCC-1,rat,RA,aCAP,aCAP,endothelial,True,train
RA_CTCCACACATGTGGCC-1,rat,RA,aCAP,aCAP,endothelial,True,train
RA_CTCCCAAGTAGGACCA-1,rat,RA,aCAP,aCAP,endothelial,True,train
RA_CTCCCAAGTTATTCCT-1,rat,RA,aCAP,aCAP,endothelial,True,test
RA_CTCCCTCGTACTCCGG-1,rat,RA,aCAP,aCAP,endothelial,True,train
RA_CTCCGATCAGTGACCC-1,rat,RA,aCAP,aCAP,endothelial,True,test
RA_CTCTCGACATGGCGCT-1,rat,RA,aCAP,aCAP,endothelial,True,train
RA_CTGAGGCCATTGGCAT-1,rat,RA,aCAP,aCAP,endothelial,True,train
RA_CTGAGGCTCCCATACC-1,rat,RA,aCAP,aCAP,endothelial,True,train
RA_CTGATCCCATGTTCAG-1,rat,RA,aCAP,aCAP,endothelial,True,test
RA_CTGATCCTCTGAGATC-1,rat,RA,aCAP,aCAP,endothelial,True,test
RA_CTGCTCAGTGGGTTGA-1,rat,RA,aCAP,aCAP,endothelial,True,train
RA_CTGTAGACACCCGTAG-1,rat,RA,aCAP,aCAP,endothelial,True,train
RA_CTGTCGTTCTGTGCAA-1,rat,RA,aCAP,aCAP,endothelial,True,train
RA_CTGTGAATCACACCGG-1,rat,RA,aCAP,aCAP,endothelial,True,train
RA_CTGTGAATCGTAACAC-1,rat,RA,aCAP,aCAP,endothelial,True,train
RA_CTTAGGAAGAAGGATG-1,rat,RA,aCAP,aCAP,endothelial,True,train
RA_CTTCTCTCATCATGAC-1,rat,RA,aCAP,aCAP,endothelial,True,train
RA_CTTCTCTTCCACGTAA-1,rat,RA,aCAP,aCAP,endothelial,True,train
RA_GAACACTCATGACTGT-1,rat,RA,aCAP,aCAP,endothelial,True,train
RA_GAACTGTTCATTCGTT-1,rat,RA,aCAP,aCAP,endothelial,True,train
RA_GAAGCCCAGTTGCATC-1,rat,RA,aCAP,aCAP,endothelial,True,train
RA_GAAGCGAAGGAACTCG-1,rat,RA,aCAP,aCAP,endothelial,True,train
RA_GAAGCGATCCACTTTA-1,rat,RA,aCAP,aCAP,endothelial,True,train
RA_GAAGGGTGTAGTTAGA-1,rat,RA,aCAP,aCAP,endothelial,True,train
RA_GAATAGAAGTAGACCG-1,rat,RA,aCAP,aCAP,endothelial,True,train
RA_GACCCTTAGAGGCCAT-1,rat,RA,aCAP,aCAP,endothelial,True,train
RA_GACCCTTTCGCACGAC-1,rat,RA,aCAP,aCAP,endothelial,True,test
RA_GACTCTCTCTCTGAGA-1,rat,RA,aCAP,aCAP,endothelial,True,test
RA_GACTGATTCACCTCAC-1,rat,RA,aCAP,aCAP,endothelial,True,train
RA_GACTTCCTCCCTATTA-1,rat,RA,aCAP,aCAP,endothelial,True,train
RA_GAGAAATGTTGCCTAA-1,rat,RA,aCAP,aCAP,endothelial,True,test
RA_GAGACCCGTCTTCATT-1,rat,RA,aCAP,aCAP,endothelial,True,train
RA_GAGACTTAGCAACTTC-1,rat,RA,aCAP,aCAP,endothelial,True,train
RA_GAGCCTGTCAGTGTTG-1,rat,RA,aCAP,aCAP,endothelial,True,train
RA_GAGCCTGTCTTTCCAA-1,rat,RA,aCAP,aCAP,endothelial,True,test
RA_GAGGGATGTGATCATC-1,rat,RA,aCAP,aCAP,endothelial,True,train
RA_GAGTGTTCAGGACTTT-1,rat,RA,aCAP,aCAP,endothelial,True,train
RA_GAGTGTTTCGATTGAC-1,rat,RA,aCAP,aCAP,endothelial,True,train
RA_GAGTGTTTCTCGGGAC-1,rat,RA,aCAP,aCAP,endothelial,True,train
RA_GAGTTACAGGCGCTCT-1,rat,RA,aCAP,aCAP,endothelial,True,test
RA_GAGTTTGAGAACCGCA-1,rat,RA,aCAP,aCAP,endothelial,True,train
RA_GAGTTTGAGCTTTCCC-1,rat,RA,aCAP,aCAP,endothelial,True,train
RA_GATCAGTAGTAAGGGA-1,rat,RA,aCAP,aCAP,endothelial,True,train
RA_GATCGTATCACACCCT-1,rat,RA,aCAP,aCAP,endothelial,True,test
RA_GATGACTTCTGCGAGC-1,rat,RA,aCAP,aCAP,endothelial,True,train
RA_GATGAGGCAACTAGAA-1,rat,RA,aCAP,aCAP,endothelial,True,train
RA_GATGGAGGTCTGTCCT-1,rat,RA,aCAP,aCAP,endothelial,True,test
RA_GATTGGTAGCGACTTT-1,rat,RA,aCAP,aCAP,endothelial,True,train
RA_GCAACCGGTTCGGCTG-1,rat,RA,aCAP,aCAP,endothelial,True,train
RA_GCACATATCCACTTCG-1,rat,RA,aCAP,aCAP,endothelial,True,train
RA_GCACTAATCAACCTTT-1,rat,RA,aCAP,aCAP,endothelial,True,train
RA_GCAGCTGTCCGTGTGG-1,rat,RA,aCAP,aCAP,endothelial,True,train
RA_GCAGCTGTCTGGCCGA-1,rat,RA,aCAP,aCAP,endothelial,True,test
RA_GCAGTTACAGAACTCT-1,rat,RA,aCAP,aCAP,endothelial,True,test
RA_GCAGTTACAGTCGCAC-1,rat,RA,aCAP,aCAP,endothelial,True,test
RA_GCATCGGCAGCAGGAT-1,rat,RA,aCAP,aCAP,endothelial,True,test
RA_GCATTAGTCACTGCTC-1,rat,RA,aCAP,aCAP,endothelial,True,train
RA_GCCAACGAGGATGCGT-1,rat,RA,aCAP,aCAP,endothelial,True,train
RA_GCCAGCAAGTCATTGC-1,rat,RA,aCAP,aCAP,endothelial,True,train
RA_GCCAGGTTCTAGGCCG-1,rat,RA,aCAP,aCAP,endothelial,True,train
RA_GCCAGTGCATAGGCGA-1,rat,RA,aCAP,aCAP,endothelial,True,train
RA_GCCTGTTAGTGCACAG-1,rat,RA,aCAP,aCAP,endothelial,True,train
RA_GCGGAAACAGAAGTTA-1,rat,RA,aCAP,aCAP,endothelial,True,train
RA_GCGGAAAGTTATTCCT-1,rat,RA,aCAP,aCAP,endothelial,True,train
RA_GCGTGCAGTACAGAAT-1,rat,RA,aCAP,aCAP,endothelial,True,train
RA_GCTTCACTCGAGAGCA-1,rat,RA,aCAP,aCAP,endothelial,True,train
RA_GCTTGGGCACAGTCCG-1,rat,RA,aCAP,aCAP,endothelial,True,train
RA_GGACGTCAGGCGCTTC-1,rat,RA,aCAP,aCAP,endothelial,True,train
RA_GGAGATGCAAGCTGTT-1,rat,RA,aCAP,aCAP,endothelial,True,train
RA_GGAGGTAAGGGTACGT-1,rat,RA,aCAP,aCAP,endothelial,True,test
RA_GGAGGTAGTACCCGAC-1,rat,RA,aCAP,aCAP,endothelial,True,train
RA_GGATGTTAGGACGCAT-1,rat,RA,aCAP,aCAP,endothelial,True,train
RA_GGCACGTAGAAGTATC-1,rat,RA,aCAP,aCAP,endothelial,True,train
RA_GGCACGTAGATACAGT-1,rat,RA,aCAP,aCAP,endothelial,True,train
RA_GGCTTTCCAGTCCCGA-1,rat,RA,aCAP,aCAP,endothelial,True,train
RA_GGGACAACAACAGCCC-1,rat,RA,aCAP,aCAP,endothelial,True,train
RA_GGGACAACAAGAGCTG-1,rat,RA,aCAP,aCAP,endothelial,True,train
RA_GGGACAAGTCTCACGG-1,rat,RA,aCAP,aCAP,endothelial,True,test
RA_GGGAGATTCCGTAGGC-1,rat,RA,aCAP,aCAP,endothelial,True,test
RA_GGGATCCAGGTTAAAC-1,rat,RA,aCAP,aCAP,endothelial,True,train
RA_GGGCCATCACTAGGTT-1,rat,RA,aCAP,aCAP,endothelial,True,train
RA_GGGCCATTCACTCACC-1,rat,RA,aCAP,aCAP,endothelial,True,train
RA_GGGCTACGTACCTAGT-1,rat,RA,aCAP,aCAP,endothelial,True,train
RA_GGGCTACGTGAGATAT-1,rat,RA,aCAP,aCAP,endothelial,True,train
RA_GGGTAGATCCTAGCTC-1,rat,RA,aCAP,aCAP,endothelial,True,train
RA_GGGTATTAGCTTCGTA-1,rat,RA,aCAP,aCAP,endothelial,True,train
RA_GGGTATTTCACCTACC-1,rat,RA,aCAP,aCAP,endothelial,True,test
RA_GGGTCTGCAAGGAGTC-1,rat,RA,aCAP,aCAP,endothelial,True,train
RA_GGGTGTCGTGTCTTAG-1,rat,RA,aCAP,aCAP,endothelial,True,test
RA_GGGTGTCTCCTCTCTT-1,rat,RA,aCAP,aCAP,endothelial,True,train
RA_GGTAACTTCAGGTGTT-1,rat,RA,aCAP,aCAP,endothelial,True,train
RA_GGTCTGGCACTGTGTA-1,rat,RA,aCAP,aCAP,endothelial,True,train
RA_GGTCTGGGTACACGTT-1,rat,RA,aCAP,aCAP,endothelial,True,train
RA_GGTGGCTTCGGCATAT-1,rat,RA,aCAP,aCAP,endothelial,True,train
RA_GTAACCATCGTTGCCT-1,rat,RA,aCAP,aCAP,endothelial,True,train
RA_GTAAGTCCACCACATA-1,rat,RA,aCAP,aCAP,endothelial,True,train
RA_GTAGAAAAGGTCCGAA-1,rat,RA,aCAP,aCAP,endothelial,True,train
RA_GTAGGAGAGTAGACCG-1,rat,RA,aCAP,aCAP,endothelial,True,test
RA_GTCAAACCAGAACTTC-1,rat,RA,aCAP,aCAP,endothelial,True,test
RA_GTCATCCCAGAGGTAC-1,rat,RA,aCAP,aCAP,endothelial,True,train
RA_GTCATCCTCGTTCCCA-1,rat,RA,aCAP,aCAP,endothelial,True,train
RA_GTCATGACAAGCTGTT-1,rat,RA,aCAP,aCAP,endothelial,True,train
RA_GTCATTTGTGTTAAAG-1,rat,RA,aCAP,aCAP,endothelial,True,train
RA_GTCCTCATCGGAGATG-1,rat,RA,aCAP,aCAP,endothelial,True,train
RA_GTCGCGACAGCACAGA-1,rat,RA,aCAP,aCAP,endothelial,True,test
RA_GTCGTTCAGGGCCCTT-1,rat,RA,aCAP,aCAP,endothelial,True,train
RA_GTCGTTCGTATCCTTT-1,rat,RA,aCAP,aCAP,endothelial,True,train
RA_GTCTACCAGTAAATGC-1,rat,RA,aCAP,aCAP,endothelial,True,train
RA_GTCTCACGTCGATTCA-1,rat,RA,aCAP,aCAP,endothelial,True,train
RA_GTCTTTATCGCATGAT-1,rat,RA,aCAP,aCAP,endothelial,True,train
RA_GTGACGCGTTTCAGAC-1,rat,RA,aCAP,aCAP,endothelial,True,train
RA_GTGAGCCAGCTCGAAG-1,rat,RA,aCAP,aCAP,endothelial,True,train
RA_GTGAGCCGTACACTCA-1,rat,RA,aCAP,aCAP,endothelial,True,train
RA_GTGAGTTCAGCTCCTT-1,rat,RA,aCAP,aCAP,endothelial,True,train
RA_GTGCAGCTCGGAGTAG-1,rat,RA,aCAP,aCAP,endothelial,True,train
RA_GTGGCGTTCGATTTCT-1,rat,RA,aCAP,aCAP,endothelial,True,train
RA_GTGGGAACACACAGCC-1,rat,RA,aCAP,aCAP,endothelial,True,train
RA_GTGTAACCACGACCTG-1,rat,RA,aCAP,aCAP,endothelial,True,train
RA_GTGTCCTCACTGTTCC-1,rat,RA,aCAP,aCAP,endothelial,True,train
RA_GTGTGATTCTCCTGAC-1,rat,RA,aCAP,aCAP,endothelial,True,test
RA_GTGTTAGTCCTACGAA-1,rat,RA,aCAP,aCAP,endothelial,True,train
RA_GTGTTAGTCGGTCTGG-1,rat,RA,aCAP,aCAP,endothelial,True,train
RA_GTTACCCTCCGCAACG-1,rat,RA,aCAP,aCAP,endothelial,True,train
RA_GTTAGACTCTCAACGA-1,rat,RA,aCAP,aCAP,endothelial,True,train
RA_GTTAGTGAGTTCCATG-1,rat,RA,aCAP,aCAP,endothelial,True,train
RA_GTTATGGAGGTATAGT-1,rat,RA,aCAP,aCAP,endothelial,True,train
RA_GTTATGGTCCATACTT-1,rat,RA,aCAP,aCAP,endothelial,True,train
RA_GTTCTATCACAAGTGG-1,rat,RA,aCAP,aCAP,endothelial,True,train
RA_GTTGAACGTGATATAG-1,rat,RA,aCAP,aCAP,endothelial,True,train
RA_GTTGCTCGTAGAGGAA-1,rat,RA,aCAP,aCAP,endothelial,True,train
RA_GTTTACTTCGCACTCT-1,rat,RA,aCAP,aCAP,endothelial,True,train
RA_TAACACGAGTGTACAA-1,rat,RA,aCAP,aCAP,endothelial,True,train
RA_TAACACGTCCTCTCGA-1,rat,RA,aCAP,aCAP,endothelial,True,train
RA_TAACCAGCACGGAAGT-1,rat,RA,aCAP,aCAP,endothelial,True,test
RA_TAAGTCGGTGGATGAC-1,rat,RA,aCAP,aCAP,endothelial,True,train
RA_TAATCTCAGGTGTGAC-1,rat,RA,aCAP,aCAP,endothelial,True,train
RA_TAATTCCTCCGTGGCA-1,rat,RA,aCAP,aCAP,endothelial,True,train
RA_TACACCCAGTTGAAGT-1,rat,RA,aCAP,aCAP,endothelial,True,train
RA_TACATTCGTGAGTTTC-1,rat,RA,aCAP,aCAP,endothelial,True,train
RA_TACCGAAGTCTGATAC-1,rat,RA,aCAP,aCAP,endothelial,True,train
RA_TACTTACAGCTGACCC-1,rat,RA,aCAP,aCAP,endothelial,True,test
RA_TAGACCATCCCGAGAC-1,rat,RA,aCAP,aCAP,endothelial,True,train
RA_TAGATCGAGGCCCACT-1,rat,RA,aCAP,aCAP,endothelial,True,test
RA_TAGCACATCGGTCGGT-1,rat,RA,aCAP,aCAP,endothelial,True,test
RA_TAGGAGGTCAAGAGGC-1,rat,RA,aCAP,aCAP,endothelial,True,train
RA_TATACCTAGTGGAAAG-1,rat,RA,aCAP,aCAP,endothelial,True,train
RA_TATCAGGTCGGTGTTA-1,rat,RA,aCAP,aCAP,endothelial,True,test
RA_TATCGCCCAATTGGTC-1,rat,RA,aCAP,aCAP,endothelial,True,train
RA_TATGTTCAGGTCGACA-1,rat,RA,aCAP,aCAP,endothelial,True,train
RA_TATGTTCCAGCCTATA-1,rat,RA,aCAP,aCAP,endothelial,True,train
RA_TATTTCGCATGATGCT-1,rat,RA,aCAP,aCAP,endothelial,True,train
RA_TCAAGCAAGCGACCCT-1,rat,RA,aCAP,aCAP,endothelial,True,train
RA_TCAATTCAGCGTGCTC-1,rat,RA,aCAP,aCAP,endothelial,True,train
RA_TCACATTTCAGTAGGG-1,rat,RA,aCAP,aCAP,endothelial,True,train
RA_TCACTATTCGAGCTGC-1,rat,RA,aCAP,aCAP,endothelial,True,train
RA_TCAGCAACAAATCAAG-1,rat,RA,aCAP,aCAP,endothelial,True,train
RA_TCAGCCTGTGATACCT-1,rat,RA,aCAP,aCAP,endothelial,True,train
RA_TCAGTCCAGAGCTGCA-1,rat,RA,aCAP,aCAP,endothelial,True,test
RA_TCAGTCCTCACTTTGT-1,rat,RA,aCAP,aCAP,endothelial,True,train
RA_TCAGTTTGTAGTGATA-1,rat,RA,aCAP,aCAP,endothelial,True,train
RA_TCAGTTTTCGCGGTAC-1,rat,RA,aCAP,aCAP,endothelial,True,train
RA_TCATACTCAAGCGCTC-1,rat,RA,aCAP,aCAP,endothelial,True,train
RA_TCATCCGAGGTGGGTT-1,rat,RA,aCAP,aCAP,endothelial,True,test
RA_TCATGCCAGGTGGCTA-1,rat,RA,aCAP,aCAP,endothelial,True,train
RA_TCATGCCTCCTACCGT-1,rat,RA,aCAP,aCAP,endothelial,True,train
RA_TCCACGTGTCCAATCA-1,rat,RA,aCAP,aCAP,endothelial,True,train
RA_TCCATCGAGGTCCGAA-1,rat,RA,aCAP,aCAP,endothelial,True,test
RA_TCCATGCAGTCGCCAC-1,rat,RA,aCAP,aCAP,endothelial,True,train
RA_TCCGATCAGATCGACG-1,rat,RA,aCAP,aCAP,endothelial,True,train
RA_TCCGGGAAGGTGCGAT-1,rat,RA,aCAP,aCAP,endothelial,True,train
RA_TCCGTGTCAAATGGCG-1,rat,RA,aCAP,aCAP,endothelial,True,train
RA_TCCTCTTCAAAGGGTC-1,rat,RA,aCAP,aCAP,endothelial,True,train
RA_TCCTTCTTCGCGGACT-1,rat,RA,aCAP,aCAP,endothelial,True,train
RA_TCGAAGTAGCCGCACT-1,rat,RA,aCAP,aCAP,endothelial,True,train
RA_TCGAAGTCAACCCTCT-1,rat,RA,aCAP,aCAP,endothelial,True,train
RA_TCGGTCTCAAATGCGG-1,rat,RA,aCAP,aCAP,endothelial,True,train
RA_TCGTCCACACAGCTGC-1,rat,RA,aCAP,aCAP,endothelial,True,train
RA_TCGTGGGGTGCGGATA-1,rat,RA,aCAP,aCAP,endothelial,True,train
RA_TCTACATAGCCATCCG-1,rat,RA,aCAP,aCAP,endothelial,True,train
RA_TCTACATCAAAGGCAC-1,rat,RA,aCAP,aCAP,endothelial,True,train
RA_TCTGTCGCAAGACGAC-1,rat,RA,aCAP,aCAP,endothelial,True,test
RA_TCTTCCTAGAAACCCG-1,rat,RA,aCAP,aCAP,endothelial,True,train
RA_TCTTTGACAGCACGAA-1,rat,RA,aCAP,aCAP,endothelial,True,train
RA_TCTTTGACATAAGCAA-1,rat,RA,aCAP,aCAP,endothelial,True,train
RA_TCTTTGATCATTGTGG-1,rat,RA,aCAP,aCAP,endothelial,True,train
RA_TGACAGTCAGTGCCTG-1,rat,RA,aCAP,aCAP,endothelial,True,test
RA_TGAGCATTCGCGTAGC-1,rat,RA,aCAP,aCAP,endothelial,True,train
RA_TGAGGTTCAAAGGCTG-1,rat,RA,aCAP,aCAP,endothelial,True,train
RA_TGATCTTAGCCAGAGT-1,rat,RA,aCAP,aCAP,endothelial,True,train
RA_TGATGCAAGAGTGGCT-1,rat,RA,aCAP,aCAP,endothelial,True,test
RA_TGCAGATCAAATCAGA-1,rat,RA,aCAP,aCAP,endothelial,True,train
RA_TGCAGGCGTCTACGAT-1,rat,RA,aCAP,aCAP,endothelial,True,train
RA_TGCAGGCTCCGATTAG-1,rat,RA,aCAP,aCAP,endothelial,True,train
RA_TGCAGTACAGTGTGGA-1,rat,RA,aCAP,aCAP,endothelial,True,train
RA_TGCGATAGTCCTCATC-1,rat,RA,aCAP,aCAP,endothelial,True,train
RA_TGCGGGTAGGCCACTC-1,rat,RA,aCAP,aCAP,endothelial,True,train
RA_TGCTGAAAGTCTTCCC-1,rat,RA,aCAP,aCAP,endothelial,True,train
RA_TGCTTCGAGAGGGCGA-1,rat,RA,aCAP,aCAP,endothelial,True,train
RA_TGCTTCGCACAGAGAC-1,rat,RA,aCAP,aCAP,endothelial,True,train
RA_TGGAGGATCCTATTGT-1,rat,RA,aCAP,aCAP,endothelial,True,train
RA_TGGAGGATCCTTCAGC-1,rat,RA,aCAP,aCAP,endothelial,True,train
RA_TGGGAGAAGCCTGAGA-1,rat,RA,aCAP,aCAP,endothelial,True,train
RA_TGGGCTGGTAGGTTTC-1,rat,RA,aCAP,aCAP,endothelial,True,train
RA_TGGGCTGTCGAAATCC-1,rat,RA,aCAP,aCAP,endothelial,True,train
RA_TGGGCTGTCGAGCACC-1,rat,RA,aCAP,aCAP,endothelial,True,train
RA_TGGTACAAGTCCTGTA-1,rat,RA,aCAP,aCAP,endothelial,True,train
RA_TGGTACACAGAGACTG-1,rat,RA,aCAP,aCAP,endothelial,True,train
RA_TGTAGACAGGGTACAC-1,rat,RA,aCAP,aCAP,endothelial,True,train
RA_TGTGCGGCACTTTAGG-1,rat,RA,aCAP,aCAP,endothelial,True,train
RA_TGTGTGATCTCGGGAC-1,rat,RA,aCAP,aCAP,endothelial,True,train
RA_TGTTACTAGCTAATGA-1,rat,RA,aCAP,aCAP,endothelial,True,train
RA_TGTTCATTCTATACGG-1,rat,RA,aCAP,aCAP,endothelial,True,train
RA_TGTTCCGCAAGTCGTT-1,rat,RA,aCAP,aCAP,endothelial,True,train
RA_TGTTCTACACCCTAGG-1,rat,RA,aCAP,aCAP,endothelial,True,train
RA_TGTTTGTTCCATTTGT-1,rat,RA,aCAP,aCAP,endothelial,True,train
RA_TTAATCCGTGACTATC-1,rat,RA,aCAP,aCAP,endothelial,True,train
RA_TTACAGGGTCAACACT-1,rat,RA,aCAP,aCAP,endothelial,True,train
RA_TTACCATTCGGTAGAG-1,rat,RA,aCAP,aCAP,endothelial,True,train
RA_TTACGCCAGTTGGAGC-1,rat,RA,aCAP,aCAP,endothelial,True,train
RA_TTACTGTTCCCGAATA-1,rat,RA,aCAP,aCAP,endothelial,True,train
RA_TTAGGGTCATAGAAAC-1,rat,RA,aCAP,aCAP,endothelial,True,test
RA_TTAGGGTGTGCCTAAT-1,rat,RA,aCAP,aCAP,endothelial,True,train
RA_TTAGGGTTCCCTTCCC-1,rat,RA,aCAP,aCAP,endothelial,True,train
RA_TTCAATCTCTCGTGGG-1,rat,RA,aCAP,aCAP,endothelial,True,train
RA_TTCACCGGTGTCCACG-1,rat,RA,aCAP,aCAP,endothelial,True,train
RA_TTCAGGAAGGCGTTAG-1,rat,RA,aCAP,aCAP,endothelial,True,test
RA_TTCATGTTCGATACTG-1,rat,RA,aCAP,aCAP,endothelial,True,train
RA_TTCCGTGTCTTAGCTT-1,rat,RA,aCAP,aCAP,endothelial,True,train
RA_TTCGATTAGCGTCAAG-1,rat,RA,aCAP,aCAP,endothelial,True,test
RA_TTCGCTGCAGGACATG-1,rat,RA,aCAP,aCAP,endothelial,True,train
RA_TTCGCTGTCCTGGGAC-1,rat,RA,aCAP,aCAP,endothelial,True,train
RA_TTCTAGTAGTATTGCC-1,rat,RA,aCAP,aCAP,endothelial,True,train
RA_TTGACCCTCGCACGGT-1,rat,RA,aCAP,aCAP,endothelial,True,train
RA_TTGGGATTCGTTAGTG-1,rat,RA,aCAP,aCAP,endothelial,True,train
RA_TTGGGCGCAACACACT-1,rat,RA,aCAP,aCAP,endothelial,True,train
RA_TTGGGCGGTAGTGATA-1,rat,RA,aCAP,aCAP,endothelial,True,train
RA_TTGGTTTCACACAGAG-1,rat,RA,aCAP,aCAP,endothelial,True,train
RA_TTGTTTGCACCGAATT-1,rat,RA,aCAP,aCAP,endothelial,True,train
RA_TTTACTGAGTAGTGCG-1,rat,RA,aCAP,aCAP,endothelial,True,test
RA_TTTCACAAGCTCGACC-1,rat,RA,aCAP,aCAP,endothelial,True,test
RA_TTTCATGGTTCGTACA-1,rat,RA,aCAP,aCAP,endothelial,True,train
RA_TTTGACTAGATCCCAT-1,rat,RA,aCAP,aCAP,endothelial,True,train
RA_TTTGATCAGGCTTAGG-1,rat,RA,aCAP,aCAP,endothelial,True,test
RA_AAACCCAGTCCTTTGC-1,rat,RA,gCAP,gCAP,endothelial,True,train
RA_AAACGAAAGGCTAACG-1,rat,RA,gCAP,gCAP,endothelial,True,train
RA_AAACGAACAAGACAAT-1,rat,RA,gCAP,gCAP,endothelial,True,train
RA_AAAGGGCAGGTAGACC-1,rat,RA,gCAP,gCAP,endothelial,True,train
RA_AAAGGTACAAGACGAC-1,rat,RA,gCAP,gCAP,endothelial,True,train
RA_AAAGGTATCGTGTCAA-1,rat,RA,gCAP,gCAP,endothelial,True,train
RA_AAAGTCCAGAATAACC-1,rat,RA,gCAP,gCAP,endothelial,True,train
RA_AAAGTCCAGTACAGAT-1,rat,RA,gCAP,gCAP,endothelial,True,train
RA_AAAGTCCTCCATCGTC-1,rat,RA,gCAP,gCAP,endothelial,True,train
RA_AAAGTCCTCGCTAATG-1,rat,RA,gCAP,gCAP,endothelial,True,train
RA_AAAGTCCTCTGTGCGG-1,rat,RA,gCAP,gCAP,endothelial,True,train
RA_AACAAGAAGCGATGGT-1,rat,RA,gCAP,gCAP,endothelial,True,train
RA_AACAAGACATGGGATG-1,rat,RA,gCAP,gCAP,endothelial,True,train
RA_AACACACCACCAGGTC-1,rat,RA,gCAP,gCAP,endothelial,True,train
RA_AACACACGTGTGCCTG-1,rat,RA,gCAP,gCAP,endothelial,True,train
RA_AACAGGGCAACTGGTT-1,rat,RA,gCAP,gCAP,endothelial,True,train
RA_AACAGGGGTAGCACGA-1,rat,RA,gCAP,gCAP,endothelial,True,train
RA_AACCACAAGATTACCC-1,rat,RA,gCAP,gCAP,endothelial,True,train
RA_AACCACACATCGGAAG-1,rat,RA,gCAP,gCAP,endothelial,True,test
RA_AACCACATCACACCGG-1,rat,RA,gCAP,gCAP,endothelial,True,train
RA_AACCATGAGCCGATAG-1,rat,RA,gCAP,gCAP,endothelial,True,train
RA_AACCCAAAGAAGTCCG-1,rat,RA,gCAP,gCAP,endothelial,True,train
RA_AACCTGACAAAGGAGA-1,rat,RA,gCAP,gCAP,endothelial,True,test
RA_AACCTGACACCCATAA-1,rat,RA,gCAP,gCAP,endothelial,True,train
RA_AACCTGATCCCGTGTT-1,rat,RA,gCAP,gCAP,endothelial,True,test
RA_AACCTTTAGATGACCG-1,rat,RA,gCAP,gCAP,endothelial,True,train
RA_AACCTTTAGTTGTCGT-1,rat,RA,gCAP,gCAP,endothelial,True,train
RA_AACGAAACAAAGAACT-1,rat,RA,gCAP,gCAP,endothelial,True,train
RA_AACGAAATCCAAGGGA-1,rat,RA,gCAP,gCAP,endothelial,True,train
RA_AACGGGAAGCCTGACC-1,rat,RA,gCAP,gCAP,endothelial,True,train
RA_AACGGGAAGTGGTTAA-1,rat,RA,gCAP,gCAP,endothelial,True,train
RA_AAGAACAGTCCAGCCA-1,rat,RA,gCAP,gCAP,endothelial,True,train
RA_AAGAACATCTCATTTG-1,rat,RA,gCAP,gCAP,endothelial,True,train
RA_AAGACAACATTGGATC-1,rat,RA,gCAP,gCAP,endothelial,True,train
RA_AAGACAATCTCGCGTT-1,rat,RA,gCAP,gCAP,endothelial,True,train
RA_AAGACTCAGCGCTGAA-1,rat,RA,gCAP,gCAP,endothelial,True,train
RA_AAGACTCAGGCATCGA-1,rat,RA,gCAP,gCAP,endothelial,True,train
RA_AAGACTCCATTGCAAC-1,rat,RA,gCAP,gCAP,endothelial,True,train
RA_AAGATAGAGAGAGTTT-1,rat,RA,gCAP,gCAP,endothelial,True,test
RA_AAGATAGCACTGTTCC-1,rat,RA,gCAP,gCAP,endothelial,True,train
RA_AAGATAGGTATCTCGA-1,rat,RA,gCAP,gCAP,endothelial,True,train
RA_AAGATAGGTCACTGAT-1,rat,RA,gCAP,gCAP,endothelial,True,train
RA_AAGATAGGTCCACTCT-1,rat,RA,gCAP,gCAP,endothelial,True,train
RA_AAGCATCCATTGCAAC-1,rat,RA,gCAP,gCAP,endothelial,True,train
RA_AAGCATCGTCACTCGG-1,rat,RA,gCAP,gCAP,endothelial,True,train
RA_AAGCCATCATCCGATA-1,rat,RA,gCAP,gCAP,endothelial,True,train
RA_AAGCGAGCAGAGAGGG-1,rat,RA,gCAP,gCAP,endothelial,True,train
RA_AAGCGAGGTATCAGGG-1,rat,RA,gCAP,gCAP,endothelial,True,train
RA_AAGCGAGTCGGACTGC-1,rat,RA,gCAP,gCAP,endothelial,True,train
RA_AAGCGTTAGCATGGGT-1,rat,RA,gCAP,gCAP,endothelial,True,train
RA_AAGGAATAGTTCACTG-1,rat,RA,gCAP,gCAP,endothelial,True,train
RA_AAGGAATCAGAGTGAC-1,rat,RA,gCAP,gCAP,endothelial,True,train
RA_AAGGAATTCTAGACCA-1,rat,RA,gCAP,gCAP,endothelial,True,train
RA_AAGTCGTGTTTACGTG-1,rat,RA,gCAP,gCAP,endothelial,True,train
RA_AAGTGAACATACCACA-1,rat,RA,gCAP,gCAP,endothelial,True,train
RA_AAGTGAAGTAGTCACT-1,rat,RA,gCAP,gCAP,endothelial,True,train
RA_AAGTTCGAGCGCCATC-1,rat,RA,gCAP,gCAP,endothelial,True,train
RA_AAGTTCGCATCAGCGC-1,rat,RA,gCAP,gCAP,endothelial,True,train
RA_AATAGAGCAACTTGGT-1,rat,RA,gCAP,gCAP,endothelial,True,train
RA_AATAGAGTCACCCTTG-1,rat,RA,gCAP,gCAP,endothelial,True,test
RA_AATCACGAGTCTAGAA-1,rat,RA,gCAP,gCAP,endothelial,True,train
RA_AATCACGCAATCCTAG-1,rat,RA,gCAP,gCAP,endothelial,True,train
RA_AATCACGCACGGCCAT-1,rat,RA,gCAP,gCAP,endothelial,True,train
RA_AATCACGGTGACTATC-1,rat,RA,gCAP,gCAP,endothelial,True,train
RA_AATCACGTCATTACTC-1,rat,RA,gCAP,gCAP,endothelial,True,train
RA_AATCACGTCCTCTGCA-1,rat,RA,gCAP,gCAP,endothelial,True,train
RA_AATCGACAGGAAAGTG-1,rat,RA,gCAP,gCAP,endothelial,True,train
RA_AATCGACAGTTACGAA-1,rat,RA,gCAP,gCAP,endothelial,True,train
RA_AATCGACTCCTAACAG-1,rat,RA,gCAP,gCAP,endothelial,True,train
RA_AATCGTGAGTCGTTAC-1,rat,RA,gCAP,gCAP,endothelial,True,train
RA_AATCGTGGTCCTGAAT-1,rat,RA,gCAP,gCAP,endothelial,True,train
RA_AATGAAGCAGATCCTA-1,rat,RA,gCAP,gCAP,endothelial,True,train
RA_AATGACCAGCACTCCG-1,rat,RA,gCAP,gCAP,endothelial,True,train
RA_AATGACCAGTTACGGG-1,rat,RA,gCAP,gCAP,endothelial,True,train
RA_AATTCCTCACGTCTCT-1,rat,RA,gCAP,gCAP,endothelial,True,train
RA_AATTTCCGTTGAAGTA-1,rat,RA,gCAP,gCAP,endothelial,True,train
RA_ACAAAGAGTCCTCATC-1,rat,RA,gCAP,gCAP,endothelial,True,train
RA_ACAACCAAGGACGCAT-1,rat,RA,gCAP,gCAP,endothelial,True,train
RA_ACAACCAAGTTACGTC-1,rat,RA,gCAP,gCAP,endothelial,True,train
RA_ACAACCACAGTTAGGG-1,rat,RA,gCAP,gCAP,endothelial,True,train
RA_ACAAGCTCACTGCATA-1,rat,RA,gCAP,gCAP,endothelial,True,train
RA_ACACCAAAGGTAATCA-1,rat,RA,gCAP,gCAP,endothelial,True,train
RA_ACACCAAGTCCAGGTC-1,rat,RA,gCAP,gCAP,endothelial,True,train
RA_ACACTGAAGAGTCAGC-1,rat,RA,gCAP,gCAP,endothelial,True,train
RA_ACACTGAAGGCCCACT-1,rat,RA,gCAP,gCAP,endothelial,True,train
RA_ACAGAAACAATCAGCT-1,rat,RA,gCAP,gCAP,endothelial,True,train
RA_ACAGAAACATTGAAAG-1,rat,RA,gCAP,gCAP,endothelial,True,train
RA_ACAGAAAGTTGGATCT-1,rat,RA,gCAP,gCAP,endothelial,True,train
RA_ACAGAAAGTTTCGTGA-1,rat,RA,gCAP,gCAP,endothelial,True,test
RA_ACAGAAATCACGGTCG-1,rat,RA,gCAP,gCAP,endothelial,True,train
RA_ACAGCCGTCCAGTGCG-1,rat,RA,gCAP,gCAP,endothelial,True,train
RA_ACAGGGAAGGAACATT-1,rat,RA,gCAP,gCAP,endothelial,True,train
RA_ACAGGGAAGGTAGGCT-1,rat,RA,gCAP,gCAP,endothelial,True,train
RA_ACATCCCGTTGTAAAG-1,rat,RA,gCAP,gCAP,endothelial,True,train
RA_ACATCGAGTAGACAAT-1,rat,RA,gCAP,gCAP,endothelial,True,train
RA_ACATGCAAGAGGATGA-1,rat,RA,gCAP,gCAP,endothelial,True,train
RA_ACATTTCCACACACTA-1,rat,RA,gCAP,gCAP,endothelial,True,train
RA_ACCAAACTCGTGGCGT-1,rat,RA,gCAP,gCAP,endothelial,True,train
RA_ACCAACAAGCCATATC-1,rat,RA,gCAP,gCAP,endothelial,True,train
RA_ACCAACAGTACCAGAG-1,rat,RA,gCAP,gCAP,endothelial,True,train
RA_ACCAACAGTATCGCGC-1,rat,RA,gCAP,gCAP,endothelial,True,train
RA_ACCAACAGTGCAGGAT-1,rat,RA,gCAP,gCAP,endothelial,True,train
RA_ACCACAAAGAATTTGG-1,rat,RA,gCAP,gCAP,endothelial,True,train
RA_ACCCAAAAGTTACGTC-1,rat,RA,gCAP,gCAP,endothelial,True,test
RA_ACCCAAACACCGGAAA-1,rat,RA,gCAP,gCAP,endothelial,True,train
RA_ACCCAAATCACTTGGA-1,rat,RA,gCAP,gCAP,endothelial,True,train
RA_ACCCAAATCGTACCTC-1,rat,RA,gCAP,gCAP,endothelial,True,train
RA_ACCCTCACATGGTACT-1,rat,RA,gCAP,gCAP,endothelial,True,train
RA_ACCGTTCGTGGACCAA-1,rat,RA,gCAP,gCAP,endothelial,True,train
RA_ACCTACCTCCCAACTC-1,rat,RA,gCAP,gCAP,endothelial,True,train
RA_ACCTGAATCCGCTGTT-1,rat,RA,gCAP,gCAP,endothelial,True,train
RA_ACCTGAATCTCGTCAC-1,rat,RA,gCAP,gCAP,endothelial,True,train
RA_ACCTGTCGTGCGACAA-1,rat,RA,gCAP,gCAP,endothelial,True,train
RA_ACCTGTCTCAGGAAAT-1,rat,RA,gCAP,gCAP,endothelial,True,train
RA_ACGATCAAGCACTCTA-1,rat,RA,gCAP,gCAP,endothelial,True,train
RA_ACGCACGAGTTCAACC-1,rat,RA,gCAP,gCAP,endothelial,True,train
RA_ACGCACGGTCACCGCA-1,rat,RA,gCAP,gCAP,endothelial,True,test
RA_ACGCACGTCGAGCTGC-1,rat,RA,gCAP,gCAP,endothelial,True,train
RA_ACGGAAGGTAACAAGT-1,rat,RA,gCAP,gCAP,endothelial,True,train
RA_ACGGAAGTCCGCATAA-1,rat,RA,gCAP,gCAP,endothelial,True,train
RA_ACGGGTCAGGCTTAGG-1,rat,RA,gCAP,gCAP,endothelial,True,train
RA_ACGGGTCCATTGACCA-1,rat,RA,gCAP,gCAP,endothelial,True,train
RA_ACGGGTCGTAAGCTCT-1,rat,RA,gCAP,gCAP,endothelial,True,train
RA_ACGGGTCGTACTCAAC-1,rat,RA,gCAP,gCAP,endothelial,True,train
RA_ACGGTTAAGTTAGTAG-1,rat,RA,gCAP,gCAP,endothelial,True,train
RA_ACGGTTACACAGAGAC-1,rat,RA,gCAP,gCAP,endothelial,True,train
RA_ACGTACAGTACCTTCC-1,rat,RA,gCAP,gCAP,endothelial,True,train
RA_ACGTAGTCAAGAGCTG-1,rat,RA,gCAP,gCAP,endothelial,True,train
RA_ACGTAGTGTGTTGAGG-1,rat,RA,gCAP,gCAP,endothelial,True,train
RA_ACGTAGTGTTCACGAT-1,rat,RA,gCAP,gCAP,endothelial,True,train
RA_ACGTCCTAGTTGCCTA-1,rat,RA,gCAP,gCAP,endothelial,True,train
RA_ACGTCCTGTCAAAGCG-1,rat,RA,gCAP,gCAP,endothelial,True,train
RA_ACGTCCTGTTGATGTC-1,rat,RA,gCAP,gCAP,endothelial,True,train
RA_ACGTCCTTCGGTTGTA-1,rat,RA,gCAP,gCAP,endothelial,True,train
RA_ACGTTCCTCGGCAGTC-1,rat,RA,gCAP,gCAP,endothelial,True,train
RA_ACTACGAGTCATCCCT-1,rat,RA,gCAP,gCAP,endothelial,True,train
RA_ACTATGGAGTAATCCC-1,rat,RA,gCAP,gCAP,endothelial,True,train
RA_ACTATGGGTCCGGTGT-1,rat,RA,gCAP,gCAP,endothelial,True,test
RA_ACTATTCGTGCCTTCT-1,rat,RA,gCAP,gCAP,endothelial,True,train
RA_ACTCCCAGTTGTCCCT-1,rat,RA,gCAP,gCAP,endothelial,True,train
RA_ACTCCCATCCCTCGAT-1,rat,RA,gCAP,gCAP,endothelial,True,train
RA_ACTCTCGCAAGCGAGT-1,rat,RA,gCAP,gCAP,endothelial,True,test
RA_ACTCTCGGTCGTTTCC-1,rat,RA,gCAP,gCAP,endothelial,True,train
RA_ACTCTCGGTGTTAGCT-1,rat,RA,gCAP,gCAP,endothelial,True,train
RA_ACTCTCGTCAATCGGT-1,rat,RA,gCAP,gCAP,endothelial,True,train
RA_ACTGATGCACAAAGTA-1,rat,RA,gCAP,gCAP,endothelial,True,train
RA_ACTGATGTCGGCATCG-1,rat,RA,gCAP,gCAP,endothelial,True,train
RA_ACTGATGTCTCGCTTG-1,rat,RA,gCAP,gCAP,endothelial,True,train
RA_ACTGCAAAGGTCATAA-1,rat,RA,gCAP,gCAP,endothelial,True,train
RA_ACTGCAATCACGAACT-1,rat,RA,gCAP,gCAP,endothelial,True,train
RA_ACTGTCCTCGCTAGCG-1,rat,RA,gCAP,gCAP,endothelial,True,train
RA_ACTGTGAGTGGGTTGA-1,rat,RA,gCAP,gCAP,endothelial,True,train
RA_ACTGTGATCTCGTTTA-1,rat,RA,gCAP,gCAP,endothelial,True,train
RA_ACTTAGGTCCGTCACT-1,rat,RA,gCAP,gCAP,endothelial,True,train
RA_ACTTATCAGCCGATTT-1,rat,RA,gCAP,gCAP,endothelial,True,train
RA_ACTTATCTCGCCTTGT-1,rat,RA,gCAP,gCAP,endothelial,True,train
RA_ACTTATCTCGTGGTAT-1,rat,RA,gCAP,gCAP,endothelial,True,train
RA_ACTTCCGAGCATTTCG-1,rat,RA,gCAP,gCAP,endothelial,True,train
RA_ACTTTCAAGCTGTGCC-1,rat,RA,gCAP,gCAP,endothelial,True,train
RA_ACTTTCACACTGTTCC-1,rat,RA,gCAP,gCAP,endothelial,True,train
RA_ACTTTCACATGGCTAT-1,rat,RA,gCAP,gCAP,endothelial,True,train
RA_ACTTTGTAGCGCACAA-1,rat,RA,gCAP,gCAP,endothelial,True,train
RA_AGAACAAGTCAACATC-1,rat,RA,gCAP,gCAP,endothelial,True,train
RA_AGAACAAGTTGCACGC-1,rat,RA,gCAP,gCAP,endothelial,True,train
RA_AGAAGCGCAGCATTGT-1,rat,RA,gCAP,gCAP,endothelial,True,train
RA_AGAAGCGCATTCCTAT-1,rat,RA,gCAP,gCAP,endothelial,True,train
RA_AGAAGCGGTTGCTCAA-1,rat,RA,gCAP,gCAP,endothelial,True,train
RA_AGAAGTAAGGCGCTCT-1,rat,RA,gCAP,gCAP,endothelial,True,train
RA_AGACAAACAAATGCTC-1,rat,RA,gCAP,gCAP,endothelial,True,train
RA_AGACAAAGTATTCCTT-1,rat,RA,gCAP,gCAP,endothelial,True,train
RA_AGACAGGTCAACCTTT-1,rat,RA,gCAP,gCAP,endothelial,True,train
RA_AGACCCGCAACTGATC-1,rat,RA,gCAP,gCAP,endothelial,True,train
RA_AGACCCGGTCTGGTTA-1,rat,RA,gCAP,gCAP,endothelial,True,train
RA_AGACTCAAGGCTGTAG-1,rat,RA,gCAP,gCAP,endothelial,True,train
RA_AGACTCAGTCAGTCCG-1,rat,RA,gCAP,gCAP,endothelial,True,test
RA_AGAGAATCACAAGTGG-1,rat,RA,gCAP,gCAP,endothelial,True,train
RA_AGAGAATGTCTTCTAT-1,rat,RA,gCAP,gCAP,endothelial,True,train
RA_AGAGAGCAGGCGTCCT-1,rat,RA,gCAP,gCAP,endothelial,True,train
RA_AGAGAGCCAGGACAGT-1,rat,RA,gCAP,gCAP,endothelial,True,train
RA_AGAGAGCTCATCTCTA-1,rat,RA,gCAP,gCAP,endothelial,True,train
RA_AGAGCAGAGGCTCTAT-1,rat,RA,gCAP,gCAP,endothelial,True,train
RA_AGAGCAGAGGTAAGTT-1,rat,RA,gCAP,gCAP,endothelial,True,train
RA_AGAGCAGCACAGCTGC-1,rat,RA,gCAP,gCAP,endothelial,True,train
RA_AGAGCAGCAGCCGGTT-1,rat,RA,gCAP,gCAP,endothelial,True,train
RA_AGAGCAGTCAGCGCAC-1,rat,RA,gCAP,gCAP,endothelial,True,train
RA_AGAGCCCGTCGAGTTT-1,rat,RA,gCAP,gCAP,endothelial,True,test
RA_AGATCCAAGGGAGTGG-1,rat,RA,gCAP,gCAP,endothelial,True,train
RA_AGATCCACATTGTACG-1,rat,RA,gCAP,gCAP,endothelial,True,test
RA_AGATCGTCAAGGGCAT-1,rat,RA,gCAP,gCAP,endothelial,True,train
RA_AGATCGTCAGCGACCT-1,rat,RA,gCAP,gCAP,endothelial,True,train
RA_AGATGAACAAACCATC-1,rat,RA,gCAP,gCAP,endothelial,True,train
RA_AGATGAAGTCTTTATC-1,rat,RA,gCAP,gCAP,endothelial,True,train
RA_AGATGAATCTGCACCT-1,rat,RA,gCAP,gCAP,endothelial,True,train
RA_AGCATCAAGTCTACCA-1,rat,RA,gCAP,gCAP,endothelial,True,train
RA_AGCCAATCACTGGCCA-1,rat,RA,gCAP,gCAP,endothelial,True,train
RA_AGCCAATCATCCTTGC-1,rat,RA,gCAP,gCAP,endothelial,True,train
RA_AGCCAATGTAGCCCTG-1,rat,RA,gCAP,gCAP,endothelial,True,train
RA_AGCCACGTCTATTCGT-1,rat,RA,gCAP,gCAP,endothelial,True,test
RA_AGCCAGCAGAGTAACT-1,rat,RA,gCAP,gCAP,endothelial,True,train
RA_AGCCAGCGTTCGGTTA-1,rat,RA,gCAP,gCAP,endothelial,True,train
RA_AGCGATTAGCATGCAG-1,rat,RA,gCAP,gCAP,endothelial,True,train
RA_AGCGCCAAGAAGCGGG-1,rat,RA,gCAP,gCAP,endothelial,True,train
RA_AGCGCCAGTGAGATCG-1,rat,RA,gCAP,gCAP,endothelial,True,train
RA_AGCGCTGCACTACAGT-1,rat,RA,gCAP,gCAP,endothelial,True,train
RA_AGCGCTGGTAGGCAGT-1,rat,RA,gCAP,gCAP,endothelial,True,train
RA_AGCGTATAGTCACAGG-1,rat,RA,gCAP,gCAP,endothelial,True,train
RA_AGCGTATCAGCCTTCT-1,rat,RA,gCAP,gCAP,endothelial,True,train
RA_AGCGTATTCCTTTGAT-1,rat,RA,gCAP,gCAP,endothelial,True,train
RA_AGCTACAAGGAACTCG-1,rat,RA,gCAP,gCAP,endothelial,True,train
RA_AGCTACAAGGTCCTGC-1,rat,RA,gCAP,gCAP,endothelial,True,train
RA_AGCTACAAGTAAGACT-1,rat,RA,gCAP,gCAP,endothelial,True,train
RA_AGCTACATCAGTCACA-1,rat,RA,gCAP,gCAP,endothelial,True,train
RA_AGCTCAAGTCAGACTT-1,rat,RA,gCAP,gCAP,endothelial,True,train
RA_AGCTCAAGTGCATCTA-1,rat,RA,gCAP,gCAP,endothelial,True,test
RA_AGGAAATAGCGTTCAT-1,rat,RA,gCAP,gCAP,endothelial,True,train
RA_AGGACGAAGAGTCAAT-1,rat,RA,gCAP,gCAP,endothelial,True,train
RA_AGGACGACACGACGTC-1,rat,RA,gCAP,gCAP,endothelial,True,train
RA_AGGACGATCGGCATCG-1,rat,RA,gCAP,gCAP,endothelial,True,train
RA_AGGACTTTCAGCCCAG-1,rat,RA,gCAP,gCAP,endothelial,True,train
RA_AGGAGGTAGGAGTACC-1,rat,RA,gCAP,gCAP,endothelial,True,train
RA_AGGAGGTTCACTTATC-1,rat,RA,gCAP,gCAP,endothelial,True,test
RA_AGGAGGTTCCACATAG-1,rat,RA,gCAP,gCAP,endothelial,True,train
RA_AGGATAATCAGTGTTG-1,rat,RA,gCAP,gCAP,endothelial,True,train
RA_AGGATAATCTACCTTA-1,rat,RA,gCAP,gCAP,endothelial,True,train
RA_AGGATCTAGGGTAATT-1,rat,RA,gCAP,gCAP,endothelial,True,train
RA_AGGCATTAGACAACAT-1,rat,RA,gCAP,gCAP,endothelial,True,train
RA_AGGCATTTCAGATGCT-1,rat,RA,gCAP,gCAP,endothelial,True,train
RA_AGGCCACCATAGAAAC-1,rat,RA,gCAP,gCAP,endothelial,True,test
RA_AGGCCACGTAAGCGGT-1,rat,RA,gCAP,gCAP,endothelial,True,train
RA_AGGGCCTAGCAACTTC-1,rat,RA,gCAP,gCAP,endothelial,True,train
RA_AGGGTCCCAGCGCGTT-1,rat,RA,gCAP,gCAP,endothelial,True,train
RA_AGGGTCCGTCATAAAG-1,rat,RA,gCAP,gCAP,endothelial,True,train
RA_AGGGTGAAGATGTTAG-1,rat,RA,gCAP,gCAP,endothelial,True,train
RA_AGGGTGAGTAGGCTGA-1,rat,RA,gCAP,gCAP,endothelial,True,train
RA_AGGGTGATCACCCTGT-1,rat,RA,gCAP,gCAP,endothelial,True,train
RA_AGGGTGATCTACTATC-1,rat,RA,gCAP,gCAP,endothelial,True,train
RA_AGGGTTTTCCACGTAA-1,rat,RA,gCAP,gCAP,endothelial,True,train
RA_AGGTCTAAGTTTGGCT-1,rat,RA,gCAP,gCAP,endothelial,True,train
RA_AGGTCTATCCCATAAG-1,rat,RA,gCAP,gCAP,endothelial,True,train
RA_AGGTCTATCTCAACCC-1,rat,RA,gCAP,gCAP,endothelial,True,train
RA_AGGTGTTAGGTGCCTC-1,rat,RA,gCAP,gCAP,endothelial,True,test
RA_AGGTTACGTGTTCCAA-1,rat,RA,gCAP,gCAP,endothelial,True,train
RA_AGGTTACTCGTGAGAG-1,rat,RA,gCAP,gCAP,endothelial,True,train
RA_AGTAACCAGTTGTAAG-1,rat,RA,gCAP,gCAP,endothelial,True,train
RA_AGTACCATCGACGACC-1,rat,RA,gCAP,gCAP,endothelial,True,train
RA_AGTACTGCACGTAGAG-1,rat,RA,gCAP,gCAP,endothelial,True,train
RA_AGTACTGTCAGTCATG-1,rat,RA,gCAP,gCAP,endothelial,True,train
RA_AGTACTGTCTTCTGTA-1,rat,RA,gCAP,gCAP,endothelial,True,train
RA_AGTAGCTAGGAGAGTA-1,rat,RA,gCAP,gCAP,endothelial,True,train
RA_AGTAGCTTCTTTCTAG-1,rat,RA,gCAP,gCAP,endothelial,True,train
RA_AGTAGTCCACCTCAGG-1,rat,RA,gCAP,gCAP,endothelial,True,train
RA_AGTAGTCCAGCTATAC-1,rat,RA,gCAP,gCAP,endothelial,True,train
RA_AGTAGTCGTTCGAGCC-1,rat,RA,gCAP,gCAP,endothelial,True,train
RA_AGTCAACTCAAAGCCT-1,rat,RA,gCAP,gCAP,endothelial,True,train
RA_AGTCACACACTCGATA-1,rat,RA,gCAP,gCAP,endothelial,True,train
RA_AGTCATGAGCACGATG-1,rat,RA,gCAP,gCAP,endothelial,True,train
RA_AGTCTCCGTAGCTTGT-1,rat,RA,gCAP,gCAP,endothelial,True,train
RA_AGTGACTAGCCGGATA-1,rat,RA,gCAP,gCAP,endothelial,True,train
RA_AGTGACTCAAACCACT-1,rat,RA,gCAP,gCAP,endothelial,True,train
RA_AGTGACTTCACATACG-1,rat,RA,gCAP,gCAP,endothelial,True,train
RA_AGTGATCAGACAAGCC-1,rat,RA,gCAP,gCAP,endothelial,True,train
RA_AGTGATCAGTGCTAGG-1,rat,RA,gCAP,gCAP,endothelial,True,train
RA_AGTGATCCAGGTCCCA-1,rat,RA,gCAP,gCAP,endothelial,True,train
RA_AGTGATCCAGTCGTTA-1,rat,RA,gCAP,gCAP,endothelial,True,train
RA_AGTGATCGTATGGGAC-1,rat,RA,gCAP,gCAP,endothelial,True,train
RA_AGTGATCGTCGACTGC-1,rat,RA,gCAP,gCAP,endothelial,True,train
RA_AGTGATCGTGACACGA-1,rat,RA,gCAP,gCAP,endothelial,True,train
RA_AGTGATCTCCACTTCG-1,rat,RA,gCAP,gCAP,endothelial,True,train
RA_AGTGATCTCGCCACTT-1,rat,RA,gCAP,gCAP,endothelial,True,train
RA_AGTGCCGCACTAACCA-1,rat,RA,gCAP,gCAP,endothelial,True,train
RA_AGTGCCGGTCTGATCA-1,rat,RA,gCAP,gCAP,endothelial,True,train
RA_AGTGTTGAGCCTGCCA-1,rat,RA,gCAP,gCAP,endothelial,True,train
RA_AGTTAGCAGATCCAAA-1,rat,RA,gCAP,gCAP,endothelial,True,train
RA_AGTTAGCAGCTGCGAA-1,rat,RA,gCAP,gCAP,endothelial,True,test
RA_AGTTAGCTCGCGGTAC-1,rat,RA,gCAP,gCAP,endothelial,True,train
RA_AGTTCCCAGCATGCAG-1,rat,RA,gCAP,gCAP,endothelial,True,train
RA_AGTTCCCTCACTTTGT-1,rat,RA,gCAP,gCAP,endothelial,True,train
RA_AGTTCCCTCATCGACA-1,rat,RA,gCAP,gCAP,endothelial,True,train
RA_ATACCGACAGTCTGGC-1,rat,RA,gCAP,gCAP,endothelial,True,train
RA_ATACCGAGTGCATACT-1,rat,RA,gCAP,gCAP,endothelial,True,train
RA_ATACCGAGTTCGGCTG-1,rat,RA,gCAP,gCAP,endothelial,True,train
RA_ATACCGATCACTCGAA-1,rat,RA,gCAP,gCAP,endothelial,True,train
RA_ATACCGATCCTCTCTT-1,rat,RA,gCAP,gCAP,endothelial,True,train
RA_ATACCTTAGCATGATA-1,rat,RA,gCAP,gCAP,endothelial,True,train
RA_ATACCTTAGTTACGGG-1,rat,RA,gCAP,gCAP,endothelial,True,train
RA_ATACCTTTCTGCGGCA-1,rat,RA,gCAP,gCAP,endothelial,True,train
RA_ATAGACCCAAGCGAGT-1,rat,RA,gCAP,gCAP,endothelial,True,train
RA_ATAGACCGTACGAGTG-1,rat,RA,gCAP,gCAP,endothelial,True,train
RA_ATAGAGACATGAGATA-1,rat,RA,gCAP,gCAP,endothelial,True,train
RA_ATAGAGAGTACCGCGT-1,rat,RA,gCAP,gCAP,endothelial,True,train
RA_ATATCCTAGACCATTC-1,rat,RA,gCAP,gCAP,endothelial,True,train
RA_ATATCCTGTATCGTTG-1,rat,RA,gCAP,gCAP,endothelial,True,train
RA_ATATCCTTCTAGCCTC-1,rat,RA,gCAP,gCAP,endothelial,True,train
RA_ATCACAGAGCTTTGTG-1,rat,RA,gCAP,gCAP,endothelial,True,train
RA_ATCACTTCAGCTTCCT-1,rat,RA,gCAP,gCAP,endothelial,True,train
RA_ATCATTCCAGTGCCTG-1,rat,RA,gCAP,gCAP,endothelial,True,train
RA_ATCCACCAGGTACAAT-1,rat,RA,gCAP,gCAP,endothelial,True,train
RA_ATCCACCCAGCACAAG-1,rat,RA,gCAP,gCAP,endothelial,True,train
RA_ATCCACCTCGATGCAT-1,rat,RA,gCAP,gCAP,endothelial,True,train
RA_ATCCCTGCAACCCTCT-1,rat,RA,gCAP,gCAP,endothelial,True,train
RA_ATCCGTCTCCATCTAT-1,rat,RA,gCAP,gCAP,endothelial,True,train
RA_ATCCGTCTCCCAACTC-1,rat,RA,gCAP,gCAP,endothelial,True,train
RA_ATCCGTCTCCTCGCAT-1,rat,RA,gCAP,gCAP,endothelial,True,train
RA_ATCCTATTCTACTTCA-1,rat,RA,gCAP,gCAP,endothelial,True,test
RA_ATCGATGAGCTCATAC-1,rat,RA,gCAP,gCAP,endothelial,True,train
RA_ATCGATGTCTAGGCAT-1,rat,RA,gCAP,gCAP,endothelial,True,train
RA_ATCGATGTCTCATGGA-1,rat,RA,gCAP,gCAP,endothelial,True,train
RA_ATCGCCTCACCGGCTA-1,rat,RA,gCAP,gCAP,endothelial,True,train
RA_ATCGCCTGTCTGCAAT-1,rat,RA,gCAP,gCAP,endothelial,True,train
RA_ATCGCCTTCTACTCAT-1,rat,RA,gCAP,gCAP,endothelial,True,train
RA_ATCGGATGTACACTCA-1,rat,RA,gCAP,gCAP,endothelial,True,train
RA_ATCGGCGAGACGGTCA-1,rat,RA,gCAP,gCAP,endothelial,True,train
RA_ATCGGCGGTGTATTGC-1,rat,RA,gCAP,gCAP,endothelial,True,train
RA_ATCGTAGAGATCGGTG-1,rat,RA,gCAP,gCAP,endothelial,True,train
RA_ATCGTAGCATCATTGG-1,rat,RA,gCAP,gCAP,endothelial,True,train
RA_ATCGTCCCACCTGCGA-1,rat,RA,gCAP,gCAP,endothelial,True,train
RA_ATCGTGAAGTAATCCC-1,rat,RA,gCAP,gCAP,endothelial,True,train
RA_ATCGTGACAACTGGTT-1,rat,RA,gCAP,gCAP,endothelial,True,train
RA_ATCGTGAGTTAAGGAT-1,rat,RA,gCAP,gCAP,endothelial,True,train
RA_ATCGTGATCATTACGG-1,rat,RA,gCAP,gCAP,endothelial,True,train
RA_ATCTTCACAAACGAGC-1,rat,RA,gCAP,gCAP,endothelial,True,train
RA_ATGAAAGAGAGTTCGG-1,rat,RA,gCAP,gCAP,endothelial,True,train
RA_ATGAAAGGTCCGGACT-1,rat,RA,gCAP,gCAP,endothelial,True,test
RA_ATGAAAGTCAGCGCGT-1,rat,RA,gCAP,gCAP,endothelial,True,train
RA_ATGAAAGTCATTGCGA-1,rat,RA,gCAP,gCAP,endothelial,True,train
RA_ATGAAAGTCCCATACC-1,rat,RA,gCAP,gCAP,endothelial,True,train
RA_ATGAAAGTCTAGAACC-1,rat,RA,gCAP,gCAP,endothelial,True,train
RA_ATGACCAGTCTCGCGA-1,rat,RA,gCAP,gCAP,endothelial,True,train
RA_ATGACCATCTGGGCCA-1,rat,RA,gCAP,gCAP,endothelial,True,train
RA_ATGAGTCCATCTCCCA-1,rat,RA,gCAP,gCAP,endothelial,True,test
RA_ATGAGTCTCAGTCTTT-1,rat,RA,gCAP,gCAP,endothelial,True,train
RA_ATGATCGCAAACCATC-1,rat,RA,gCAP,gCAP,endothelial,True,train
RA_ATGCATGGTACCGGCT-1,rat,RA,gCAP,gCAP,endothelial,True,train
RA_ATGCATGTCCGAGCTG-1,rat,RA,gCAP,gCAP,endothelial,True,train
RA_ATGCATGTCTCCACTG-1,rat,RA,gCAP,gCAP,endothelial,True,train
RA_ATGCCTCAGTGAATAC-1,rat,RA,gCAP,gCAP,endothelial,True,train
RA_ATGCGATCAAAGGAGA-1,rat,RA,gCAP,gCAP,endothelial,True,train
RA_ATGGAGGCACCAAATC-1,rat,RA,gCAP,gCAP,endothelial,True,train
RA_ATGGAGGGTAGTCCTA-1,rat,RA,gCAP,gCAP,endothelial,True,train
RA_ATGGATCCAGAGCGTA-1,rat,RA,gCAP,gCAP,endothelial,True,train
RA_ATGGGAGAGATCCGAG-1,rat,RA,gCAP,gCAP,endothelial,True,train
RA_ATGGGAGAGTAGTGCG-1,rat,RA,gCAP,gCAP,endothelial,True,test
RA_ATGGGAGTCAACCCGG-1,rat,RA,gCAP,gCAP,endothelial,True,train
RA_ATGGGTTAGACATGCG-1,rat,RA,gCAP,gCAP,endothelial,True,train
RA_ATGGGTTAGGTGAGCT-1,rat,RA,gCAP,gCAP,endothelial,True,train
RA_ATGGTTGCAAGACCGA-1,rat,RA,gCAP,gCAP,endothelial,True,train
RA_ATGGTTGCAGTGTGCC-1,rat,RA,gCAP,gCAP,endothelial,True,train
RA_ATGGTTGGTAGCACAG-1,rat,RA,gCAP,gCAP,endothelial,True,train
RA_ATGTCCCAGGATCATA-1,rat,RA,gCAP,gCAP,endothelial,True,train
RA_ATGTCCCAGTGGTGAC-1,rat,RA,gCAP,gCAP,endothelial,True,train
RA_ATGTCCCAGTTCTCTT-1,rat,RA,gCAP,gCAP,endothelial,True,train
RA_ATGTCTTAGAGTCAGC-1,rat,RA,gCAP,gCAP,endothelial,True,train
RA_ATTACCTGTTCGTAAC-1,rat,RA,gCAP,gCAP,endothelial,True,test
RA_ATTACTCCAAGAGTGC-1,rat,RA,gCAP,gCAP,endothelial,True,train
RA_ATTATCCAGAGACAAG-1,rat,RA,gCAP,gCAP,endothelial,True,train
RA_ATTATCCTCAGACCCG-1,rat,RA,gCAP,gCAP,endothelial,True,train
RA_ATTCACTTCATTGGTG-1,rat,RA,gCAP,gCAP,endothelial,True,train
RA_ATTCATCAGAACTCCT-1,rat,RA,gCAP,gCAP,endothelial,True,train
RA_ATTCATCCAATGTCAC-1,rat,RA,gCAP,gCAP,endothelial,True,test
RA_ATTCCATAGACGCAGT-1,rat,RA,gCAP,gCAP,endothelial,True,train
RA_ATTCCATCACACAGAG-1,rat,RA,gCAP,gCAP,endothelial,True,train
RA_ATTCCCGAGAGGTATT-1,rat,RA,gCAP,gCAP,endothelial,True,train
RA_ATTCCCGCAAACAGGC-1,rat,RA,gCAP,gCAP,endothelial,True,train
RA_ATTCCCGCAGCACGAA-1,rat,RA,gCAP,gCAP,endothelial,True,train
RA_ATTCCCGGTCTGTCCT-1,rat,RA,gCAP,gCAP,endothelial,True,train
RA_ATTCCTAAGACTCTAC-1,rat,RA,gCAP,gCAP,endothelial,True,train
RA_ATTCGTTAGGATATAC-1,rat,RA,gCAP,gCAP,endothelial,True,train
RA_ATTCGTTGTTTCGTAG-1,rat,RA,gCAP,gCAP,endothelial,True,train
RA_ATTCTACAGACGAAGA-1,rat,RA,gCAP,gCAP,endothelial,True,train
RA_ATTCTTGGTAGCTCGC-1,rat,RA,gCAP,gCAP,endothelial,True,train
RA_ATTGGGTGTACGAGCA-1,rat,RA,gCAP,gCAP,endothelial,True,test
RA_ATTGGGTTCGAAGAAT-1,rat,RA,gCAP,gCAP,endothelial,True,train
RA_ATTGGGTTCTGGGCAC-1,rat,RA,gCAP,gCAP,endothelial,True,train
RA_ATTGTTCCATCTCAAG-1,rat,RA,gCAP,gCAP,endothelial,True,train
RA_ATTTACCCAGCGGATA-1,rat,RA,gCAP,gCAP,endothelial,True,train
RA_ATTTACCTCTAGCATG-1,rat,RA,gCAP,gCAP,endothelial,True,train
RA_ATTTCACAGTGGAATT-1,rat,RA,gCAP,gCAP,endothelial,True,train
RA_ATTTCTGCAGCTTTGA-1,rat,RA,gCAP,gCAP,endothelial,True,train
RA_ATTTCTGCAGTGTGGA-1,rat,RA,gCAP,gCAP,endothelial,True,train
RA_ATTTCTGGTTGTCCCT-1,rat,RA,gCAP,gCAP,endothelial,True,train
RA_CAAAGAAAGGTGATCG-1,rat,RA,gCAP,gCAP,endothelial,True,train
RA_CAACAACTCGCCAATA-1,rat,RA,gCAP,gCAP,endothelial,True,train
RA_CAACAGTGTGAAAGTT-1,rat,RA,gCAP,gCAP,endothelial,True,train
RA_CAACAGTTCAGTCCGG-1,rat,RA,gCAP,gCAP,endothelial,True,train
RA_CAACAGTTCCATTCAT-1,rat,RA,gCAP,gCAP,endothelial,True,train
RA_CAACCAAAGCATGTTC-1,rat,RA,gCAP,gCAP,endothelial,True,train
RA_CAACCAAAGCTTACGT-1,rat,RA,gCAP,gCAP,endothelial,True,train
RA_CAACCAAGTGTTACAC-1,rat,RA,gCAP,gCAP,endothelial,True,train
RA_CAACCAAGTTCCGCTT-1,rat,RA,gCAP,gCAP,endothelial,True,train
RA_CAACCTCCATCGGAGA-1,rat,RA,gCAP,gCAP,endothelial,True,train
RA_CAACCTCGTGGCTAGA-1,rat,RA,gCAP,gCAP,endothelial,True,train
RA_CAACGATCAATGCAGG-1,rat,RA,gCAP,gCAP,endothelial,True,train
RA_CAACGATGTCGTCATA-1,rat,RA,gCAP,gCAP,endothelial,True,train
RA_CAACGGCAGTTAACAG-1,rat,RA,gCAP,gCAP,endothelial,True,train
RA_CAACGGCGTGGACTGA-1,rat,RA,gCAP,gCAP,endothelial,True,test
RA_CAAGACTGTGGTTTAC-1,rat,RA,gCAP,gCAP,endothelial,True,train
RA_CAAGAGGGTTTACCTT-1,rat,RA,gCAP,gCAP,endothelial,True,train
RA_CAAGCTAGTAACGTTC-1,rat,RA,gCAP,gCAP,endothelial,True,train
RA_CAAGGGAAGGCAGCTA-1,rat,RA,gCAP,gCAP,endothelial,True,train
RA_CAAGGGAAGTTCCGTA-1,rat,RA,gCAP,gCAP,endothelial,True,test
RA_CAAGGGACACTGATTG-1,rat,RA,gCAP,gCAP,endothelial,True,train
RA_CAAGGGATCAACTCTT-1,rat,RA,gCAP,gCAP,endothelial,True,test
RA_CAAGGGATCTCTGGTC-1,rat,RA,gCAP,gCAP,endothelial,True,train
RA_CAATACGCAGATACTC-1,rat,RA,gCAP,gCAP,endothelial,True,train
RA_CAATCGAAGACATACA-1,rat,RA,gCAP,gCAP,endothelial,True,train
RA_CAATTTCAGGGTACAC-1,rat,RA,gCAP,gCAP,endothelial,True,train
RA_CAATTTCGTATTTCCT-1,rat,RA,gCAP,gCAP,endothelial,True,train
RA_CACAACAAGGGAGTGG-1,rat,RA,gCAP,gCAP,endothelial,True,train
RA_CACAGATAGTCCCTAA-1,rat,RA,gCAP,gCAP,endothelial,True,train
RA_CACAGATGTGCGACAA-1,rat,RA,gCAP,gCAP,endothelial,True,train
RA_CACAGGCAGAGCAGTC-1,rat,RA,gCAP,gCAP,endothelial,True,train
RA_CACAGGCAGATCCAAA-1,rat,RA,gCAP,gCAP,endothelial,True,train
RA_CACAGGCAGCTCGCAC-1,rat,RA,gCAP,gCAP,endothelial,True,train
RA_CACAGGCGTCCAGTTA-1,rat,RA,gCAP,gCAP,endothelial,True,train
RA_CACAGGCTCATCGTAG-1,rat,RA,gCAP,gCAP,endothelial,True,train
RA_CACATGAGTGTTCGAT-1,rat,RA,gCAP,gCAP,endothelial,True,train
RA_CACCAAATCCTACCAC-1,rat,RA,gCAP,gCAP,endothelial,True,test
RA_CACGAATAGCCATTCA-1,rat,RA,gCAP,gCAP,endothelial,True,train
RA_CACGAATTCATCTACT-1,rat,RA,gCAP,gCAP,endothelial,True,train
RA_CACGGGTGTCGACTTA-1,rat,RA,gCAP,gCAP,endothelial,True,train
RA_CACGTGGTCCGTAGGC-1,rat,RA,gCAP,gCAP,endothelial,True,test
RA_CACGTGGTCGCCAGTG-1,rat,RA,gCAP,gCAP,endothelial,True,train
RA_CACTGGGCACCGAATT-1,rat,RA,gCAP,gCAP,endothelial,True,train
RA_CACTGTCAGAAATTGC-1,rat,RA,gCAP,gCAP,endothelial,True,train
RA_CACTTCGTCGAAGAAT-1,rat,RA,gCAP,gCAP,endothelial,True,train
RA_CAGAGCCAGCATCTTG-1,rat,RA,gCAP,gCAP,endothelial,True,train
RA_CAGAGCCAGTGGTGGT-1,rat,RA,gCAP,gCAP,endothelial,True,train
RA_CAGAGCCCACTGAATC-1,rat,RA,gCAP,gCAP,endothelial,True,train
RA_CAGATACGTTGTGGCC-1,rat,RA,gCAP,gCAP,endothelial,True,train
RA_CAGATACTCGCCTTTG-1,rat,RA,gCAP,gCAP,endothelial,True,train
RA_CAGATTGAGTTTGAGA-1,rat,RA,gCAP,gCAP,endothelial,True,train
RA_CAGATTGTCCCGAGTG-1,rat,RA,gCAP,gCAP,endothelial,True,train
RA_CAGCAATAGCGGTAAC-1,rat,RA,gCAP,gCAP,endothelial,True,test
RA_CAGCAATCAGGCGATA-1,rat,RA,gCAP,gCAP,endothelial,True,train
RA_CAGCACGCAGGTGAGT-1,rat,RA,gCAP,gCAP,endothelial,True,train
RA_CAGCACGCATACAGCT-1,rat,RA,gCAP,gCAP,endothelial,True,train
RA_CAGCCAGAGATCGACG-1,rat,RA,gCAP,gCAP,endothelial,True,train
RA_CAGCCAGTCTATCGCC-1,rat,RA,gCAP,gCAP,endothelial,True,train
RA_CAGCGTGAGAGAATCT-1,rat,RA,gCAP,gCAP,endothelial,True,test
RA_CAGGCCAAGGGACACT-1,rat,RA,gCAP,gCAP,endothelial,True,train
RA_CAGGCCACAACTGTGT-1,rat,RA,gCAP,gCAP,endothelial,True,test
RA_CAGGGCTGTGTGTACT-1,rat,RA,gCAP,gCAP,endothelial,True,train
RA_CAGGGCTTCCATACTT-1,rat,RA,gCAP,gCAP,endothelial,True,train
RA_CAGGGCTTCCTTGGAA-1,rat,RA,gCAP,gCAP,endothelial,True,train
RA_CAGGGCTTCTGTCAGA-1,rat,RA,gCAP,gCAP,endothelial,True,train
RA_CAGGTATAGTTGTCAC-1,rat,RA,gCAP,gCAP,endothelial,True,train
RA_CAGGTATCAGGGAGAG-1,rat,RA,gCAP,gCAP,endothelial,True,train
RA_CAGTGCGCAAAGCACG-1,rat,RA,gCAP,gCAP,endothelial,True,train
RA_CAGTTAGTCTAGAACC-1,rat,RA,gCAP,gCAP,endothelial,True,train
RA_CATAAGCCAGACCATT-1,rat,RA,gCAP,gCAP,endothelial,True,train
RA_CATACTTAGAATCGCG-1,rat,RA,gCAP,gCAP,endothelial,True,train
RA_CATACTTCACAAATCC-1,rat,RA,gCAP,gCAP,endothelial,True,train
RA_CATACTTTCTGTTCAT-1,rat,RA,gCAP,gCAP,endothelial,True,train
RA_CATAGACAGAGTCGAC-1,rat,RA,gCAP,gCAP,endothelial,True,test
RA_CATAGACCAGTTAAAG-1,rat,RA,gCAP,gCAP,endothelial,True,train
RA_CATAGACCATCCGAAT-1,rat,RA,gCAP,gCAP,endothelial,True,train
RA_CATAGACGTACGAGCA-1,rat,RA,gCAP,gCAP,endothelial,True,train
RA_CATAGACGTAGTGGCA-1,rat,RA,gCAP,gCAP,endothelial,True,train
RA_CATAGACTCCGGCTTT-1,rat,RA,gCAP,gCAP,endothelial,True,train
RA_CATCAAGAGGGTACAC-1,rat,RA,gCAP,gCAP,endothelial,True,train
RA_CATCAAGCAATAGGAT-1,rat,RA,gCAP,gCAP,endothelial,True,train
RA_CATCCACAGGTTGACG-1,rat,RA,gCAP,gCAP,endothelial,True,train
RA_CATCCACCATCCGGCA-1,rat,RA,gCAP,gCAP,endothelial,True,train
RA_CATCCACTCGTACACA-1,rat,RA,gCAP,gCAP,endothelial,True,train
RA_CATCCCACAAATGAAC-1,rat,RA,gCAP,gCAP,endothelial,True,train
RA_CATCCCATCGTAGCTA-1,rat,RA,gCAP,gCAP,endothelial,True,train
RA_CATCCGTAGGTATCTC-1,rat,RA,gCAP,gCAP,endothelial,True,test
RA_CATCCGTCATCCTCAC-1,rat,RA,gCAP,gCAP,endothelial,True,train
RA_CATCCGTTCAGATGCT-1,rat,RA,gCAP,gCAP,endothelial,True,train
RA_CATCGCTAGGTAAGGA-1,rat,RA,gCAP,gCAP,endothelial,True,train
RA_CATCGCTTCGTGTGAT-1,rat,RA,gCAP,gCAP,endothelial,True,train
RA_CATCGGGCACCCTGAG-1,rat,RA,gCAP,gCAP,endothelial,True,train
RA_CATCGTCCACCAGTTA-1,rat,RA,gCAP,gCAP,endothelial,True,train
RA_CATGAGTAGCAGTCTT-1,rat,RA,gCAP,gCAP,endothelial,True,train
RA_CATGAGTAGTTGAAAC-1,rat,RA,gCAP,gCAP,endothelial,True,train
RA_CATGCAAAGCTGACTT-1,rat,RA,gCAP,gCAP,endothelial,True,train
RA_CATGCAACAGTGGTGA-1,rat,RA,gCAP,gCAP,endothelial,True,train
RA_CATGCAACATAGCACT-1,rat,RA,gCAP,gCAP,endothelial,True,train
RA_CATGCAAGTACGGCAA-1,rat,RA,gCAP,gCAP,endothelial,True,test
RA_CATGCCTAGGTGCCTC-1,rat,RA,gCAP,gCAP,endothelial,True,train
RA_CATGCCTCAAAGGGTC-1,rat,RA,gCAP,gCAP,endothelial,True,train
RA_CATGCGGAGGGTGGGA-1,rat,RA,gCAP,gCAP,endothelial,True,train
RA_CATGCGGGTTCCCAAA-1,rat,RA,gCAP,gCAP,endothelial,True,train
RA_CATGCTCCAAGTTTGC-1,rat,RA,gCAP,gCAP,endothelial,True,train
RA_CATGCTCTCGGTAGAG-1,rat,RA,gCAP,gCAP,endothelial,True,train
RA_CATGGATTCCTTATGT-1,rat,RA,gCAP,gCAP,endothelial,True,train
RA_CATTCATAGGAGACCT-1,rat,RA,gCAP,gCAP,endothelial,True,train
RA_CATTCCGCAACAGAGC-1,rat,RA,gCAP,gCAP,endothelial,True,test
RA_CATTCTAAGATCACTC-1,rat,RA,gCAP,gCAP,endothelial,True,train
RA_CATTCTACATTGACCA-1,rat,RA,gCAP,gCAP,endothelial,True,train
RA_CATTGAGAGGAATCGC-1,rat,RA,gCAP,gCAP,endothelial,True,train
RA_CATTGAGCACCTCTAC-1,rat,RA,gCAP,gCAP,endothelial,True,train
RA_CATTGCCAGCCAGACA-1,rat,RA,gCAP,gCAP,endothelial,True,train
RA_CATTGCCAGCCGTCGT-1,rat,RA,gCAP,gCAP,endothelial,True,train
RA_CATTGCCTCCTACCGT-1,rat,RA,gCAP,gCAP,endothelial,True,train
RA_CATTGTTAGTGCAGCA-1,rat,RA,gCAP,gCAP,endothelial,True,train
RA_CATTGTTTCGAAGAAT-1,rat,RA,gCAP,gCAP,endothelial,True,train
RA_CATTTCACACTATCCC-1,rat,RA,gCAP,gCAP,endothelial,True,train
RA_CCAAGCGCAAGTTGGG-1,rat,RA,gCAP,gCAP,endothelial,True,train
RA_CCAAGCGTCTGCGATA-1,rat,RA,gCAP,gCAP,endothelial,True,train
RA_CCAAGCGTCTTCGATT-1,rat,RA,gCAP,gCAP,endothelial,True,train
RA_CCAATGATCTCCGATC-1,rat,RA,gCAP,gCAP,endothelial,True,train
RA_CCAATGATCTCTCTTC-1,rat,RA,gCAP,gCAP,endothelial,True,train
RA_CCAATTTGTGGGCTCT-1,rat,RA,gCAP,gCAP,endothelial,True,train
RA_CCAATTTTCTAGACAC-1,rat,RA,gCAP,gCAP,endothelial,True,train
RA_CCACAAAGTTTACCTT-1,rat,RA,gCAP,gCAP,endothelial,True,train
RA_CCACACTAGTCATGGG-1,rat,RA,gCAP,gCAP,endothelial,True,train
RA_CCACACTAGTCTCTGA-1,rat,RA,gCAP,gCAP,endothelial,True,train
RA_CCACACTGTAACGGTG-1,rat,RA,gCAP,gCAP,endothelial,True,train
RA_CCACACTGTCGCATGC-1,rat,RA,gCAP,gCAP,endothelial,True,train
RA_CCACCATTCCGTTTCG-1,rat,RA,gCAP,gCAP,endothelial,True,train
RA_CCACGAGGTAGACAAT-1,rat,RA,gCAP,gCAP,endothelial,True,train
RA_CCACGTTGTGAATTAG-1,rat,RA,gCAP,gCAP,endothelial,True,train
RA_CCACTTGCATTCTGTT-1,rat,RA,gCAP,gCAP,endothelial,True,train
RA_CCACTTGGTTCTCCAC-1,rat,RA,gCAP,gCAP,endothelial,True,train
RA_CCATAAGAGATAGGGA-1,rat,RA,gCAP,gCAP,endothelial,True,train
RA_CCATAAGAGTGACCTT-1,rat,RA,gCAP,gCAP,endothelial,True,train
RA_CCATAAGTCAAGTCGT-1,rat,RA,gCAP,gCAP,endothelial,True,train
RA_CCATAAGTCCGGCAGT-1,rat,RA,gCAP,gCAP,endothelial,True,train
RA_CCATCACAGCAGGTCA-1,rat,RA,gCAP,gCAP,endothelial,True,test
RA_CCCAACTCAGTGGTGA-1,rat,RA,gCAP,gCAP,endothelial,True,train
RA_CCCATTGTCTTAGCTT-1,rat,RA,gCAP,gCAP,endothelial,True,train
RA_CCCGAAGTCCGCTAGG-1,rat,RA,gCAP,gCAP,endothelial,True,train
RA_CCCGGAAAGGGAGAAT-1,rat,RA,gCAP,gCAP,endothelial,True,train
RA_CCCTAACCAAATGAAC-1,rat,RA,gCAP,gCAP,endothelial,True,train
RA_CCCTAACGTCCTTAAG-1,rat,RA,gCAP,gCAP,endothelial,True,test
RA_CCCTAACGTTCTGACA-1,rat,RA,gCAP,gCAP,endothelial,True,train
RA_CCCTCAAAGGAAGTGA-1,rat,RA,gCAP,gCAP,endothelial,True,test
RA_CCCTCAAGTGACACAG-1,rat,RA,gCAP,gCAP,endothelial,True,train
RA_CCCTCTCCACCCGTAG-1,rat,RA,gCAP,gCAP,endothelial,True,train
RA_CCCTTAGAGTCAGAGC-1,rat,RA,gCAP,gCAP,endothelial,True,train
RA_CCCTTAGTCAACACGT-1,rat,RA,gCAP,gCAP,endothelial,True,train
RA_CCGCAAGCAAGTGCAG-1,rat,RA,gCAP,gCAP,endothelial,True,train
RA_CCGCAAGCATGCCGGT-1,rat,RA,gCAP,gCAP,endothelial,True,train
RA_CCGCAAGGTACAGAGC-1,rat,RA,gCAP,gCAP,endothelial,True,train
RA_CCGGACAAGCTTGTTG-1,rat,RA,gCAP,gCAP,endothelial,True,train
RA_CCGGACACAATCTAGC-1,rat,RA,gCAP,gCAP,endothelial,True,train
RA_CCGGACACACCATAAC-1,rat,RA,gCAP,gCAP,endothelial,True,train
RA_CCGGACACAGGACATG-1,rat,RA,gCAP,gCAP,endothelial,True,train
RA_CCGGGTAAGTCAAGCG-1,rat,RA,gCAP,gCAP,endothelial,True,train
RA_CCGGTAGCATGAATAG-1,rat,RA,gCAP,gCAP,endothelial,True,train
RA_CCGGTGAAGAGTGACC-1,rat,RA,gCAP,gCAP,endothelial,True,train
RA_CCGGTGATCTATCACT-1,rat,RA,gCAP,gCAP,endothelial,True,train
RA_CCGTAGGTCAGGACGA-1,rat,RA,gCAP,gCAP,endothelial,True,train
RA_CCGTAGGTCCGCTAGG-1,rat,RA,gCAP,gCAP,endothelial,True,train
RA_CCGTGAGAGGATTCAA-1,rat,RA,gCAP,gCAP,endothelial,True,train
RA_CCGTGAGCACATCATG-1,rat,RA,gCAP,gCAP,endothelial,True,train
RA_CCGTGAGCACGTAGTT-1,rat,RA,gCAP,gCAP,endothelial,True,train
RA_CCGTTCAGTAGTACGG-1,rat,RA,gCAP,gCAP,endothelial,True,train
RA_CCTAACCGTAGCTGCC-1,rat,RA,gCAP,gCAP,endothelial,True,train
RA_CCTAACCGTCCAACGC-1,rat,RA,gCAP,gCAP,endothelial,True,test
RA_CCTAACCTCGACGTCG-1,rat,RA,gCAP,gCAP,endothelial,True,train
RA_CCTAAGACAATAACCC-1,rat,RA,gCAP,gCAP,endothelial,True,train
RA_CCTAAGATCATGGAGG-1,rat,RA,gCAP,gCAP,endothelial,True,train
RA_CCTACGTAGCCGAACA-1,rat,RA,gCAP,gCAP,endothelial,True,train
RA_CCTACGTAGCGTGAGT-1,rat,RA,gCAP,gCAP,endothelial,True,train
RA_CCTATCGCACCGCTGA-1,rat,RA,gCAP,gCAP,endothelial,True,valid
RA_CCTCAACAGATCGCTT-1,rat,RA,gCAP,gCAP,endothelial,True,test
RA_CCTCAACAGCAGTCTT-1,rat,RA,gCAP,gCAP,endothelial,True,test
RA_CCTCAACGTGAGAACC-1,rat,RA,gCAP,gCAP,endothelial,True,train
RA_CCTCACACATGCAGGA-1,rat,RA,gCAP,gCAP,endothelial,True,train
RA_CCTCATGGTGGGTATG-1,rat,RA,gCAP,gCAP,endothelial,True,train
RA_CCTCCAACATAGGAGC-1,rat,RA,gCAP,gCAP,endothelial,True,test
RA_CCTCCAAGTCCTCAGG-1,rat,RA,gCAP,gCAP,endothelial,True,train
RA_CCTCCTCAGCCTAACT-1,rat,RA,gCAP,gCAP,endothelial,True,train
RA_CCTCCTCAGTAACGAT-1,rat,RA,gCAP,gCAP,endothelial,True,train
RA_CCTCCTCAGTAGGAAG-1,rat,RA,gCAP,gCAP,endothelial,True,train
RA_CCTCCTCCAACAGATA-1,rat,RA,gCAP,gCAP,endothelial,True,train
RA_CCTCTAGAGGAAAGGT-1,rat,RA,gCAP,gCAP,endothelial,True,train
RA_CCTCTCCCATTCACAG-1,rat,RA,gCAP,gCAP,endothelial,True,train
RA_CCTGCATGTACTCGCG-1,rat,RA,gCAP,gCAP,endothelial,True,train
RA_CCTGCATGTGTTACTG-1,rat,RA,gCAP,gCAP,endothelial,True,train
RA_CCTGTTGCACATGGTT-1,rat,RA,gCAP,gCAP,endothelial,True,train
RA_CCTGTTGCAGAAATCA-1,rat,RA,gCAP,gCAP,endothelial,True,train
RA_CCTGTTGGTCGTACAT-1,rat,RA,gCAP,gCAP,endothelial,True,train
RA_CCTGTTGGTTCTCACC-1,rat,RA,gCAP,gCAP,endothelial,True,train
RA_CCTTGTGTCTTACACT-1,rat,RA,gCAP,gCAP,endothelial,True,train
RA_CCTTTGGTCCGCGAGT-1,rat,RA,gCAP,gCAP,endothelial,True,test
RA_CGAAGGAAGAGCTGAC-1,rat,RA,gCAP,gCAP,endothelial,True,train
RA_CGAAGGATCGACCCAG-1,rat,RA,gCAP,gCAP,endothelial,True,train
RA_CGAAGTTCAGGTTTAC-1,rat,RA,gCAP,gCAP,endothelial,True,train
RA_CGACAGCAGATGTTGA-1,rat,RA,gCAP,gCAP,endothelial,True,train
RA_CGAGAAGGTCAGGAGT-1,rat,RA,gCAP,gCAP,endothelial,True,train
RA_CGAGTGCAGAGCTGAC-1,rat,RA,gCAP,gCAP,endothelial,True,test
RA_CGAGTGCAGGTCATTC-1,rat,RA,gCAP,gCAP,endothelial,True,train
RA_CGAGTGCGTGACAACG-1,rat,RA,gCAP,gCAP,endothelial,True,train
RA_CGAGTTAGTACAAACA-1,rat,RA,gCAP,gCAP,endothelial,True,train
RA_CGAGTTATCATTCCTA-1,rat,RA,gCAP,gCAP,endothelial,True,train
RA_CGATCGGTCTCTCTAA-1,rat,RA,gCAP,gCAP,endothelial,True,train
RA_CGATGCGCATAGCACT-1,rat,RA,gCAP,gCAP,endothelial,True,train
RA_CGATGCGTCGGTCATA-1,rat,RA,gCAP,gCAP,endothelial,True,train
RA_CGATGGCAGCGACAGT-1,rat,RA,gCAP,gCAP,endothelial,True,train
RA_CGATGGCAGTATGAGT-1,rat,RA,gCAP,gCAP,endothelial,True,train
RA_CGCATAACAACATACC-1,rat,RA,gCAP,gCAP,endothelial,True,train
RA_CGCATAACACATGACT-1,rat,RA,gCAP,gCAP,endothelial,True,train
RA_CGCATGGAGCCTCAAT-1,rat,RA,gCAP,gCAP,endothelial,True,train
RA_CGCATGGAGGTCGTCC-1,rat,RA,gCAP,gCAP,endothelial,True,train
RA_CGCATGGCAAAGCTCT-1,rat,RA,gCAP,gCAP,endothelial,True,train
RA_CGCATGGGTGAGTAAT-1,rat,RA,gCAP,gCAP,endothelial,True,test
RA_CGCATGGTCTTCCCAG-1,rat,RA,gCAP,gCAP,endothelial,True,train
RA_CGCCAGAAGGGTGAGG-1,rat,RA,gCAP,gCAP,endothelial,True,train
RA_CGCCAGAAGGTTGGTG-1,rat,RA,gCAP,gCAP,endothelial,True,train
RA_CGCCAGACAATTGCTG-1,rat,RA,gCAP,gCAP,endothelial,True,train
RA_CGCCATTAGCTACTGT-1,rat,RA,gCAP,gCAP,endothelial,True,train
RA_CGGAATTAGGTTAAAC-1,rat,RA,gCAP,gCAP,endothelial,True,train
RA_CGGACACGTGTCTTCC-1,rat,RA,gCAP,gCAP,endothelial,True,train
RA_CGGAGAAAGGTTGGTG-1,rat,RA,gCAP,gCAP,endothelial,True,train
RA_CGGAGAACACCAATTG-1,rat,RA,gCAP,gCAP,endothelial,True,train
RA_CGGAGAATCAAACCCA-1,rat,RA,gCAP,gCAP,endothelial,True,test
RA_CGGCAGTAGAGCCGAT-1,rat,RA,gCAP,gCAP,endothelial,True,train
RA_CGGCAGTAGCGGGTAT-1,rat,RA,gCAP,gCAP,endothelial,True,train
RA_CGGGTCAAGGCATCGA-1,rat,RA,gCAP,gCAP,endothelial,True,train
RA_CGGGTGTAGACCGCCT-1,rat,RA,gCAP,gCAP,endothelial,True,train
RA_CGTAAGTTCAGGACAG-1,rat,RA,gCAP,gCAP,endothelial,True,test
RA_CGTAATGGTCATAACC-1,rat,RA,gCAP,gCAP,endothelial,True,test
RA_CGTAGTACACTCCGAG-1,rat,RA,gCAP,gCAP,endothelial,True,train
RA_CGTCAAAAGAGTCACG-1,rat,RA,gCAP,gCAP,endothelial,True,train
RA_CGTCAAAGTCGAACAG-1,rat,RA,gCAP,gCAP,endothelial,True,train
RA_CGTCAAAGTTGCATGT-1,rat,RA,gCAP,gCAP,endothelial,True,train
RA_CGTCCATAGCCTCACG-1,rat,RA,gCAP,gCAP,endothelial,True,test
RA_CGTCCATCATCGATCA-1,rat,RA,gCAP,gCAP,endothelial,True,train
RA_CGTGAATAGTTACGAA-1,rat,RA,gCAP,gCAP,endothelial,True,train
RA_CGTGAATGTAGGAGGG-1,rat,RA,gCAP,gCAP,endothelial,True,train
RA_CGTGATACACGTACTA-1,rat,RA,gCAP,gCAP,endothelial,True,train
RA_CGTGATACATACACCA-1,rat,RA,gCAP,gCAP,endothelial,True,train
RA_CGTGCTTCAAATTGGA-1,rat,RA,gCAP,gCAP,endothelial,True,train
RA_CGTGCTTCAACACTAC-1,rat,RA,gCAP,gCAP,endothelial,True,train
RA_CGTGCTTCAGAAGCTG-1,rat,RA,gCAP,gCAP,endothelial,True,train
RA_CGTGCTTTCAGGTGTT-1,rat,RA,gCAP,gCAP,endothelial,True,train
RA_CGTTAGACACGAAAGC-1,rat,RA,gCAP,gCAP,endothelial,True,train
RA_CGTTAGACAGCACACC-1,rat,RA,gCAP,gCAP,endothelial,True,train
RA_CGTTCTGAGTAACGAT-1,rat,RA,gCAP,gCAP,endothelial,True,train
RA_CGTTCTGCAGTCACGC-1,rat,RA,gCAP,gCAP,endothelial,True,valid
RA_CGTTCTGTCGGAAACG-1,rat,RA,gCAP,gCAP,endothelial,True,train
RA_CGTTGGGGTGGATCGA-1,rat,RA,gCAP,gCAP,endothelial,True,train
RA_CTAACCCAGGCACTAG-1,rat,RA,gCAP,gCAP,endothelial,True,train
RA_CTAACCCCAAATGGCG-1,rat,RA,gCAP,gCAP,endothelial,True,train
RA_CTAACTTTCGATTTCT-1,rat,RA,gCAP,gCAP,endothelial,True,train
RA_CTAAGTGAGTTTCGAC-1,rat,RA,gCAP,gCAP,endothelial,True,train
RA_CTAAGTGCAAGACCTT-1,rat,RA,gCAP,gCAP,endothelial,True,train
RA_CTACAGATCGAGATAA-1,rat,RA,gCAP,gCAP,endothelial,True,train
RA_CTACATTAGGTCCCTG-1,rat,RA,gCAP,gCAP,endothelial,True,train
RA_CTACATTAGTACAGAT-1,rat,RA,gCAP,gCAP,endothelial,True,train
RA_CTACATTGTTCTCAGA-1,rat,RA,gCAP,gCAP,endothelial,True,train
RA_CTACATTTCCATCTGC-1,rat,RA,gCAP,gCAP,endothelial,True,train
RA_CTACCCATCATGACAC-1,rat,RA,gCAP,gCAP,endothelial,True,train
RA_CTACTATCAATCGCGC-1,rat,RA,gCAP,gCAP,endothelial,True,train
RA_CTACTATCAGTACTAC-1,rat,RA,gCAP,gCAP,endothelial,True,train
RA_CTAGACAAGGACATCG-1,rat,RA,gCAP,gCAP,endothelial,True,test
RA_CTAGACAGTGATTCAC-1,rat,RA,gCAP,gCAP,endothelial,True,test
RA_CTAGACATCATTTACC-1,rat,RA,gCAP,gCAP,endothelial,True,train
RA_CTAGGTAAGGCTTAGG-1,rat,RA,gCAP,gCAP,endothelial,True,train
RA_CTAGGTACAGCGACCT-1,rat,RA,gCAP,gCAP,endothelial,True,train
RA_CTAGGTATCCTCTCTT-1,rat,RA,gCAP,gCAP,endothelial,True,train
RA_CTATAGGCAATACGAA-1,rat,RA,gCAP,gCAP,endothelial,True,train
RA_CTATAGGCACGGCGTT-1,rat,RA,gCAP,gCAP,endothelial,True,train
RA_CTATCCGAGTTCTACG-1,rat,RA,gCAP,gCAP,endothelial,True,train
RA_CTATCTAGTCAACACT-1,rat,RA,gCAP,gCAP,endothelial,True,train
RA_CTATCTATCAGGTAAA-1,rat,RA,gCAP,gCAP,endothelial,True,train
RA_CTATCTATCGAGAAAT-1,rat,RA,gCAP,gCAP,endothelial,True,train
RA_CTCAACCAGGATTCCT-1,rat,RA,gCAP,gCAP,endothelial,True,train
RA_CTCAACCGTAGACAAT-1,rat,RA,gCAP,gCAP,endothelial,True,train
RA_CTCAACCGTGCAGTGA-1,rat,RA,gCAP,gCAP,endothelial,True,test
RA_CTCAACCTCCTACCAC-1,rat,RA,gCAP,gCAP,endothelial,True,train
RA_CTCAAGACAGGTTACT-1,rat,RA,gCAP,gCAP,endothelial,True,train
RA_CTCAATTGTAACAAGT-1,rat,RA,gCAP,gCAP,endothelial,True,train
RA_CTCAATTGTAGCGTCC-1,rat,RA,gCAP,gCAP,endothelial,True,train
RA_CTCACTGTCATATGGC-1,rat,RA,gCAP,gCAP,endothelial,True,train
RA_CTCACTGTCCGCGAGT-1,rat,RA,gCAP,gCAP,endothelial,True,train
RA_CTCAGAATCACCGACG-1,rat,RA,gCAP,gCAP,endothelial,True,train
RA_CTCAGTCAGGATTCCT-1,rat,RA,gCAP,gCAP,endothelial,True,train
RA_CTCATCGCATTACTCT-1,rat,RA,gCAP,gCAP,endothelial,True,train
RA_CTCATGCAGTAGACAT-1,rat,RA,gCAP,gCAP,endothelial,True,train
RA_CTCATGCCATGACCCG-1,rat,RA,gCAP,gCAP,endothelial,True,train
RA_CTCATGCTCAAACGAA-1,rat,RA,gCAP,gCAP,endothelial,True,train
RA_CTCATTACAACACAGG-1,rat,RA,gCAP,gCAP,endothelial,True,train
RA_CTCCAACGTAGTGATA-1,rat,RA,gCAP,gCAP,endothelial,True,train
RA_CTCCAACGTCAAGTTC-1,rat,RA,gCAP,gCAP,endothelial,True,train
RA_CTCCACAAGATGAACT-1,rat,RA,gCAP,gCAP,endothelial,True,train
RA_CTCCACATCGTTCCCA-1,rat,RA,gCAP,gCAP,endothelial,True,train
RA_CTCCATGGTCGATTTG-1,rat,RA,gCAP,gCAP,endothelial,True,train
RA_CTCCCAAGTTGACTGT-1,rat,RA,gCAP,gCAP,endothelial,True,train
RA_CTCCCAATCAGAACCT-1,rat,RA,gCAP,gCAP,endothelial,True,train
RA_CTCCCAATCGTGAGAG-1,rat,RA,gCAP,gCAP,endothelial,True,train
RA_CTCCCTCAGGTGATCG-1,rat,RA,gCAP,gCAP,endothelial,True,train
RA_CTCCCTCTCCCTCAAC-1,rat,RA,gCAP,gCAP,endothelial,True,train
RA_CTCCGATCACTCCCTA-1,rat,RA,gCAP,gCAP,endothelial,True,train
RA_CTCCTCCAGGCAATGC-1,rat,RA,gCAP,gCAP,endothelial,True,train
RA_CTCCTCCAGTGGACTG-1,rat,RA,gCAP,gCAP,endothelial,True,test
RA_CTCCTCCCAACTACGT-1,rat,RA,gCAP,gCAP,endothelial,True,test
RA_CTCCTTTCAAGCAGGT-1,rat,RA,gCAP,gCAP,endothelial,True,train
RA_CTCCTTTCAGCGCGTT-1,rat,RA,gCAP,gCAP,endothelial,True,train
RA_CTCGAGGAGTCATGCT-1,rat,RA,gCAP,gCAP,endothelial,True,train
RA_CTCGAGGCACTTGTCC-1,rat,RA,gCAP,gCAP,endothelial,True,train
RA_CTCTCGAAGAATAGTC-1,rat,RA,gCAP,gCAP,endothelial,True,train
RA_CTCTCGAAGTCATACC-1,rat,RA,gCAP,gCAP,endothelial,True,train
RA_CTCTCGACAACTGCCG-1,rat,RA,gCAP,gCAP,endothelial,True,train
RA_CTCTCGAGTAATCAAG-1,rat,RA,gCAP,gCAP,endothelial,True,train
RA_CTCTCGATCAGCTAGT-1,rat,RA,gCAP,gCAP,endothelial,True,train
RA_CTCTGGTCAATACAGA-1,rat,RA,gCAP,gCAP,endothelial,True,train
RA_CTCTGGTCACTTTAGG-1,rat,RA,gCAP,gCAP,endothelial,True,train
RA_CTGAATGAGTTCGGTT-1,rat,RA,gCAP,gCAP,endothelial,True,train
RA_CTGAGCGAGATACGAT-1,rat,RA,gCAP,gCAP,endothelial,True,train
RA_CTGAGCGAGCCATTCA-1,rat,RA,gCAP,gCAP,endothelial,True,train
RA_CTGAGCGCATAGAGGC-1,rat,RA,gCAP,gCAP,endothelial,True,train
RA_CTGAGCGGTTCGAACT-1,rat,RA,gCAP,gCAP,endothelial,True,train
RA_CTGAGGCCAGCGTAGA-1,rat,RA,gCAP,gCAP,endothelial,True,train
RA_CTGATCCAGTATGAAC-1,rat,RA,gCAP,gCAP,endothelial,True,test
RA_CTGATCCCACCTGCGA-1,rat,RA,gCAP,gCAP,endothelial,True,train
RA_CTGATCCGTAGAATGT-1,rat,RA,gCAP,gCAP,endothelial,True,train
RA_CTGATCCTCGCGAAGA-1,rat,RA,gCAP,gCAP,endothelial,True,train
RA_CTGCAGGAGCAACAAT-1,rat,RA,gCAP,gCAP,endothelial,True,train
RA_CTGCAGGAGGCATCGA-1,rat,RA,gCAP,gCAP,endothelial,True,valid
RA_CTGCAGGAGTTGCTCA-1,rat,RA,gCAP,gCAP,endothelial,True,train
RA_CTGCAGGTCGAGTCCG-1,rat,RA,gCAP,gCAP,endothelial,True,train
RA_CTGCATCGTACTTCCC-1,rat,RA,gCAP,gCAP,endothelial,True,train
RA_CTGCCATGTCTACTGA-1,rat,RA,gCAP,gCAP,endothelial,True,train
RA_CTGCGAGCAGCTGCCA-1,rat,RA,gCAP,gCAP,endothelial,True,train
RA_CTGCGAGGTGCCTGCA-1,rat,RA,gCAP,gCAP,endothelial,True,train
RA_CTGCTCACACCAATTG-1,rat,RA,gCAP,gCAP,endothelial,True,train
RA_CTGCTCAGTTGGGTTT-1,rat,RA,gCAP,gCAP,endothelial,True,train
RA_CTGGACGCACGTAACT-1,rat,RA,gCAP,gCAP,endothelial,True,train
RA_CTGGACGCATTAAAGG-1,rat,RA,gCAP,gCAP,endothelial,True,test
RA_CTGGACGTCCCAGGCA-1,rat,RA,gCAP,gCAP,endothelial,True,train
RA_CTGGCAGAGCTCTTCC-1,rat,RA,gCAP,gCAP,endothelial,True,train
RA_CTGGCAGCACCAAAGG-1,rat,RA,gCAP,gCAP,endothelial,True,train
RA_CTGGCAGCATGGCTGC-1,rat,RA,gCAP,gCAP,endothelial,True,train
RA_CTGGCAGTCAGTCAGT-1,rat,RA,gCAP,gCAP,endothelial,True,train
RA_CTGGTCTTCTAGATCG-1,rat,RA,gCAP,gCAP,endothelial,True,test
RA_CTGTACCCAGTATTCG-1,rat,RA,gCAP,gCAP,endothelial,True,train
RA_CTGTACCTCGCTACAA-1,rat,RA,gCAP,gCAP,endothelial,True,test
RA_CTGTAGACACAAGCCC-1,rat,RA,gCAP,gCAP,endothelial,True,test
RA_CTGTATTTCCGATGCG-1,rat,RA,gCAP,gCAP,endothelial,True,train
RA_CTGTGAAAGATGACAT-1,rat,RA,gCAP,gCAP,endothelial,True,train
RA_CTGTGAATCGACCTAA-1,rat,RA,gCAP,gCAP,endothelial,True,valid
RA_CTGTGGGGTTCCGCAG-1,rat,RA,gCAP,gCAP,endothelial,True,train
RA_CTTACCGCATATCGGT-1,rat,RA,gCAP,gCAP,endothelial,True,train
RA_CTTACCGGTATGAGGC-1,rat,RA,gCAP,gCAP,endothelial,True,train
RA_CTTAGGAAGCTGAAGC-1,rat,RA,gCAP,gCAP,endothelial,True,train
RA_CTTAGGACAGATACTC-1,rat,RA,gCAP,gCAP,endothelial,True,train
RA_CTTAGGATCGGCCTTT-1,rat,RA,gCAP,gCAP,endothelial,True,train
RA_CTTCAATCAGCTAACT-1,rat,RA,gCAP,gCAP,endothelial,True,train
RA_CTTCAATTCCCAAGCG-1,rat,RA,gCAP,gCAP,endothelial,True,train
RA_CTTCAATTCCGGTAGC-1,rat,RA,gCAP,gCAP,endothelial,True,train
RA_CTTCCTTCATTCCTAT-1,rat,RA,gCAP,gCAP,endothelial,True,train
RA_CTTCGGTCAACCGACC-1,rat,RA,gCAP,gCAP,endothelial,True,train
RA_CTTCTAACATGCACTA-1,rat,RA,gCAP,gCAP,endothelial,True,train
RA_CTTCTAAGTGCCTTTC-1,rat,RA,gCAP,gCAP,endothelial,True,train
RA_CTTCTAATCCAGCAAT-1,rat,RA,gCAP,gCAP,endothelial,True,train
RA_CTTCTAATCCGTCAAA-1,rat,RA,gCAP,gCAP,endothelial,True,train
RA_CTTCTCTCAGACCTGC-1,rat,RA,gCAP,gCAP,endothelial,True,train
RA_CTTCTCTGTTTGGGTT-1,rat,RA,gCAP,gCAP,endothelial,True,train
RA_CTTGATTTCACTTTGT-1,rat,RA,gCAP,gCAP,endothelial,True,train
RA_CTTTCGGCAGGAGACT-1,rat,RA,gCAP,gCAP,endothelial,True,train
RA_CTTTCGGCAGTAACCT-1,rat,RA,gCAP,gCAP,endothelial,True,train
RA_GAAACCTAGACGCCAA-1,rat,RA,gCAP,gCAP,endothelial,True,train
RA_GAAACCTCACATTGTG-1,rat,RA,gCAP,gCAP,endothelial,True,train
RA_GAAACCTTCAGCGGAA-1,rat,RA,gCAP,gCAP,endothelial,True,train
RA_GAACACTTCCTGTTAT-1,rat,RA,gCAP,gCAP,endothelial,True,train
RA_GAACTGTCACCGTCTT-1,rat,RA,gCAP,gCAP,endothelial,True,train
RA_GAAGAATTCTCCGAAA-1,rat,RA,gCAP,gCAP,endothelial,True,test
RA_GAAGCCCAGATGACAT-1,rat,RA,gCAP,gCAP,endothelial,True,train
RA_GAAGCGACATCAGCGC-1,rat,RA,gCAP,gCAP,endothelial,True,train
RA_GAAGGACCAATTTCGG-1,rat,RA,gCAP,gCAP,endothelial,True,train
RA_GAAGGACGTTAGAAAC-1,rat,RA,gCAP,gCAP,endothelial,True,train
RA_GAAGGACTCCGTCCTA-1,rat,RA,gCAP,gCAP,endothelial,True,train
RA_GAAGGGTCACGTAACT-1,rat,RA,gCAP,gCAP,endothelial,True,train
RA_GAAGGGTCATTGACAC-1,rat,RA,gCAP,gCAP,endothelial,True,train
RA_GAAGGGTGTTATAGAG-1,rat,RA,gCAP,gCAP,endothelial,True,train
RA_GAAGGGTTCTACGGGC-1,rat,RA,gCAP,gCAP,endothelial,True,test
RA_GAAGTAAAGTTACGAA-1,rat,RA,gCAP,gCAP,endothelial,True,train
RA_GAAGTAACATTGAGGG-1,rat,RA,gCAP,gCAP,endothelial,True,train
RA_GAAGTAATCCTATGGA-1,rat,RA,gCAP,gCAP,endothelial,True,train
RA_GAATAGACATAGTCGT-1,rat,RA,gCAP,gCAP,endothelial,True,train
RA_GAATAGATCATTTGCT-1,rat,RA,gCAP,gCAP,endothelial,True,test
RA_GACACGCGTCTTTATC-1,rat,RA,gCAP,gCAP,endothelial,True,train
RA_GACACGCGTTGGTAGG-1,rat,RA,gCAP,gCAP,endothelial,True,train
RA_GACACGCTCTTGGTCC-1,rat,RA,gCAP,gCAP,endothelial,True,train
RA_GACAGCCTCGAGTTGT-1,rat,RA,gCAP,gCAP,endothelial,True,train
RA_GACATCAGTTGCATCA-1,rat,RA,gCAP,gCAP,endothelial,True,train
RA_GACATCATCATGTCTT-1,rat,RA,gCAP,gCAP,endothelial,True,train
RA_GACATCATCCTCACTG-1,rat,RA,gCAP,gCAP,endothelial,True,train
RA_GACCAATTCCGTGGTG-1,rat,RA,gCAP,gCAP,endothelial,True,train
RA_GACCCAGCACCTTCGT-1,rat,RA,gCAP,gCAP,endothelial,True,train
RA_GACCCAGGTATCATGC-1,rat,RA,gCAP,gCAP,endothelial,True,train
RA_GACCCAGTCCACACCT-1,rat,RA,gCAP,gCAP,endothelial,True,train
RA_GACCCTTTCCATTGGA-1,rat,RA,gCAP,gCAP,endothelial,True,train
RA_GACCGTGCAGGAACCA-1,rat,RA,gCAP,gCAP,endothelial,True,train
RA_GACCGTGCAGTCTTCC-1,rat,RA,gCAP,gCAP,endothelial,True,train
RA_GACCTTCCACGACCTG-1,rat,RA,gCAP,gCAP,endothelial,True,test
RA_GACCTTCCATCAGCAT-1,rat,RA,gCAP,gCAP,endothelial,True,train
RA_GACGCTGCACGTACTA-1,rat,RA,gCAP,gCAP,endothelial,True,train
RA_GACGCTGTCTTACGGA-1,rat,RA,gCAP,gCAP,endothelial,True,train
RA_GACGTTACACCTGCGA-1,rat,RA,gCAP,gCAP,endothelial,True,train
RA_GACGTTAGTGAGCCAA-1,rat,RA,gCAP,gCAP,endothelial,True,train
RA_GACGTTATCACCTTAT-1,rat,RA,gCAP,gCAP,endothelial,True,train
RA_GACGTTATCTGCCTCA-1,rat,RA,gCAP,gCAP,endothelial,True,train
RA_GACTCAAAGACCATGG-1,rat,RA,gCAP,gCAP,endothelial,True,train
RA_GACTCAACAAACAGGC-1,rat,RA,gCAP,gCAP,endothelial,True,test
RA_GACTCAAGTTCCGGTG-1,rat,RA,gCAP,gCAP,endothelial,True,train
RA_GACTCAATCACACGAT-1,rat,RA,gCAP,gCAP,endothelial,True,train
RA_GACTCTCAGCCGAATG-1,rat,RA,gCAP,gCAP,endothelial,True,train
RA_GACTCTCCACGAGAAC-1,rat,RA,gCAP,gCAP,endothelial,True,train
RA_GACTGATAGCTCGTGC-1,rat,RA,gCAP,gCAP,endothelial,True,train
RA_GACTGATTCTACCACC-1,rat,RA,gCAP,gCAP,endothelial,True,train
RA_GAGACTTAGCCGTTGC-1,rat,RA,gCAP,gCAP,endothelial,True,train
RA_GAGACTTTCACTGTCC-1,rat,RA,gCAP,gCAP,endothelial,True,train
RA_GAGATGGAGACAGCTG-1,rat,RA,gCAP,gCAP,endothelial,True,test
RA_GAGATGGTCCGAAATC-1,rat,RA,gCAP,gCAP,endothelial,True,train
RA_GAGCCTGCATCCGAGC-1,rat,RA,gCAP,gCAP,endothelial,True,train
RA_GAGCTGCCAGAAACCG-1,rat,RA,gCAP,gCAP,endothelial,True,train
RA_GAGCTGCGTTACGGAG-1,rat,RA,gCAP,gCAP,endothelial,True,test
RA_GAGCTGCGTTTACGTG-1,rat,RA,gCAP,gCAP,endothelial,True,train
RA_GAGGCCTTCCATTTAC-1,rat,RA,gCAP,gCAP,endothelial,True,train
RA_GAGGCCTTCGTCCTCA-1,rat,RA,gCAP,gCAP,endothelial,True,train
RA_GAGGGATTCAACCTCC-1,rat,RA,gCAP,gCAP,endothelial,True,train
RA_GAGGGTACATGGCACC-1,rat,RA,gCAP,gCAP,endothelial,True,train
RA_GAGGGTAGTAGAGATT-1,rat,RA,gCAP,gCAP,endothelial,True,train
RA_GAGGGTATCCTTTGAT-1,rat,RA,gCAP,gCAP,endothelial,True,train
RA_GAGTCATTCCAACCGG-1,rat,RA,gCAP,gCAP,endothelial,True,train
RA_GAGTCATTCTAACGGT-1,rat,RA,gCAP,gCAP,endothelial,True,train
RA_GAGTCTACAAGTGCAG-1,rat,RA,gCAP,gCAP,endothelial,True,train
RA_GAGTCTATCTGGGCGT-1,rat,RA,gCAP,gCAP,endothelial,True,train
RA_GAGTGAGTCACTGCTC-1,rat,RA,gCAP,gCAP,endothelial,True,test
RA_GAGTGAGTCGACGTCG-1,rat,RA,gCAP,gCAP,endothelial,True,train
RA_GAGTTACTCCCGATCT-1,rat,RA,gCAP,gCAP,endothelial,True,train
RA_GAGTTTGAGCTGACTT-1,rat,RA,gCAP,gCAP,endothelial,True,train
RA_GAGTTTGTCACGTAGT-1,rat,RA,gCAP,gCAP,endothelial,True,train
RA_GAGTTTGTCCAAACCA-1,rat,RA,gCAP,gCAP,endothelial,True,test
RA_GATAGAATCGTACCTC-1,rat,RA,gCAP,gCAP,endothelial,True,train
RA_GATAGCTAGCTCGCAC-1,rat,RA,gCAP,gCAP,endothelial,True,train
RA_GATAGCTCAGACCATT-1,rat,RA,gCAP,gCAP,endothelial,True,train
RA_GATAGCTGTGTTGATC-1,rat,RA,gCAP,gCAP,endothelial,True,train
RA_GATCACAAGATGGGCT-1,rat,RA,gCAP,gCAP,endothelial,True,test
RA_GATCACACAGTAACGG-1,rat,RA,gCAP,gCAP,endothelial,True,train
RA_GATCACACAGTGTGCC-1,rat,RA,gCAP,gCAP,endothelial,True,train
RA_GATCACATCGCTCCTA-1,rat,RA,gCAP,gCAP,endothelial,True,train
RA_GATCAGTCAGCGTGAA-1,rat,RA,gCAP,gCAP,endothelial,True,test
RA_GATCATGTCGCTCCTA-1,rat,RA,gCAP,gCAP,endothelial,True,train
RA_GATCATGTCTCATAGG-1,rat,RA,gCAP,gCAP,endothelial,True,train
RA_GATCGTAAGTTGAAGT-1,rat,RA,gCAP,gCAP,endothelial,True,train
RA_GATCGTACAAGATCCT-1,rat,RA,gCAP,gCAP,endothelial,True,train
RA_GATGACTGTGACGTCC-1,rat,RA,gCAP,gCAP,endothelial,True,train
RA_GATGAGGAGTATGACA-1,rat,RA,gCAP,gCAP,endothelial,True,train
RA_GATGATCAGACCTCCG-1,rat,RA,gCAP,gCAP,endothelial,True,train
RA_GATTCGACAGCTCATA-1,rat,RA,gCAP,gCAP,endothelial,True,train
RA_GATTCTTTCGGCACTG-1,rat,RA,gCAP,gCAP,endothelial,True,test
RA_GATTCTTTCGGTGTTA-1,rat,RA,gCAP,gCAP,endothelial,True,train
RA_GATTTCTAGTGGACTG-1,rat,RA,gCAP,gCAP,endothelial,True,train
RA_GATTTCTCAAATTGCC-1,rat,RA,gCAP,gCAP,endothelial,True,train
RA_GATTTCTGTTCAGGTT-1,rat,RA,gCAP,gCAP,endothelial,True,train
RA_GATTTCTTCCAATCTT-1,rat,RA,gCAP,gCAP,endothelial,True,train
RA_GCAACATAGGTGCTTT-1,rat,RA,gCAP,gCAP,endothelial,True,test
RA_GCAACATCAGACCGCT-1,rat,RA,gCAP,gCAP,endothelial,True,train
RA_GCAACCGTCAAGCCGC-1,rat,RA,gCAP,gCAP,endothelial,True,train
RA_GCACATAAGGACTGGT-1,rat,RA,gCAP,gCAP,endothelial,True,train
RA_GCACATAGTAGCGTAG-1,rat,RA,gCAP,gCAP,endothelial,True,train
RA_GCACGGTGTCATAACC-1,rat,RA,gCAP,gCAP,endothelial,True,train
RA_GCAGCCACAAATCGTC-1,rat,RA,gCAP,gCAP,endothelial,True,train
RA_GCAGCTGGTGTGGACA-1,rat,RA,gCAP,gCAP,endothelial,True,train
RA_GCAGCTGTCTAGACCA-1,rat,RA,gCAP,gCAP,endothelial,True,train
RA_GCAGCTGTCTGCTAGA-1,rat,RA,gCAP,gCAP,endothelial,True,train
RA_GCAGGCTAGAGGTATT-1,rat,RA,gCAP,gCAP,endothelial,True,train
RA_GCAGGCTAGGAGTCTG-1,rat,RA,gCAP,gCAP,endothelial,True,train
RA_GCAGTTAAGCGTATGG-1,rat,RA,gCAP,gCAP,endothelial,True,train
RA_GCAGTTACAGGACGAT-1,rat,RA,gCAP,gCAP,endothelial,True,test
RA_GCATCGGTCGGCATAT-1,rat,RA,gCAP,gCAP,endothelial,True,test
RA_GCATCTCGTTCCAAAC-1,rat,RA,gCAP,gCAP,endothelial,True,train
RA_GCATGATAGAGCACTG-1,rat,RA,gCAP,gCAP,endothelial,True,train
RA_GCATGATAGCACGATG-1,rat,RA,gCAP,gCAP,endothelial,True,train
RA_GCATGATAGCAGCGAT-1,rat,RA,gCAP,gCAP,endothelial,True,test
RA_GCATGATGTACTAAGA-1,rat,RA,gCAP,gCAP,endothelial,True,test
RA_GCATGATGTCAGGCAA-1,rat,RA,gCAP,gCAP,endothelial,True,test
RA_GCATTAGAGAGTCACG-1,rat,RA,gCAP,gCAP,endothelial,True,train
RA_GCATTAGTCACAACCA-1,rat,RA,gCAP,gCAP,endothelial,True,train
RA_GCCAGCATCGCCGTGA-1,rat,RA,gCAP,gCAP,endothelial,True,train
RA_GCCAGGTGTCAAAGCG-1,rat,RA,gCAP,gCAP,endothelial,True,train
RA_GCCAGGTTCCATCTCG-1,rat,RA,gCAP,gCAP,endothelial,True,train
RA_GCCAGGTTCGCCTCTA-1,rat,RA,gCAP,gCAP,endothelial,True,train
RA_GCCAGTGAGCACTTTG-1,rat,RA,gCAP,gCAP,endothelial,True,train
RA_GCCAGTGAGTTGTCAC-1,rat,RA,gCAP,gCAP,endothelial,True,train
RA_GCCAGTGCACCTGCTT-1,rat,RA,gCAP,gCAP,endothelial,True,train
RA_GCCAGTGGTCAAGCGA-1,rat,RA,gCAP,gCAP,endothelial,True,train
RA_GCCATGGGTTGATCGT-1,rat,RA,gCAP,gCAP,endothelial,True,train
RA_GCCATTCCAGCGTAGA-1,rat,RA,gCAP,gCAP,endothelial,True,train
RA_GCCATTCCATCGCCTT-1,rat,RA,gCAP,gCAP,endothelial,True,train
RA_GCCCAGAGTGATCGTT-1,rat,RA,gCAP,gCAP,endothelial,True,train
RA_GCCCAGATCGATTTCT-1,rat,RA,gCAP,gCAP,endothelial,True,train
RA_GCCCGAAGTGTAGGAC-1,rat,RA,gCAP,gCAP,endothelial,True,train
RA_GCCGATGAGGTGAGAA-1,rat,RA,gCAP,gCAP,endothelial,True,train
RA_GCCGTGACAGCAGTAG-1,rat,RA,gCAP,gCAP,endothelial,True,train
RA_GCCGTGACATACTGTG-1,rat,RA,gCAP,gCAP,endothelial,True,train
RA_GCCTGTTCAGCAGAAC-1,rat,RA,gCAP,gCAP,endothelial,True,train
RA_GCGAGAAAGGCCGCTT-1,rat,RA,gCAP,gCAP,endothelial,True,train
RA_GCGAGAATCTGCTGAA-1,rat,RA,gCAP,gCAP,endothelial,True,test
RA_GCGGATCTCCATTGTT-1,rat,RA,gCAP,gCAP,endothelial,True,train
RA_GCGTGCATCATGCATG-1,rat,RA,gCAP,gCAP,endothelial,True,test
RA_GCGTTTCAGTCACTGT-1,rat,RA,gCAP,gCAP,endothelial,True,train
RA_GCTACAAAGTTTAGGA-1,rat,RA,gCAP,gCAP,endothelial,True,train
RA_GCTACCTAGAAGATCT-1,rat,RA,gCAP,gCAP,endothelial,True,train
RA_GCTCAAAGTTCGTGCG-1,rat,RA,gCAP,gCAP,endothelial,True,train
RA_GCTGAATCACAAGCCC-1,rat,RA,gCAP,gCAP,endothelial,True,train
RA_GCTGAATCACACCGCA-1,rat,RA,gCAP,gCAP,endothelial,True,train
RA_GCTGAATTCGACATAC-1,rat,RA,gCAP,gCAP,endothelial,True,train
RA_GCTGCAGTCCACGTCT-1,rat,RA,gCAP,gCAP,endothelial,True,train
RA_GCTGGGTGTTTACACG-1,rat,RA,gCAP,gCAP,endothelial,True,train
RA_GCTGGGTTCCAACTGA-1,rat,RA,gCAP,gCAP,endothelial,True,train
RA_GCTTCACCACCAGCCA-1,rat,RA,gCAP,gCAP,endothelial,True,train
RA_GCTTGGGAGGTAGCAC-1,rat,RA,gCAP,gCAP,endothelial,True,train
RA_GCTTGGGGTACGACTT-1,rat,RA,gCAP,gCAP,endothelial,True,train
RA_GCTTTCGAGATACATG-1,rat,RA,gCAP,gCAP,endothelial,True,train
RA_GCTTTCGAGTCATGAA-1,rat,RA,gCAP,gCAP,endothelial,True,train
RA_GCTTTCGCAGGTGGAT-1,rat,RA,gCAP,gCAP,endothelial,True,train
RA_GCTTTCGGTGTAACGG-1,rat,RA,gCAP,gCAP,endothelial,True,train
RA_GGAACCCGTAGTCGTT-1,rat,RA,gCAP,gCAP,endothelial,True,train
RA_GGAATCTAGGCATTTC-1,rat,RA,gCAP,gCAP,endothelial,True,train
RA_GGAATCTGTCTACAGT-1,rat,RA,gCAP,gCAP,endothelial,True,test
RA_GGAATCTTCTTCGATT-1,rat,RA,gCAP,gCAP,endothelial,True,train
RA_GGAATGGAGCGACTAG-1,rat,RA,gCAP,gCAP,endothelial,True,train
RA_GGAATGGTCAGATGCT-1,rat,RA,gCAP,gCAP,endothelial,True,train
RA_GGAGAACAGGCGACAT-1,rat,RA,gCAP,gCAP,endothelial,True,train
RA_GGAGAACAGTTCAACC-1,rat,RA,gCAP,gCAP,endothelial,True,test
RA_GGAGAACTCGTAGGAG-1,rat,RA,gCAP,gCAP,endothelial,True,train
RA_GGAGAACTCTAGGCAT-1,rat,RA,gCAP,gCAP,endothelial,True,train
RA_GGAGATGGTTACCCAA-1,rat,RA,gCAP,gCAP,endothelial,True,train
RA_GGAGATGTCAAACGTC-1,rat,RA,gCAP,gCAP,endothelial,True,train
RA_GGAGCAACACGCTGCA-1,rat,RA,gCAP,gCAP,endothelial,True,test
RA_GGAGGATCAAGCGAGT-1,rat,RA,gCAP,gCAP,endothelial,True,train
RA_GGAGGTAAGTCTGCGC-1,rat,RA,gCAP,gCAP,endothelial,True,train
RA_GGAGGTACACAGTCGC-1,rat,RA,gCAP,gCAP,endothelial,True,train
RA_GGAGGTAGTGAGATAT-1,rat,RA,gCAP,gCAP,endothelial,True,train
RA_GGATCTACAGTAGAGC-1,rat,RA,gCAP,gCAP,endothelial,True,test
RA_GGATGTTTCACGTCCT-1,rat,RA,gCAP,gCAP,endothelial,True,train
RA_GGCAGTCTCGTGCGAC-1,rat,RA,gCAP,gCAP,endothelial,True,train
RA_GGCGTCACAAATTGGA-1,rat,RA,gCAP,gCAP,endothelial,True,train
RA_GGCTGTGCAACGGCCT-1,rat,RA,gCAP,gCAP,endothelial,True,train
RA_GGCTTGGGTGTCATTG-1,rat,RA,gCAP,gCAP,endothelial,True,train
RA_GGCTTTCCAATTGAAG-1,rat,RA,gCAP,gCAP,endothelial,True,train
RA_GGGACCTCAGAATGTA-1,rat,RA,gCAP,gCAP,endothelial,True,train
RA_GGGACCTGTGATACCT-1,rat,RA,gCAP,gCAP,endothelial,True,train
RA_GGGACTCCAACAACAA-1,rat,RA,gCAP,gCAP,endothelial,True,train
RA_GGGAGATAGCGTTCAT-1,rat,RA,gCAP,gCAP,endothelial,True,train
RA_GGGAGATCAATAGGAT-1,rat,RA,gCAP,gCAP,endothelial,True,train
RA_GGGAGATTCCGAAATC-1,rat,RA,gCAP,gCAP,endothelial,True,train
RA_GGGAGTACAACCACGC-1,rat,RA,gCAP,gCAP,endothelial,True,train
RA_GGGAGTAGTAAGATAC-1,rat,RA,gCAP,gCAP,endothelial,True,train
RA_GGGAGTATCCGCACTT-1,rat,RA,gCAP,gCAP,endothelial,True,train
RA_GGGAGTATCGCCTTTG-1,rat,RA,gCAP,gCAP,endothelial,True,train
RA_GGGATGATCTGCCCTA-1,rat,RA,gCAP,gCAP,endothelial,True,train
RA_GGGCCATCACCTGCGA-1,rat,RA,gCAP,gCAP,endothelial,True,train
RA_GGGCCATGTCCAAATC-1,rat,RA,gCAP,gCAP,endothelial,True,test
RA_GGGCGTTAGGTGCATG-1,rat,RA,gCAP,gCAP,endothelial,True,train
RA_GGGCTACCATTGACCA-1,rat,RA,gCAP,gCAP,endothelial,True,train
RA_GGGCTCACACGGAAGT-1,rat,RA,gCAP,gCAP,endothelial,True,train
RA_GGGCTCACAGTGCCTG-1,rat,RA,gCAP,gCAP,endothelial,True,train
RA_GGGCTCATCGCGAAGA-1,rat,RA,gCAP,gCAP,endothelial,True,train
RA_GGGTCTGCACAGTACT-1,rat,RA,gCAP,gCAP,endothelial,True,train
RA_GGGTCTGTCCCTTCCC-1,rat,RA,gCAP,gCAP,endothelial,True,test
RA_GGGTTATCAGAGTCAG-1,rat,RA,gCAP,gCAP,endothelial,True,train
RA_GGGTTATCATCAGCTA-1,rat,RA,gCAP,gCAP,endothelial,True,train
RA_GGGTTATGTGAGTCAG-1,rat,RA,gCAP,gCAP,endothelial,True,train
RA_GGGTTTAGTAACGGTG-1,rat,RA,gCAP,gCAP,endothelial,True,train
RA_GGGTTTAGTTAGGCTT-1,rat,RA,gCAP,gCAP,endothelial,True,train
RA_GGGTTTATCGCGATCG-1,rat,RA,gCAP,gCAP,endothelial,True,train
RA_GGTAACTTCCACTAGA-1,rat,RA,gCAP,gCAP,endothelial,True,train
RA_GGTAACTTCCATCTCG-1,rat,RA,gCAP,gCAP,endothelial,True,train
RA_GGTAACTTCCCTTCCC-1,rat,RA,gCAP,gCAP,endothelial,True,test
RA_GGTAATCCACAAGCTT-1,rat,RA,gCAP,gCAP,endothelial,True,test
RA_GGTAATCGTACGTACT-1,rat,RA,gCAP,gCAP,endothelial,True,train
RA_GGTAGAGCACTCCCTA-1,rat,RA,gCAP,gCAP,endothelial,True,train
RA_GGTAGAGCATCCCGTT-1,rat,RA,gCAP,gCAP,endothelial,True,train
RA_GGTGAAGGTCTTGAAC-1,rat,RA,gCAP,gCAP,endothelial,True,test
RA_GGTGATTAGATGCTAA-1,rat,RA,gCAP,gCAP,endothelial,True,train
RA_GGTGATTAGCAAGTCG-1,rat,RA,gCAP,gCAP,endothelial,True,train
RA_GGTGATTAGCATTGTC-1,rat,RA,gCAP,gCAP,endothelial,True,train
RA_GGTGGCTAGGTATCTC-1,rat,RA,gCAP,gCAP,endothelial,True,train
RA_GGTGGCTCAGAAATCA-1,rat,RA,gCAP,gCAP,endothelial,True,train
RA_GGTGGCTTCTTTCCGG-1,rat,RA,gCAP,gCAP,endothelial,True,train
RA_GGTTAACAGGAAGTGA-1,rat,RA,gCAP,gCAP,endothelial,True,train
RA_GGTTAACTCTCCGAGG-1,rat,RA,gCAP,gCAP,endothelial,True,train
RA_GGTTCTCTCCATTCGC-1,rat,RA,gCAP,gCAP,endothelial,True,train
RA_GGTTCTCTCTAGTACG-1,rat,RA,gCAP,gCAP,endothelial,True,train
RA_GGTTGTACAGGTATGG-1,rat,RA,gCAP,gCAP,endothelial,True,train
RA_GGTTGTAGTGGACCTC-1,rat,RA,gCAP,gCAP,endothelial,True,train
RA_GGTTGTATCTACCTTA-1,rat,RA,gCAP,gCAP,endothelial,True,train
RA_GTAACACGTATGATCC-1,rat,RA,gCAP,gCAP,endothelial,True,train
RA_GTAACCACACCAATTG-1,rat,RA,gCAP,gCAP,endothelial,True,train
RA_GTAACCATCATCCTAT-1,rat,RA,gCAP,gCAP,endothelial,True,train
RA_GTAAGTCGTCTACATG-1,rat,RA,gCAP,gCAP,endothelial,True,train
RA_GTAAGTCGTCTGTAGT-1,rat,RA,gCAP,gCAP,endothelial,True,train
RA_GTAATCGCACTTTATC-1,rat,RA,gCAP,gCAP,endothelial,True,train
RA_GTAATCGTCTTTCCAA-1,rat,RA,gCAP,gCAP,endothelial,True,train
RA_GTACAGTTCGCGTTTC-1,rat,RA,gCAP,gCAP,endothelial,True,train
RA_GTAGAAACACTAACCA-1,rat,RA,gCAP,gCAP,endothelial,True,train
RA_GTAGAGGTCTAGCAAC-1,rat,RA,gCAP,gCAP,endothelial,True,train
RA_GTAGAGGTCTGGACTA-1,rat,RA,gCAP,gCAP,endothelial,True,train
RA_GTAGATCGTAGCTGCC-1,rat,RA,gCAP,gCAP,endothelial,True,train
RA_GTAGATCTCGGTAAGG-1,rat,RA,gCAP,gCAP,endothelial,True,train
RA_GTAGGAGAGCACCGAA-1,rat,RA,gCAP,gCAP,endothelial,True,train
RA_GTAGTACCACACACGC-1,rat,RA,gCAP,gCAP,endothelial,True,train
RA_GTAGTACCATACTTTC-1,rat,RA,gCAP,gCAP,endothelial,True,train
RA_GTAGTACGTGCCGTAC-1,rat,RA,gCAP,gCAP,endothelial,True,train
RA_GTATTGGTCATGCATG-1,rat,RA,gCAP,gCAP,endothelial,True,train
RA_GTCAAACCACCGGAAA-1,rat,RA,gCAP,gCAP,endothelial,True,train
RA_GTCAAACTCAAGCTTG-1,rat,RA,gCAP,gCAP,endothelial,True,train
RA_GTCACGGGTGGAGGTT-1,rat,RA,gCAP,gCAP,endothelial,True,train
RA_GTCACTCAGGCCACCT-1,rat,RA,gCAP,gCAP,endothelial,True,train
RA_GTCACTCGTGTATCCA-1,rat,RA,gCAP,gCAP,endothelial,True,train
RA_GTCATCCAGGATTCAA-1,rat,RA,gCAP,gCAP,endothelial,True,train
RA_GTCATCCGTATTGCCA-1,rat,RA,gCAP,gCAP,endothelial,True,train
RA_GTCATGAAGCCAGACA-1,rat,RA,gCAP,gCAP,endothelial,True,train
RA_GTCATGAAGGGCAGGA-1,rat,RA,gCAP,gCAP,endothelial,True,test
RA_GTCATGAAGGTCTACT-1,rat,RA,gCAP,gCAP,endothelial,True,train
RA_GTCATTTCAAGATGTA-1,rat,RA,gCAP,gCAP,endothelial,True,train
RA_GTCCACTCATAACAGA-1,rat,RA,gCAP,gCAP,endothelial,True,train
RA_GTCCCATAGGCGATAC-1,rat,RA,gCAP,gCAP,endothelial,True,train
RA_GTCCCATTCAGCACCG-1,rat,RA,gCAP,gCAP,endothelial,True,train
RA_GTCGAATAGTTGGCGA-1,rat,RA,gCAP,gCAP,endothelial,True,train
RA_GTCGAATCACCCTATC-1,rat,RA,gCAP,gCAP,endothelial,True,train
RA_GTCGAATCAGAAGTGC-1,rat,RA,gCAP,gCAP,endothelial,True,train
RA_GTCGAATCAGGTATGG-1,rat,RA,gCAP,gCAP,endothelial,True,train
RA_GTCGAATGTATGTGTC-1,rat,RA,gCAP,gCAP,endothelial,True,train
RA_GTCGCGAAGGGCTGAT-1,rat,RA,gCAP,gCAP,endothelial,True,train
RA_GTCGCGACAATGCAGG-1,rat,RA,gCAP,gCAP,endothelial,True,train
RA_GTCGTAACAAAGGGCT-1,rat,RA,gCAP,gCAP,endothelial,True,test
RA_GTCGTAAGTCGCATCG-1,rat,RA,gCAP,gCAP,endothelial,True,train
RA_GTCGTAATCCGGACTG-1,rat,RA,gCAP,gCAP,endothelial,True,test
RA_GTCGTAATCTTTCTAG-1,rat,RA,gCAP,gCAP,endothelial,True,train
RA_GTCGTTCAGCGCTGCT-1,rat,RA,gCAP,gCAP,endothelial,True,train
RA_GTCGTTCGTGGATTTC-1,rat,RA,gCAP,gCAP,endothelial,True,train
RA_GTCTACCCAGAGATGC-1,rat,RA,gCAP,gCAP,endothelial,True,train
RA_GTCTAGACAGAAGTGC-1,rat,RA,gCAP,gCAP,endothelial,True,train
RA_GTCTAGATCGTCAAAC-1,rat,RA,gCAP,gCAP,endothelial,True,train
RA_GTCTCACAGAAATTCG-1,rat,RA,gCAP,gCAP,endothelial,True,train
RA_GTCTCACAGTTAACGA-1,rat,RA,gCAP,gCAP,endothelial,True,train
RA_GTCTCACGTCGTTATG-1,rat,RA,gCAP,gCAP,endothelial,True,train
RA_GTCTGTCGTCGAACAG-1,rat,RA,gCAP,gCAP,endothelial,True,train
RA_GTCTGTCGTTCTTGTT-1,rat,RA,gCAP,gCAP,endothelial,True,train
RA_GTCTTTAAGATCACTC-1,rat,RA,gCAP,gCAP,endothelial,True,train
RA_GTCTTTAGTATTGGCT-1,rat,RA,gCAP,gCAP,endothelial,True,train
RA_GTCTTTATCAGACCTA-1,rat,RA,gCAP,gCAP,endothelial,True,train
RA_GTGAGCCAGCCATGCC-1,rat,RA,gCAP,gCAP,endothelial,True,test
RA_GTGAGCCGTGTTACAC-1,rat,RA,gCAP,gCAP,endothelial,True,train
RA_GTGAGGAAGGCCACTC-1,rat,RA,gCAP,gCAP,endothelial,True,train
RA_GTGAGGAAGTAGAGTT-1,rat,RA,gCAP,gCAP,endothelial,True,train
RA_GTGAGGAGTCGCTCGA-1,rat,RA,gCAP,gCAP,endothelial,True,test
RA_GTGAGGAGTTGTGCAT-1,rat,RA,gCAP,gCAP,endothelial,True,train
RA_GTGAGTTAGGGTAGCT-1,rat,RA,gCAP,gCAP,endothelial,True,train
RA_GTGATGTCAATCGTCA-1,rat,RA,gCAP,gCAP,endothelial,True,train
RA_GTGATGTGTGCCCGTA-1,rat,RA,gCAP,gCAP,endothelial,True,train
RA_GTGCACGGTCACAATC-1,rat,RA,gCAP,gCAP,endothelial,True,train
RA_GTGCACGGTGTGCTTA-1,rat,RA,gCAP,gCAP,endothelial,True,test
RA_GTGCACGTCTTCCGTG-1,rat,RA,gCAP,gCAP,endothelial,True,train
RA_GTGCAGCAGTGGCGAT-1,rat,RA,gCAP,gCAP,endothelial,True,test
RA_GTGCAGCCAGTGGGTA-1,rat,RA,gCAP,gCAP,endothelial,True,train
RA_GTGCAGCGTAGGAGTC-1,rat,RA,gCAP,gCAP,endothelial,True,train
RA_GTGCGTGTCTACCTTA-1,rat,RA,gCAP,gCAP,endothelial,True,train
RA_GTGGAAGAGACCACGA-1,rat,RA,gCAP,gCAP,endothelial,True,test
RA_GTGGAAGCATCAGTCA-1,rat,RA,gCAP,gCAP,endothelial,True,test
RA_GTGGAGAAGATAGTCA-1,rat,RA,gCAP,gCAP,endothelial,True,train
RA_GTGGAGAAGTCCCTAA-1,rat,RA,gCAP,gCAP,endothelial,True,train
RA_GTGGAGACACGTACAT-1,rat,RA,gCAP,gCAP,endothelial,True,train
RA_GTGGCGTTCTCGTTTA-1,rat,RA,gCAP,gCAP,endothelial,True,test
RA_GTGGGAAAGGGAGGAC-1,rat,RA,gCAP,gCAP,endothelial,True,train
RA_GTGGGAACACCATAAC-1,rat,RA,gCAP,gCAP,endothelial,True,test
RA_GTGGGAATCGTGTTCC-1,rat,RA,gCAP,gCAP,endothelial,True,train
RA_GTGTAACAGGAATTAC-1,rat,RA,gCAP,gCAP,endothelial,True,train
RA_GTGTCCTAGACGACGT-1,rat,RA,gCAP,gCAP,endothelial,True,train
RA_GTGTGATTCTGCGATA-1,rat,RA,gCAP,gCAP,endothelial,True,test
RA_GTGTGGCAGACCCTTA-1,rat,RA,gCAP,gCAP,endothelial,True,train
RA_GTGTGGCGTCATATGC-1,rat,RA,gCAP,gCAP,endothelial,True,train
RA_GTGTGGCTCTTAGGAC-1,rat,RA,gCAP,gCAP,endothelial,True,train
RA_GTGTTAGAGACAGCTG-1,rat,RA,gCAP,gCAP,endothelial,True,train
RA_GTGTTAGAGGGTTAAT-1,rat,RA,gCAP,gCAP,endothelial,True,train
RA_GTGTTAGGTTGATGTC-1,rat,RA,gCAP,gCAP,endothelial,True,train
RA_GTGTTCCTCCGATCGG-1,rat,RA,gCAP,gCAP,endothelial,True,train
RA_GTTACAGCACCCTATC-1,rat,RA,gCAP,gCAP,endothelial,True,train
RA_GTTACAGGTCTCTCCA-1,rat,RA,gCAP,gCAP,endothelial,True,train
RA_GTTACCCAGTCAAGCG-1,rat,RA,gCAP,gCAP,endothelial,True,train
RA_GTTACCCAGTCACTAC-1,rat,RA,gCAP,gCAP,endothelial,True,train
RA_GTTACCCGTCATATGC-1,rat,RA,gCAP,gCAP,endothelial,True,train
RA_GTTAGACCATTCCTAT-1,rat,RA,gCAP,gCAP,endothelial,True,train
RA_GTTAGTGAGAACCCGA-1,rat,RA,gCAP,gCAP,endothelial,True,train
RA_GTTATGGTCCGGACGT-1,rat,RA,gCAP,gCAP,endothelial,True,train
RA_GTTCATTAGGTAAACT-1,rat,RA,gCAP,gCAP,endothelial,True,train
RA_GTTCATTCAAGTGGTG-1,rat,RA,gCAP,gCAP,endothelial,True,train
RA_GTTCCGTCAGAATGTA-1,rat,RA,gCAP,gCAP,endothelial,True,train
RA_GTTGCGGAGCAGATAT-1,rat,RA,gCAP,gCAP,endothelial,True,train
RA_GTTGTAGAGCAGTACG-1,rat,RA,gCAP,gCAP,endothelial,True,train
RA_GTTGTAGCACAACATC-1,rat,RA,gCAP,gCAP,endothelial,True,train
RA_GTTGTAGGTGCGGCTT-1,rat,RA,gCAP,gCAP,endothelial,True,train
RA_GTTGTCCCACACCTGG-1,rat,RA,gCAP,gCAP,endothelial,True,train
RA_GTTGTCCTCAACCTTT-1,rat,RA,gCAP,gCAP,endothelial,True,train
RA_GTTGTCCTCGGTGCAC-1,rat,RA,gCAP,gCAP,endothelial,True,train
RA_GTTGTGAAGGACTATA-1,rat,RA,gCAP,gCAP,endothelial,True,train
RA_GTTGTGACAGCGATTT-1,rat,RA,gCAP,gCAP,endothelial,True,train
RA_GTTGTGATCTCGCAGG-1,rat,RA,gCAP,gCAP,endothelial,True,train
RA_GTTTACTTCGACGCTG-1,rat,RA,gCAP,gCAP,endothelial,True,train
RA_GTTTGGAAGGTTGAGC-1,rat,RA,gCAP,gCAP,endothelial,True,train
RA_TAACACGAGACCAGCA-1,rat,RA,gCAP,gCAP,endothelial,True,train
RA_TAACCAGCAAGAGATT-1,rat,RA,gCAP,gCAP,endothelial,True,train
RA_TAACCAGCAGATCACT-1,rat,RA,gCAP,gCAP,endothelial,True,train
RA_TAACGACAGGTTGAGC-1,rat,RA,gCAP,gCAP,endothelial,True,train
RA_TAACGACTCAAAGCCT-1,rat,RA,gCAP,gCAP,endothelial,True,train
RA_TAACTTCAGGTAAAGG-1,rat,RA,gCAP,gCAP,endothelial,True,train
RA_TAACTTCGTGAACCGA-1,rat,RA,gCAP,gCAP,endothelial,True,train
RA_TAACTTCTCATGGATC-1,rat,RA,gCAP,gCAP,endothelial,True,test
RA_TAAGCACGTAGACGTG-1,rat,RA,gCAP,gCAP,endothelial,True,train
RA_TAAGCCACAAGGACAC-1,rat,RA,gCAP,gCAP,endothelial,True,train
RA_TAAGCCAGTGGGTCAA-1,rat,RA,gCAP,gCAP,endothelial,True,train
RA_TAAGCGTCAACTGGTT-1,rat,RA,gCAP,gCAP,endothelial,True,train
RA_TAAGTCGGTACAATAG-1,rat,RA,gCAP,gCAP,endothelial,True,train
RA_TAAGTCGTCAGCTGAT-1,rat,RA,gCAP,gCAP,endothelial,True,train
RA_TAAGTCGTCCATCAGA-1,rat,RA,gCAP,gCAP,endothelial,True,train
RA_TAATCTCTCTATCGGA-1,rat,RA,gCAP,gCAP,endothelial,True,train
RA_TACAACGAGCGACAGT-1,rat,RA,gCAP,gCAP,endothelial,True,train
RA_TACACCCCAGAATGTA-1,rat,RA,gCAP,gCAP,endothelial,True,train
RA_TACACCCTCGCACTCT-1,rat,RA,gCAP,gCAP,endothelial,True,train
RA_TACAGGTTCAGCAGAG-1,rat,RA,gCAP,gCAP,endothelial,True,train
RA_TACAGGTTCGCTGTCT-1,rat,RA,gCAP,gCAP,endothelial,True,train
RA_TACATTCCAAATTAGG-1,rat,RA,gCAP,gCAP,endothelial,True,train
RA_TACCCACCACGTGTGC-1,rat,RA,gCAP,gCAP,endothelial,True,train
RA_TACCCGTAGCATTTCG-1,rat,RA,gCAP,gCAP,endothelial,True,train
RA_TACCCGTTCCGTATAG-1,rat,RA,gCAP,gCAP,endothelial,True,test
RA_TACCGAAAGCATCGAG-1,rat,RA,gCAP,gCAP,endothelial,True,train
RA_TACCGAACAACGGTAG-1,rat,RA,gCAP,gCAP,endothelial,True,train
RA_TACCGAATCTAACACG-1,rat,RA,gCAP,gCAP,endothelial,True,test
RA_TACCGGGTCCTCCACA-1,rat,RA,gCAP,gCAP,endothelial,True,train
RA_TACCTCGAGAGTCAGC-1,rat,RA,gCAP,gCAP,endothelial,True,train
RA_TACCTCGCATTGACCA-1,rat,RA,gCAP,gCAP,endothelial,True,train
RA_TACCTGCCACACCTGG-1,rat,RA,gCAP,gCAP,endothelial,True,train
RA_TACGGGCAGGGTAATT-1,rat,RA,gCAP,gCAP,endothelial,True,train
RA_TACGGGCGTCAGGTGA-1,rat,RA,gCAP,gCAP,endothelial,True,train
RA_TACGGGCTCCCAGGAC-1,rat,RA,gCAP,gCAP,endothelial,True,train
RA_TACGGGCTCCCGAGTG-1,rat,RA,gCAP,gCAP,endothelial,True,train
RA_TACGTCCGTCTGGTTA-1,rat,RA,gCAP,gCAP,endothelial,True,train
RA_TACGTCCGTTCGTAAC-1,rat,RA,gCAP,gCAP,endothelial,True,train
RA_TACTGCCTCGGTCATA-1,rat,RA,gCAP,gCAP,endothelial,True,train
RA_TACTTACCATCACCAA-1,rat,RA,gCAP,gCAP,endothelial,True,train
RA_TACTTACTCCTATGGA-1,rat,RA,gCAP,gCAP,endothelial,True,train
RA_TACTTCACAGACCCGT-1,rat,RA,gCAP,gCAP,endothelial,True,train
RA_TACTTCATCGAGTCCG-1,rat,RA,gCAP,gCAP,endothelial,True,train
RA_TACTTGTCAACAGATA-1,rat,RA,gCAP,gCAP,endothelial,True,train
RA_TACTTGTTCAGCATTG-1,rat,RA,gCAP,gCAP,endothelial,True,train
RA_TAGACCAAGCAACTTC-1,rat,RA,gCAP,gCAP,endothelial,True,train
RA_TAGACCAAGCGACTGA-1,rat,RA,gCAP,gCAP,endothelial,True,train
RA_TAGACCAAGGGACCAT-1,rat,RA,gCAP,gCAP,endothelial,True,train
RA_TAGACCAGTACTTCCC-1,rat,RA,gCAP,gCAP,endothelial,True,train
RA_TAGACCATCCTTCAGC-1,rat,RA,gCAP,gCAP,endothelial,True,train
RA_TAGACCATCTGGGATT-1,rat,RA,gCAP,gCAP,endothelial,True,train
RA_TAGACTGCAGCTAACT-1,rat,RA,gCAP,gCAP,endothelial,True,train
RA_TAGATCGAGAGCAGTC-1,rat,RA,gCAP,gCAP,endothelial,True,train
RA_TAGATCGCACAACGTT-1,rat,RA,gCAP,gCAP,endothelial,True,train
RA_TAGGAGGCAATCTGCA-1,rat,RA,gCAP,gCAP,endothelial,True,train
RA_TAGGTACCAACTCATG-1,rat,RA,gCAP,gCAP,endothelial,True,test
RA_TAGGTACCAGGCGATA-1,rat,RA,gCAP,gCAP,endothelial,True,train
RA_TAGGTACGTATACAGA-1,rat,RA,gCAP,gCAP,endothelial,True,test
RA_TAGGTACGTCTCAGAT-1,rat,RA,gCAP,gCAP,endothelial,True,train
RA_TAGGTACGTCTTAGTG-1,rat,RA,gCAP,gCAP,endothelial,True,train
RA_TAGGTACTCAACACCA-1,rat,RA,gCAP,gCAP,endothelial,True,train
RA_TAGGTTGGTCTAACGT-1,rat,RA,gCAP,gCAP,endothelial,True,train
RA_TAGTGCAGTAGAATGT-1,rat,RA,gCAP,gCAP,endothelial,True,train
RA_TATACCTAGGATTTAG-1,rat,RA,gCAP,gCAP,endothelial,True,train
RA_TATACCTAGTATGTAG-1,rat,RA,gCAP,gCAP,endothelial,True,train
RA_TATACCTTCCAACACA-1,rat,RA,gCAP,gCAP,endothelial,True,test
RA_TATACCTTCTCCCAAC-1,rat,RA,gCAP,gCAP,endothelial,True,test
RA_TATATCCCAGGTGGAT-1,rat,RA,gCAP,gCAP,endothelial,True,train
RA_TATCCTAGTTTAGTCG-1,rat,RA,gCAP,gCAP,endothelial,True,train
RA_TATCCTATCTGGCCGA-1,rat,RA,gCAP,gCAP,endothelial,True,train
RA_TATCGCCGTGGCACTC-1,rat,RA,gCAP,gCAP,endothelial,True,train
RA_TATCGCCTCATGCGGC-1,rat,RA,gCAP,gCAP,endothelial,True,train
RA_TATCTGTGTCGAGCTC-1,rat,RA,gCAP,gCAP,endothelial,True,train
RA_TATCTTGCACTCAAGT-1,rat,RA,gCAP,gCAP,endothelial,True,train
RA_TATGTTCGTATGCGGA-1,rat,RA,gCAP,gCAP,endothelial,True,train
RA_TATGTTCTCTCTTGCG-1,rat,RA,gCAP,gCAP,endothelial,True,train
RA_TATGTTCTCTTTGCAT-1,rat,RA,gCAP,gCAP,endothelial,True,train
RA_TATTCCAAGATCCGAG-1,rat,RA,gCAP,gCAP,endothelial,True,test
RA_TATTCCAAGTCGCGAA-1,rat,RA,gCAP,gCAP,endothelial,True,train
RA_TATTCCACACAAATCC-1,rat,RA,gCAP,gCAP,endothelial,True,train
RA_TATTGCTAGGCAGCTA-1,rat,RA,gCAP,gCAP,endothelial,True,train
RA_TATTGCTAGTTGGCGA-1,rat,RA,gCAP,gCAP,endothelial,True,train
RA_TATTGCTCATACAGAA-1,rat,RA,gCAP,gCAP,endothelial,True,train
RA_TATTGCTGTAAGCAAT-1,rat,RA,gCAP,gCAP,endothelial,True,train
RA_TATTGGGCAAGCGATG-1,rat,RA,gCAP,gCAP,endothelial,True,test
RA_TATTGGGTCAATCAGC-1,rat,RA,gCAP,gCAP,endothelial,True,train
RA_TATTTCGCACATTACG-1,rat,RA,gCAP,gCAP,endothelial,True,train
RA_TCAAGACTCCAACCAA-1,rat,RA,gCAP,gCAP,endothelial,True,test
RA_TCAAGACTCCGCATAA-1,rat,RA,gCAP,gCAP,endothelial,True,train
RA_TCACAAGCAACATACC-1,rat,RA,gCAP,gCAP,endothelial,True,train
RA_TCACAAGCATGGTGGA-1,rat,RA,gCAP,gCAP,endothelial,True,train
RA_TCACAAGGTTTGGGAG-1,rat,RA,gCAP,gCAP,endothelial,True,train
RA_TCACAAGTCCCATAGA-1,rat,RA,gCAP,gCAP,endothelial,True,train
RA_TCACATTAGCAATAAC-1,rat,RA,gCAP,gCAP,endothelial,True,test
RA_TCACATTCACCTCAGG-1,rat,RA,gCAP,gCAP,endothelial,True,train
RA_TCACATTTCTGCCCTA-1,rat,RA,gCAP,gCAP,endothelial,True,test
RA_TCACGCTAGATCACTC-1,rat,RA,gCAP,gCAP,endothelial,True,train
RA_TCACGCTTCCGCTTAC-1,rat,RA,gCAP,gCAP,endothelial,True,test
RA_TCACGGGGTTACGATC-1,rat,RA,gCAP,gCAP,endothelial,True,train
RA_TCACGGGTCGTCTACC-1,rat,RA,gCAP,gCAP,endothelial,True,train
RA_TCACGGGTCTCCGTGT-1,rat,RA,gCAP,gCAP,endothelial,True,train
RA_TCACTCGAGGTACATA-1,rat,RA,gCAP,gCAP,endothelial,True,train
RA_TCACTCGGTATCGATC-1,rat,RA,gCAP,gCAP,endothelial,True,train
RA_TCAGCAATCTCCGTGT-1,rat,RA,gCAP,gCAP,endothelial,True,train
RA_TCAGCCTCAGAACGCA-1,rat,RA,gCAP,gCAP,endothelial,True,train
RA_TCAGGGCAGCTTTGTG-1,rat,RA,gCAP,gCAP,endothelial,True,train
RA_TCAGGGCCAGCGTACC-1,rat,RA,gCAP,gCAP,endothelial,True,train
RA_TCAGGGCGTCGGTACC-1,rat,RA,gCAP,gCAP,endothelial,True,train
RA_TCAGGTAAGACTAAGT-1,rat,RA,gCAP,gCAP,endothelial,True,train
RA_TCAGGTAAGTGGCGAT-1,rat,RA,gCAP,gCAP,endothelial,True,test
RA_TCAGTGAAGACGAGCT-1,rat,RA,gCAP,gCAP,endothelial,True,valid
RA_TCAGTGAAGTCGAATA-1,rat,RA,gCAP,gCAP,endothelial,True,train
RA_TCAGTGATCAATCCAG-1,rat,RA,gCAP,gCAP,endothelial,True,train
RA_TCAGTTTAGGGAGGAC-1,rat,RA,gCAP,gCAP,endothelial,True,train
RA_TCAGTTTCACGTAACT-1,rat,RA,gCAP,gCAP,endothelial,True,train
RA_TCAGTTTGTTCTAAGC-1,rat,RA,gCAP,gCAP,endothelial,True,train
RA_TCAGTTTTCGTCAGAT-1,rat,RA,gCAP,gCAP,endothelial,True,train
RA_TCATACTAGGGATCGT-1,rat,RA,gCAP,gCAP,endothelial,True,train
RA_TCATATCCACACCGAC-1,rat,RA,gCAP,gCAP,endothelial,True,train
RA_TCATATCGTACAGTCT-1,rat,RA,gCAP,gCAP,endothelial,True,train
RA_TCATCCGAGAGCTGCA-1,rat,RA,gCAP,gCAP,endothelial,True,train
RA_TCATCCGAGTCCCTAA-1,rat,RA,gCAP,gCAP,endothelial,True,train
RA_TCATGAGGTTAAACCC-1,rat,RA,gCAP,gCAP,endothelial,True,train
RA_TCATGCCCATATGCGT-1,rat,RA,gCAP,gCAP,endothelial,True,train
RA_TCATGCCGTCGTTTCC-1,rat,RA,gCAP,gCAP,endothelial,True,train
RA_TCATGCCGTCTCGGGT-1,rat,RA,gCAP,gCAP,endothelial,True,train
RA_TCATGCCTCTAGATCG-1,rat,RA,gCAP,gCAP,endothelial,True,test
RA_TCATGGACAGAAGCTG-1,rat,RA,gCAP,gCAP,endothelial,True,train
RA_TCATGGAGTAACCCTA-1,rat,RA,gCAP,gCAP,endothelial,True,train
RA_TCATGTTTCATTGGTG-1,rat,RA,gCAP,gCAP,endothelial,True,train
RA_TCATTACGTCACTCGG-1,rat,RA,gCAP,gCAP,endothelial,True,train
RA_TCATTCACAATCACGT-1,rat,RA,gCAP,gCAP,endothelial,True,train
RA_TCATTGTCAACTCGTA-1,rat,RA,gCAP,gCAP,endothelial,True,train
RA_TCATTGTGTCCTCCAT-1,rat,RA,gCAP,gCAP,endothelial,True,train
RA_TCATTGTGTCGGTGAA-1,rat,RA,gCAP,gCAP,endothelial,True,train
RA_TCATTTGCAAAGGGTC-1,rat,RA,gCAP,gCAP,endothelial,True,train
RA_TCATTTGCAATAGTAG-1,rat,RA,gCAP,gCAP,endothelial,True,train
RA_TCATTTGCACTATGTG-1,rat,RA,gCAP,gCAP,endothelial,True,train
RA_TCCACCACAGCACCCA-1,rat,RA,gCAP,gCAP,endothelial,True,train
RA_TCCACCATCATAGGCT-1,rat,RA,gCAP,gCAP,endothelial,True,train
RA_TCCACGTCAGTACTAC-1,rat,RA,gCAP,gCAP,endothelial,True,train
RA_TCCACGTTCCATCTGC-1,rat,RA,gCAP,gCAP,endothelial,True,train
RA_TCCACGTTCGTAGTGT-1,rat,RA,gCAP,gCAP,endothelial,True,train
RA_TCCAGAAAGGTTGACG-1,rat,RA,gCAP,gCAP,endothelial,True,train
RA_TCCAGAAGTAAGTAGT-1,rat,RA,gCAP,gCAP,endothelial,True,train
RA_TCCAGAAGTAATCAAG-1,rat,RA,gCAP,gCAP,endothelial,True,test
RA_TCCAGAAGTGTTAAAG-1,rat,RA,gCAP,gCAP,endothelial,True,train
RA_TCCATCGCAAGTCATC-1,rat,RA,gCAP,gCAP,endothelial,True,train
RA_TCCATGCAGGAGGCAG-1,rat,RA,gCAP,gCAP,endothelial,True,test
RA_TCCCACAAGGCAATGC-1,rat,RA,gCAP,gCAP,endothelial,True,train
RA_TCCCACACAACCAATC-1,rat,RA,gCAP,gCAP,endothelial,True,train
RA_TCCCACACAGTTGTCA-1,rat,RA,gCAP,gCAP,endothelial,True,train
RA_TCCCACAGTCGACTTA-1,rat,RA,gCAP,gCAP,endothelial,True,train
RA_TCCCAGTAGTCACGCC-1,rat,RA,gCAP,gCAP,endothelial,True,train
RA_TCCCAGTCACTGGACC-1,rat,RA,gCAP,gCAP,endothelial,True,train
RA_TCCCAGTGTAGGTACG-1,rat,RA,gCAP,gCAP,endothelial,True,train
RA_TCCCATGCAAATCCCA-1,rat,RA,gCAP,gCAP,endothelial,True,train
RA_TCCCATGCAGCGAGTA-1,rat,RA,gCAP,gCAP,endothelial,True,train
RA_TCCCATGGTACTCGAT-1,rat,RA,gCAP,gCAP,endothelial,True,train
RA_TCCCATGTCCAAGCAT-1,rat,RA,gCAP,gCAP,endothelial,True,train
RA_TCCGAAAGTGTACATC-1,rat,RA,gCAP,gCAP,endothelial,True,train
RA_TCCGAAATCTACTGAG-1,rat,RA,gCAP,gCAP,endothelial,True,train
RA_TCCGATCGTCGATTCA-1,rat,RA,gCAP,gCAP,endothelial,True,train
RA_TCCGATCTCGTCCATC-1,rat,RA,gCAP,gCAP,endothelial,True,train
RA_TCCGGGAAGAATCGCG-1,rat,RA,gCAP,gCAP,endothelial,True,train
RA_TCCGGGAGTCCTGTCT-1,rat,RA,gCAP,gCAP,endothelial,True,train
RA_TCCGGGATCCACCCTA-1,rat,RA,gCAP,gCAP,endothelial,True,train
RA_TCCGTGTCAGAGATGC-1,rat,RA,gCAP,gCAP,endothelial,True,train
RA_TCCTAATTCATCACCC-1,rat,RA,gCAP,gCAP,endothelial,True,train
RA_TCCTCCCGTGAATATG-1,rat,RA,gCAP,gCAP,endothelial,True,train
RA_TCCTCGAAGGGTAGCT-1,rat,RA,gCAP,gCAP,endothelial,True,train
RA_TCCTCTTAGCCGCACT-1,rat,RA,gCAP,gCAP,endothelial,True,train
RA_TCCTCTTAGGGTAGCT-1,rat,RA,gCAP,gCAP,endothelial,True,train
RA_TCCTCTTGTCTACTGA-1,rat,RA,gCAP,gCAP,endothelial,True,test
RA_TCCTGCACAATCAAGA-1,rat,RA,gCAP,gCAP,endothelial,True,train
RA_TCCTTCTAGCTTAGTC-1,rat,RA,gCAP,gCAP,endothelial,True,train
RA_TCCTTTCTCTTACGTT-1,rat,RA,gCAP,gCAP,endothelial,True,train
RA_TCGAACAGTTTAGACC-1,rat,RA,gCAP,gCAP,endothelial,True,train
RA_TCGAACATCTATTGTC-1,rat,RA,gCAP,gCAP,endothelial,True,train
RA_TCGACCTAGGCGACAT-1,rat,RA,gCAP,gCAP,endothelial,True,train
RA_TCGACCTAGGCTAAAT-1,rat,RA,gCAP,gCAP,endothelial,True,test
RA_TCGACCTTCCACGAAT-1,rat,RA,gCAP,gCAP,endothelial,True,test
RA_TCGACGGAGAACCGCA-1,rat,RA,gCAP,gCAP,endothelial,True,test
RA_TCGACGGGTTAGGGAC-1,rat,RA,gCAP,gCAP,endothelial,True,train
RA_TCGCACTGTAGGACCA-1,rat,RA,gCAP,gCAP,endothelial,True,train
RA_TCGCACTTCAGAGCAG-1,rat,RA,gCAP,gCAP,endothelial,True,train
RA_TCGCACTTCGCATTAG-1,rat,RA,gCAP,gCAP,endothelial,True,test
RA_TCGCACTTCGTTGCCT-1,rat,RA,gCAP,gCAP,endothelial,True,train
RA_TCGCTCACAAACCACT-1,rat,RA,gCAP,gCAP,endothelial,True,train
RA_TCGCTCAGTTAGGGTG-1,rat,RA,gCAP,gCAP,endothelial,True,train
RA_TCGCTCAGTTATCTGG-1,rat,RA,gCAP,gCAP,endothelial,True,train
RA_TCGCTCAGTTGGGACA-1,rat,RA,gCAP,gCAP,endothelial,True,train
RA_TCGGGACAGGTAAACT-1,rat,RA,gCAP,gCAP,endothelial,True,train
RA_TCGGGACAGGTCCGAA-1,rat,RA,gCAP,gCAP,endothelial,True,train
RA_TCGGGACCAAGTATCC-1,rat,RA,gCAP,gCAP,endothelial,True,train
RA_TCGGGCAAGCACTAAA-1,rat,RA,gCAP,gCAP,endothelial,True,train
RA_TCGGGCAAGCAGAAAG-1,rat,RA,gCAP,gCAP,endothelial,True,train
RA_TCGGGCAGTTGCATAC-1,rat,RA,gCAP,gCAP,endothelial,True,train
RA_TCGGGTGCAGTAACCT-1,rat,RA,gCAP,gCAP,endothelial,True,train
RA_TCGGGTGTCTTAGCCC-1,rat,RA,gCAP,gCAP,endothelial,True,test
RA_TCGGTCTCAGTTACCA-1,rat,RA,gCAP,gCAP,endothelial,True,train
RA_TCGGTCTCATCCGAGC-1,rat,RA,gCAP,gCAP,endothelial,True,train
RA_TCGGTCTTCCTGCTAC-1,rat,RA,gCAP,gCAP,endothelial,True,train
RA_TCGTCCAAGTCGAAGC-1,rat,RA,gCAP,gCAP,endothelial,True,train
RA_TCGTGCTCACGTAGTT-1,rat,RA,gCAP,gCAP,endothelial,True,train
RA_TCGTGCTCACTCTCGT-1,rat,RA,gCAP,gCAP,endothelial,True,train
RA_TCGTGGGAGCACTAGG-1,rat,RA,gCAP,gCAP,endothelial,True,train
RA_TCGTGGGGTCAGACGA-1,rat,RA,gCAP,gCAP,endothelial,True,train
RA_TCTAACTAGCGAAACC-1,rat,RA,gCAP,gCAP,endothelial,True,train
RA_TCTAACTCAAATAGCA-1,rat,RA,gCAP,gCAP,endothelial,True,train
RA_TCTAACTCACTTACAG-1,rat,RA,gCAP,gCAP,endothelial,True,train
RA_TCTACCGAGACATGCG-1,rat,RA,gCAP,gCAP,endothelial,True,train
RA_TCTACCGAGCTAGTTC-1,rat,RA,gCAP,gCAP,endothelial,True,train
RA_TCTACCGCATCATTTC-1,rat,RA,gCAP,gCAP,endothelial,True,train
RA_TCTATACAGGTCGAGT-1,rat,RA,gCAP,gCAP,endothelial,True,test
RA_TCTATACTCCATTTAC-1,rat,RA,gCAP,gCAP,endothelial,True,train
RA_TCTATCACAAGGCAAC-1,rat,RA,gCAP,gCAP,endothelial,True,train
RA_TCTATCAGTGAGTAAT-1,rat,RA,gCAP,gCAP,endothelial,True,train
RA_TCTCAGCCATCATGAC-1,rat,RA,gCAP,gCAP,endothelial,True,train
RA_TCTCCGACAATGACCT-1,rat,RA,gCAP,gCAP,endothelial,True,test
RA_TCTCCGAGTCATCTAG-1,rat,RA,gCAP,gCAP,endothelial,True,train
RA_TCTCTGGAGGACAGTC-1,rat,RA,gCAP,gCAP,endothelial,True,train
RA_TCTCTGGGTCATTGCA-1,rat,RA,gCAP,gCAP,endothelial,True,train
RA_TCTGCCAAGCTAGCCC-1,rat,RA,gCAP,gCAP,endothelial,True,train
RA_TCTGCCAGTTAATCGC-1,rat,RA,gCAP,gCAP,endothelial,True,train
RA_TCTGCCATCGTAGAGG-1,rat,RA,gCAP,gCAP,endothelial,True,train
RA_TCTGGCTGTACTTCCC-1,rat,RA,gCAP,gCAP,endothelial,True,train
RA_TCTGGCTGTGGGTTGA-1,rat,RA,gCAP,gCAP,endothelial,True,train
RA_TCTGTCGTCCATGCAA-1,rat,RA,gCAP,gCAP,endothelial,True,train
RA_TCTGTCGTCCCTCAAC-1,rat,RA,gCAP,gCAP,endothelial,True,train
RA_TCTTAGTAGGCCGCTT-1,rat,RA,gCAP,gCAP,endothelial,True,train
RA_TCTTAGTCACAGCCTG-1,rat,RA,gCAP,gCAP,endothelial,True,train
RA_TCTTCCTAGAGGTTTA-1,rat,RA,gCAP,gCAP,endothelial,True,train
RA_TCTTCCTGTTTACACG-1,rat,RA,gCAP,gCAP,endothelial,True,train
RA_TCTTCCTTCAAGCCAT-1,rat,RA,gCAP,gCAP,endothelial,True,train
RA_TCTTGCGCAACCAACT-1,rat,RA,gCAP,gCAP,endothelial,True,train
RA_TGAACGTGTTCTAACG-1,rat,RA,gCAP,gCAP,endothelial,True,test
RA_TGAACGTTCGGTGCAC-1,rat,RA,gCAP,gCAP,endothelial,True,test
RA_TGAACGTTCTGTGTGA-1,rat,RA,gCAP,gCAP,endothelial,True,train
RA_TGAATCGAGGTTGGAC-1,rat,RA,gCAP,gCAP,endothelial,True,train
RA_TGAATGCAGAAGCTCG-1,rat,RA,gCAP,gCAP,endothelial,True,train
RA_TGAATGCAGGCAATGC-1,rat,RA,gCAP,gCAP,endothelial,True,train
RA_TGAATGCAGGTCACAG-1,rat,RA,gCAP,gCAP,endothelial,True,train
RA_TGAATGCCACCCTTGT-1,rat,RA,gCAP,gCAP,endothelial,True,train
RA_TGAATGCTCTAGAGCT-1,rat,RA,gCAP,gCAP,endothelial,True,train
RA_TGACCCTCACGACGAA-1,rat,RA,gCAP,gCAP,endothelial,True,train
RA_TGACCCTCAGAGGCAT-1,rat,RA,gCAP,gCAP,endothelial,True,train
RA_TGAGACTAGCGCCCAT-1,rat,RA,gCAP,gCAP,endothelial,True,train
RA_TGAGCATAGAATCGAT-1,rat,RA,gCAP,gCAP,endothelial,True,train
RA_TGAGCATCAACTGCCG-1,rat,RA,gCAP,gCAP,endothelial,True,train
RA_TGAGCATGTCGTGGAA-1,rat,RA,gCAP,gCAP,endothelial,True,train
RA_TGAGCGCGTAGGAAAG-1,rat,RA,gCAP,gCAP,endothelial,True,train
RA_TGAGGAGAGACAACAT-1,rat,RA,gCAP,gCAP,endothelial,True,train
RA_TGAGGAGAGCACGATG-1,rat,RA,gCAP,gCAP,endothelial,True,train
RA_TGAGGGAAGCGTTACT-1,rat,RA,gCAP,gCAP,endothelial,True,train
RA_TGAGGGACAGGGCTTC-1,rat,RA,gCAP,gCAP,endothelial,True,train
RA_TGAGGTTAGCAACTTC-1,rat,RA,gCAP,gCAP,endothelial,True,train
RA_TGAGGTTAGCCGTAAG-1,rat,RA,gCAP,gCAP,endothelial,True,train
RA_TGAGGTTAGCTGACCC-1,rat,RA,gCAP,gCAP,endothelial,True,train
RA_TGAGTCACATGGAATA-1,rat,RA,gCAP,gCAP,endothelial,True,train
RA_TGAGTCAGTTCGGACC-1,rat,RA,gCAP,gCAP,endothelial,True,train
RA_TGATCAGAGACATAAC-1,rat,RA,gCAP,gCAP,endothelial,True,train
RA_TGATCAGTCCATCTAT-1,rat,RA,gCAP,gCAP,endothelial,True,train
RA_TGATCTTAGAATCGAT-1,rat,RA,gCAP,gCAP,endothelial,True,train
RA_TGATCTTAGCGTTAGG-1,rat,RA,gCAP,gCAP,endothelial,True,train
RA_TGATCTTGTTTACCTT-1,rat,RA,gCAP,gCAP,endothelial,True,train
RA_TGATCTTTCTTTACAC-1,rat,RA,gCAP,gCAP,endothelial,True,train
RA_TGATGCAAGACCTCAT-1,rat,RA,gCAP,gCAP,endothelial,True,train
RA_TGATGCAAGAGAAGGT-1,rat,RA,gCAP,gCAP,endothelial,True,train
RA_TGATGGTCAAGGCCTC-1,rat,RA,gCAP,gCAP,endothelial,True,train
RA_TGATGGTCAGACCAGA-1,rat,RA,gCAP,gCAP,endothelial,True,train
RA_TGATGGTTCTGTCCGT-1,rat,RA,gCAP,gCAP,endothelial,True,train
RA_TGATTCTTCGCCTTTG-1,rat,RA,gCAP,gCAP,endothelial,True,train
RA_TGATTTCCACAAATCC-1,rat,RA,gCAP,gCAP,endothelial,True,train
RA_TGATTTCTCTGATGGT-1,rat,RA,gCAP,gCAP,endothelial,True,train
RA_TGCACGGCAGGACTTT-1,rat,RA,gCAP,gCAP,endothelial,True,train
RA_TGCAGATGTGAGCAGT-1,rat,RA,gCAP,gCAP,endothelial,True,train
RA_TGCAGGCCATTCGATG-1,rat,RA,gCAP,gCAP,endothelial,True,test
RA_TGCAGGCTCTCATAGG-1,rat,RA,gCAP,gCAP,endothelial,True,train
RA_TGCAGTAAGGTAGCAC-1,rat,RA,gCAP,gCAP,endothelial,True,train
RA_TGCAGTACACCTTCGT-1,rat,RA,gCAP,gCAP,endothelial,True,train
RA_TGCAGTATCGGCATTA-1,rat,RA,gCAP,gCAP,endothelial,True,train
RA_TGCAGTATCTACGGGC-1,rat,RA,gCAP,gCAP,endothelial,True,train
RA_TGCATCCCAACTTGGT-1,rat,RA,gCAP,gCAP,endothelial,True,train
RA_TGCATCCCAGCTGTTA-1,rat,RA,gCAP,gCAP,endothelial,True,train
RA_TGCATGAAGCCTCTCT-1,rat,RA,gCAP,gCAP,endothelial,True,train
RA_TGCATGAAGCGATTCT-1,rat,RA,gCAP,gCAP,endothelial,True,train
RA_TGCCGAGCAGCATTGT-1,rat,RA,gCAP,gCAP,endothelial,True,train
RA_TGCGATATCACTCCGT-1,rat,RA,gCAP,gCAP,endothelial,True,train
RA_TGCGGCAAGAAGCCAC-1,rat,RA,gCAP,gCAP,endothelial,True,train
RA_TGCGGGTTCAGAGTGG-1,rat,RA,gCAP,gCAP,endothelial,True,train
RA_TGCGGGTTCTTGTTAC-1,rat,RA,gCAP,gCAP,endothelial,True,train
RA_TGCTCCATCCGCCTAT-1,rat,RA,gCAP,gCAP,endothelial,True,train
RA_TGCTCGTAGTTCATCG-1,rat,RA,gCAP,gCAP,endothelial,True,train
RA_TGCTCGTCATGATGCT-1,rat,RA,gCAP,gCAP,endothelial,True,test
RA_TGCTGAAAGGTGATCG-1,rat,RA,gCAP,gCAP,endothelial,True,train
RA_TGCTTCGCAGTCACGC-1,rat,RA,gCAP,gCAP,endothelial,True,train
RA_TGGAACTCACTACCCT-1,rat,RA,gCAP,gCAP,endothelial,True,train
RA_TGGAACTCAGAATCGG-1,rat,RA,gCAP,gCAP,endothelial,True,test
RA_TGGAACTGTTAAGCAA-1,rat,RA,gCAP,gCAP,endothelial,True,train
RA_TGGAGAGTCTACCCAC-1,rat,RA,gCAP,gCAP,endothelial,True,train
RA_TGGATCAAGAGTTGCG-1,rat,RA,gCAP,gCAP,endothelial,True,train
RA_TGGATCACACCGAATT-1,rat,RA,gCAP,gCAP,endothelial,True,train
RA_TGGATCATCCCATAGA-1,rat,RA,gCAP,gCAP,endothelial,True,train
RA_TGGATGTGTCATCCCT-1,rat,RA,gCAP,gCAP,endothelial,True,train
RA_TGGATGTTCACCCTGT-1,rat,RA,gCAP,gCAP,endothelial,True,train
RA_TGGATGTTCCGTATAG-1,rat,RA,gCAP,gCAP,endothelial,True,test
RA_TGGCGTGAGTACCGGA-1,rat,RA,gCAP,gCAP,endothelial,True,train
RA_TGGCGTGCAAGTATCC-1,rat,RA,gCAP,gCAP,endothelial,True,train
RA_TGGGAGACAACTGAAA-1,rat,RA,gCAP,gCAP,endothelial,True,train
RA_TGGGATTAGAAGCGAA-1,rat,RA,gCAP,gCAP,endothelial,True,train
RA_TGGGATTAGCAGGCAT-1,rat,RA,gCAP,gCAP,endothelial,True,train
RA_TGGGATTTCCACTGGG-1,rat,RA,gCAP,gCAP,endothelial,True,train
RA_TGGGCGTTCCTAGAGT-1,rat,RA,gCAP,gCAP,endothelial,True,train
RA_TGGGCTGGTGCCGTTG-1,rat,RA,gCAP,gCAP,endothelial,True,train
RA_TGGGCTGTCCGAACGC-1,rat,RA,gCAP,gCAP,endothelial,True,test
RA_TGGGTTATCGTAATGC-1,rat,RA,gCAP,gCAP,endothelial,True,train
RA_TGGGTTATCTGGTGCG-1,rat,RA,gCAP,gCAP,endothelial,True,train
RA_TGGTACAAGAAATTCG-1,rat,RA,gCAP,gCAP,endothelial,True,train
RA_TGGTACAGTATAGCTC-1,rat,RA,gCAP,gCAP,endothelial,True,train
RA_TGTAACGCAAATACAG-1,rat,RA,gCAP,gCAP,endothelial,True,train
RA_TGTAACGGTAACTGCT-1,rat,RA,gCAP,gCAP,endothelial,True,test
RA_TGTAAGCAGGTACTGG-1,rat,RA,gCAP,gCAP,endothelial,True,train
RA_TGTACAGAGCTTAGTC-1,rat,RA,gCAP,gCAP,endothelial,True,test
RA_TGTACAGGTACCCACG-1,rat,RA,gCAP,gCAP,endothelial,True,train
RA_TGTACAGGTAGCTGCC-1,rat,RA,gCAP,gCAP,endothelial,True,train
RA_TGTACAGTCTAGCCTC-1,rat,RA,gCAP,gCAP,endothelial,True,test
RA_TGTACAGTCTCCCAAC-1,rat,RA,gCAP,gCAP,endothelial,True,train
RA_TGTAGACAGCTCCGAC-1,rat,RA,gCAP,gCAP,endothelial,True,train
RA_TGTCAGAGTCGAACAG-1,rat,RA,gCAP,gCAP,endothelial,True,test
RA_TGTCAGAGTCGGTGAA-1,rat,RA,gCAP,gCAP,endothelial,True,train
RA_TGTCCACAGACGTCCC-1,rat,RA,gCAP,gCAP,endothelial,True,train
RA_TGTCCCACATGTAACC-1,rat,RA,gCAP,gCAP,endothelial,True,train
RA_TGTCCTGCACGAAGAC-1,rat,RA,gCAP,gCAP,endothelial,True,train
RA_TGTCCTGCACTGCGAC-1,rat,RA,gCAP,gCAP,endothelial,True,train
RA_TGTGAGTTCCCTCATG-1,rat,RA,gCAP,gCAP,endothelial,True,train
RA_TGTGATGAGATGTTAG-1,rat,RA,gCAP,gCAP,endothelial,True,train
RA_TGTGATGCACAGTCCG-1,rat,RA,gCAP,gCAP,endothelial,True,train
RA_TGTGATGTCGGTAGAG-1,rat,RA,gCAP,gCAP,endothelial,True,train
RA_TGTGATGTCTGTCGCT-1,rat,RA,gCAP,gCAP,endothelial,True,train
RA_TGTGCGGAGTTCGCAT-1,rat,RA,gCAP,gCAP,endothelial,True,train
RA_TGTGCGGGTGGATGAC-1,rat,RA,gCAP,gCAP,endothelial,True,train
RA_TGTGGCGAGTCATCGT-1,rat,RA,gCAP,gCAP,endothelial,True,train
RA_TGTGGCGCAGTATACC-1,rat,RA,gCAP,gCAP,endothelial,True,train
RA_TGTGTGAAGCACGATG-1,rat,RA,gCAP,gCAP,endothelial,True,train
RA_TGTGTGAAGCATGCGA-1,rat,RA,gCAP,gCAP,endothelial,True,test
RA_TGTGTGACACACAGAG-1,rat,RA,gCAP,gCAP,endothelial,True,train
RA_TGTGTGATCATGGATC-1,rat,RA,gCAP,gCAP,endothelial,True,train
RA_TGTGTGATCCGGACTG-1,rat,RA,gCAP,gCAP,endothelial,True,train
RA_TGTTACTGTATGGAGC-1,rat,RA,gCAP,gCAP,endothelial,True,train
RA_TGTTACTGTTAGAAAC-1,rat,RA,gCAP,gCAP,endothelial,True,train
RA_TGTTCATGTATCACCA-1,rat,RA,gCAP,gCAP,endothelial,True,train
RA_TGTTCATGTCACTCAA-1,rat,RA,gCAP,gCAP,endothelial,True,train
RA_TGTTCCGGTCTACACA-1,rat,RA,gCAP,gCAP,endothelial,True,test
RA_TGTTCTAGTAGGCTGA-1,rat,RA,gCAP,gCAP,endothelial,True,train
RA_TGTTCTAGTCAAAGAT-1,rat,RA,gCAP,gCAP,endothelial,True,train
RA_TGTTGAGGTACGGTTT-1,rat,RA,gCAP,gCAP,endothelial,True,train
RA_TGTTGAGGTGTAACGG-1,rat,RA,gCAP,gCAP,endothelial,True,train
RA_TGTTGGACATGAAGCG-1,rat,RA,gCAP,gCAP,endothelial,True,train
RA_TGTTGGATCTATACTC-1,rat,RA,gCAP,gCAP,endothelial,True,train
RA_TGTTTGTAGGCCCGTT-1,rat,RA,gCAP,gCAP,endothelial,True,train
RA_TGTTTGTCATGGGAAC-1,rat,RA,gCAP,gCAP,endothelial,True,train
RA_TGTTTGTGTCGGCACT-1,rat,RA,gCAP,gCAP,endothelial,True,test
RA_TTAATCCTCACCGGTG-1,rat,RA,gCAP,gCAP,endothelial,True,train
RA_TTACCATAGGATTTAG-1,rat,RA,gCAP,gCAP,endothelial,True,test
RA_TTACCATCAAGTTCCA-1,rat,RA,gCAP,gCAP,endothelial,True,train
RA_TTACCATCAGGCTTGC-1,rat,RA,gCAP,gCAP,endothelial,True,train
RA_TTACCGCGTGAGGAAA-1,rat,RA,gCAP,gCAP,endothelial,True,train
RA_TTACGCCAGGTCACTT-1,rat,RA,gCAP,gCAP,endothelial,True,train
RA_TTACGCCCAATGTCTG-1,rat,RA,gCAP,gCAP,endothelial,True,train
RA_TTACGCCCAGCGAGTA-1,rat,RA,gCAP,gCAP,endothelial,True,train
RA_TTACGCCCATGTTCAG-1,rat,RA,gCAP,gCAP,endothelial,True,train
RA_TTACGCCGTAGGTCAG-1,rat,RA,gCAP,gCAP,endothelial,True,train
RA_TTACGTTAGAACCGCA-1,rat,RA,gCAP,gCAP,endothelial,True,train
RA_TTACTGTCACTGAGGA-1,rat,RA,gCAP,gCAP,endothelial,True,train
RA_TTAGGCAGTCATTCCC-1,rat,RA,gCAP,gCAP,endothelial,True,train
RA_TTAGGGTGTGTGTACT-1,rat,RA,gCAP,gCAP,endothelial,True,train
RA_TTAGTCTCATGACAGG-1,rat,RA,gCAP,gCAP,endothelial,True,train
RA_TTAGTCTTCGTGCGAC-1,rat,RA,gCAP,gCAP,endothelial,True,train
RA_TTCAATCGTAGCGTAG-1,rat,RA,gCAP,gCAP,endothelial,True,train
RA_TTCAATCGTCTCGCGA-1,rat,RA,gCAP,gCAP,endothelial,True,train
RA_TTCACCGGTCTACTGA-1,rat,RA,gCAP,gCAP,endothelial,True,train
RA_TTCACCGGTGTGTACT-1,rat,RA,gCAP,gCAP,endothelial,True,train
RA_TTCACGCAGATTGGGC-1,rat,RA,gCAP,gCAP,endothelial,True,train
RA_TTCAGGACAAAGGCTG-1,rat,RA,gCAP,gCAP,endothelial,True,train
RA_TTCATGTTCGGCCTTT-1,rat,RA,gCAP,gCAP,endothelial,True,train
RA_TTCATTGCATCGATCA-1,rat,RA,gCAP,gCAP,endothelial,True,test
RA_TTCCGGTTCACTGATG-1,rat,RA,gCAP,gCAP,endothelial,True,train
RA_TTCCTAAGTCGATTAC-1,rat,RA,gCAP,gCAP,endothelial,True,train
RA_TTCCTCTAGGCCCAAA-1,rat,RA,gCAP,gCAP,endothelial,True,train
RA_TTCCTCTTCTAACACG-1,rat,RA,gCAP,gCAP,endothelial,True,train
RA_TTCCTCTTCTCATTAC-1,rat,RA,gCAP,gCAP,endothelial,True,train
RA_TTCCTTCCACCTGCAG-1,rat,RA,gCAP,gCAP,endothelial,True,train
RA_TTCGATTTCCCTTTGG-1,rat,RA,gCAP,gCAP,endothelial,True,train
RA_TTCGGTCAGTTTCAGC-1,rat,RA,gCAP,gCAP,endothelial,True,train
RA_TTCTAGTCATGACGAG-1,rat,RA,gCAP,gCAP,endothelial,True,train
RA_TTCTCTCCACTGGCCA-1,rat,RA,gCAP,gCAP,endothelial,True,test
RA_TTCTCTCTCCGTGGGT-1,rat,RA,gCAP,gCAP,endothelial,True,train
RA_TTCTGTACACCTATCC-1,rat,RA,gCAP,gCAP,endothelial,True,train
RA_TTCTTCCGTGATCGTT-1,rat,RA,gCAP,gCAP,endothelial,True,train
RA_TTCTTCCGTGGGTTGA-1,rat,RA,gCAP,gCAP,endothelial,True,train
RA_TTCTTCCGTTGTCATG-1,rat,RA,gCAP,gCAP,endothelial,True,test
RA_TTCTTCCTCCGTCAAA-1,rat,RA,gCAP,gCAP,endothelial,True,train
RA_TTCTTGACAACCTAAC-1,rat,RA,gCAP,gCAP,endothelial,True,train
RA_TTCTTGATCGAGTGAG-1,rat,RA,gCAP,gCAP,endothelial,True,train
RA_TTGAACGGTGCACGCT-1,rat,RA,gCAP,gCAP,endothelial,True,train
RA_TTGACCCAGCCTGAGA-1,rat,RA,gCAP,gCAP,endothelial,True,train
RA_TTGACCCTCCTGTTGC-1,rat,RA,gCAP,gCAP,endothelial,True,test
RA_TTGAGTGAGCAGCCTC-1,rat,RA,gCAP,gCAP,endothelial,True,train
RA_TTGATGGCAGCTACTA-1,rat,RA,gCAP,gCAP,endothelial,True,train
RA_TTGATGGGTGCATCTA-1,rat,RA,gCAP,gCAP,endothelial,True,train
RA_TTGCATTAGTGTTGTC-1,rat,RA,gCAP,gCAP,endothelial,True,train
RA_TTGCCTGCAGGCGAAT-1,rat,RA,gCAP,gCAP,endothelial,True,train
RA_TTGCCTGGTCTCTCTG-1,rat,RA,gCAP,gCAP,endothelial,True,train
RA_TTGCTGCAGAGGGTAA-1,rat,RA,gCAP,gCAP,endothelial,True,train
RA_TTGCTGCGTATGAAGT-1,rat,RA,gCAP,gCAP,endothelial,True,train
RA_TTGGATGGTAACTTCG-1,rat,RA,gCAP,gCAP,endothelial,True,train
RA_TTGGATGGTATGAGAT-1,rat,RA,gCAP,gCAP,endothelial,True,test
RA_TTGGATGTCATGTCAG-1,rat,RA,gCAP,gCAP,endothelial,True,train
RA_TTGGGCGCAAAGGCAC-1,rat,RA,gCAP,gCAP,endothelial,True,train
RA_TTGGGTAAGGCTGGAT-1,rat,RA,gCAP,gCAP,endothelial,True,train
RA_TTGGGTAGTACCCGAC-1,rat,RA,gCAP,gCAP,endothelial,True,train
RA_TTGGTTTAGGTCGCCT-1,rat,RA,gCAP,gCAP,endothelial,True,train
RA_TTGTGGAAGCTAATCC-1,rat,RA,gCAP,gCAP,endothelial,True,train
RA_TTGTGGAAGGGCTTCC-1,rat,RA,gCAP,gCAP,endothelial,True,train
RA_TTGTGGACAACCCGCA-1,rat,RA,gCAP,gCAP,endothelial,True,train
RA_TTGTGGATCAGAGTTC-1,rat,RA,gCAP,gCAP,endothelial,True,train
RA_TTGTGTTAGCGCTTCG-1,rat,RA,gCAP,gCAP,endothelial,True,train
RA_TTGTGTTCAAATTGGA-1,rat,RA,gCAP,gCAP,endothelial,True,train
RA_TTGTTCAGTCTTCGAA-1,rat,RA,gCAP,gCAP,endothelial,True,test
RA_TTGTTCATCGCTACGG-1,rat,RA,gCAP,gCAP,endothelial,True,train
RA_TTGTTGTAGGCCATAG-1,rat,RA,gCAP,gCAP,endothelial,True,train
RA_TTGTTGTGTCATATGC-1,rat,RA,gCAP,gCAP,endothelial,True,train
RA_TTGTTGTGTCTTTCAT-1,rat,RA,gCAP,gCAP,endothelial,True,train
RA_TTGTTTGCACGGTCTG-1,rat,RA,gCAP,gCAP,endothelial,True,train
RA_TTGTTTGTCACCTTAT-1,rat,RA,gCAP,gCAP,endothelial,True,test
RA_TTTACCAAGCGCGTTC-1,rat,RA,gCAP,gCAP,endothelial,True,train
RA_TTTACCAAGTGGTTCT-1,rat,RA,gCAP,gCAP,endothelial,True,train
RA_TTTACCAGTCTGTCAA-1,rat,RA,gCAP,gCAP,endothelial,True,train
RA_TTTACCATCTACTGAG-1,rat,RA,gCAP,gCAP,endothelial,True,train
RA_TTTACGTGTATCTTCT-1,rat,RA,gCAP,gCAP,endothelial,True,train
RA_TTTACGTTCTATCGTT-1,rat,RA,gCAP,gCAP,endothelial,True,train
RA_TTTAGTCAGACTTCGT-1,rat,RA,gCAP,gCAP,endothelial,True,train
RA_TTTAGTCAGAGCTTTC-1,rat,RA,gCAP,gCAP,endothelial,True,train
RA_TTTAGTCCATCAACCA-1,rat,RA,gCAP,gCAP,endothelial,True,train
RA_TTTAGTCGTCAAAGCG-1,rat,RA,gCAP,gCAP,endothelial,True,train
RA_TTTATGCCAGGTCCGT-1,rat,RA,gCAP,gCAP,endothelial,True,train
RA_TTTATGCGTACCAATC-1,rat,RA,gCAP,gCAP,endothelial,True,train
RA_TTTATGCGTCAAGCCC-1,rat,RA,gCAP,gCAP,endothelial,True,train
RA_TTTCACAGTTCAGTAC-1,rat,RA,gCAP,gCAP,endothelial,True,train
RA_TTTCATGAGAAGCTCG-1,rat,RA,gCAP,gCAP,endothelial,True,train
RA_TTTCATGAGCTGCCAC-1,rat,RA,gCAP,gCAP,endothelial,True,train
RA_TTTCATGCACATGAAA-1,rat,RA,gCAP,gCAP,endothelial,True,train
RA_TTTCATGTCACAGTGT-1,rat,RA,gCAP,gCAP,endothelial,True,train
RA_TTTCCTCAGCGACATG-1,rat,RA,gCAP,gCAP,endothelial,True,train
RA_TTTCCTCCAATGAACA-1,rat,RA,gCAP,gCAP,endothelial,True,train
RA_TTTCGATGTAGGACCA-1,rat,RA,gCAP,gCAP,endothelial,True,train
RA_TTTCGATTCGTCCTTG-1,rat,RA,gCAP,gCAP,endothelial,True,train
RA_TTTGACTCACATGAAA-1,rat,RA,gCAP,gCAP,endothelial,True,train
RA_TTTGACTGTTCGGTAT-1,rat,RA,gCAP,gCAP,endothelial,True,train
RA_TTTGACTTCAGCCTTC-1,rat,RA,gCAP,gCAP,endothelial,True,train
RA_TTTGATCTCCCGTTGT-1,rat,RA,gCAP,gCAP,endothelial,True,train
RA_TTTGGTTAGGTCATTC-1,rat,RA,gCAP,gCAP,endothelial,True,train
RA_TTTGGTTAGTTGTAAG-1,rat,RA,gCAP,gCAP,endothelial,True,train
RA_TTTGTTGAGTACTGTC-1,rat,RA,gCAP,gCAP,endothelial,True,train
